y_test,y_prob_lr_wd,y_prob_lr_nd,y_prob_dt_wd,y_prob_dt_nd,y_pred_lr_wd,y_pred_lr_nd,y_pred_dt_wd,y_pred_dt_nd
0,0.03139753751121277,0.11065627250592848,0.07103470408429507,0.15659063436336962,0,0,0,0
0,0.04657004041516525,0.1723807951463735,0.13655988961459878,0.15659063436336962,0,0,0,0
0,0.08174204003705547,0.23063003935253698,0.13655988961459878,0.23888391686748214,0,0,0,0
0,0.019297143375105404,0.14585042634566078,0.13655988961459878,0.15659063436336962,0,0,0,0
0,0.2558007995971668,0.5376639170575445,0.07431499903070728,0.3978439138821537,0,1,0,0
0,0.12748206746789964,0.35645541662803876,0.7119238007333535,0.4568734218781583,0,0,1,0
0,0.08007338098921185,0.4135643752347314,0.07431499903070728,0.23888391686748214,0,0,0,0
1,0.9975330125405387,0.9539571058386952,0.8761146978001559,0.9479097084107246,1,1,1,1
0,0.237295882196364,0.4901222490758857,0.07431499903070728,0.701098738389222,0,0,0,1
0,0.18573787481925813,0.4391603334804332,0.07431499903070728,0.701098738389222,0,0,0,1
0,0.008194690367108614,0.11707971686362459,0.07431499903070728,0.15659063436336962,0,0,0,0
0,0.3905012934998107,0.4319207392656435,0.4472301288753701,0.3978439138821537,0,0,0,0
0,0.3756667713285347,0.4882795574628739,0.13655988961459878,0.3978439138821537,0,0,0,0
0,0.025234150895045895,0.2324664120592364,0.07431499903070728,0.23888391686748214,0,0,0,0
0,0.5601019977719798,0.4855240877936177,0.4472301288753701,0.3978439138821537,1,0,0,0
0,0.1451640325858775,0.4575067595950012,0.07431499903070728,0.3978439138821537,0,0,0,0
0,0.33444581694180686,0.21441128790610317,0.624061140007934,0.2909786896464161,0,0,1,0
0,0.07345592086723397,0.3183021603582316,0.07431499903070728,0.701098738389222,0,0,0,1
1,0.8702792707594449,0.8524466101651931,0.7119238007333535,0.701098738389222,1,1,1,1
0,0.011586836191545564,0.16021734065386065,0.07431499903070728,0.15659063436336962,0,0,0,0
0,0.1738083781323102,0.4754258960780577,0.07431499903070728,0.37265323151672886,0,0,0,0
0,0.07079128475584766,0.4386594709563763,0.07431499903070728,0.3978439138821537,0,0,0,0
0,0.7232217351654365,0.5780312329168357,0.7119238007333535,0.701098738389222,1,1,1,1
0,0.08160292447851661,0.34871643729965185,0.07431499903070728,0.37265323151672886,0,0,0,0
0,0.6003109761949951,0.8586299784389796,0.7563345524221652,0.9269601406234662,1,1,1,1
0,0.06459702436616087,0.1895862868673442,0.07103470408429507,0.15659063436336962,0,0,0,0
0,0.3941630869849341,0.7085039526801349,0.07431499903070728,0.701098738389222,0,1,0,1
0,0.07228827539577158,0.28197843411215284,0.07431499903070728,0.701098738389222,0,0,0,1
0,0.09999199704584776,0.322943762236093,0.07431499903070728,0.3978439138821537,0,0,0,0
0,0.14999451897437763,0.3751679348648422,0.043146073851833694,0.2909786896464161,0,0,0,0
0,0.7580015151090312,0.8291099662175155,0.7512025309012217,0.3978439138821537,1,1,1,0
0,0.04548632430124375,0.17443663339339288,0.13655988961459878,0.15659063436336962,0,0,0,0
0,0.17176533622793655,0.24075803079039154,0.07103470408429507,0.2909786896464161,0,0,0,0
0,0.46193248207217835,0.6718273301434791,0.07431499903070728,0.701098738389222,0,1,0,1
0,0.14928947058637618,0.390701861354998,0.13655988961459878,0.3978439138821537,0,0,0,0
0,0.05417578921481989,0.2063653496131552,0.13655988961459878,0.2909786896464161,0,0,0,0
0,0.9696408269122452,0.9648873204224049,0.7563345524221652,0.9479097084107246,1,1,1,1
0,0.1405148490876448,0.289316442784943,0.13655988961459878,0.3978439138821537,0,0,0,0
0,0.9145648003853808,0.639321337762887,0.7119238007333535,0.701098738389222,1,1,1,1
0,0.34093303685709897,0.6415836362989268,0.13655988961459878,0.8919618540568964,0,1,0,1
0,0.2140618188251233,0.3575049761697332,0.13655988961459878,0.3978439138821537,0,0,0,0
0,0.8918510459600161,0.5058227929443626,0.8761146978001559,0.37265323151672886,1,1,1,0
0,0.26831542622198573,0.46392294590345895,0.07431499903070728,0.701098738389222,0,0,0,1
0,0.010853508489319421,0.11259378025579407,0.13655988961459878,0.15659063436336962,0,0,0,0
0,0.10870996466844608,0.3161758195124466,0.07431499903070728,0.3978439138821537,0,0,0,0
0,0.03642340424914133,0.23659306956649576,0.07431499903070728,0.23888391686748214,0,0,0,0
0,0.21558610561995922,0.47040465809580234,0.043146073851833694,0.23888391686748214,0,0,0,0
1,0.8451794350512971,0.4344719814814187,0.8761146978001559,0.3978439138821537,1,0,1,0
0,0.31030818751197925,0.5492231827827643,0.07431499903070728,0.3978439138821537,0,1,0,0
0,0.21023716949943258,0.46274281683807206,0.5234187052694159,0.4568734218781583,0,0,1,0
0,0.4710320916642032,0.5726133566004816,0.7119238007333535,0.701098738389222,0,1,1,1
0,0.43723756862793184,0.7500264060428165,0.07431499903070728,0.701098738389222,0,1,0,1
0,0.2043341438452886,0.34458006901303245,0.07103470408429507,0.23888391686748214,0,0,0,0
0,0.7950910300273673,0.46642480849342594,0.7849054919390522,0.3978439138821537,1,0,1,0
0,0.04869008999155123,0.23998708994750553,0.07431499903070728,0.2909786896464161,0,0,0,0
0,0.40812148449989444,0.4576262782674228,0.07103470408429507,0.2909786896464161,0,0,0,0
0,0.1124054894374681,0.4030440168760202,0.07431499903070728,0.3978439138821537,0,0,0,0
0,0.1700540410697781,0.1723910112987443,0.07103470408429507,0.15659063436336962,0,0,0,0
0,0.32845370246779937,0.4137846390936319,0.7119238007333535,0.37265323151672886,0,0,1,0
0,0.17366068634021214,0.4984504668875767,0.07431499903070728,0.3978439138821537,0,0,0,0
0,0.060835639736302724,0.3714842049708117,0.07431499903070728,0.3978439138821537,0,0,0,0
0,0.19043868103826492,0.47680175607132336,0.07431499903070728,0.37265323151672886,0,0,0,0
1,0.9397210646386832,0.938437292671323,0.9369658288621653,0.9479097084107246,1,1,1,1
0,0.035940368964193135,0.17363573803603521,0.13655988961459878,0.15659063436336962,0,0,0,0
0,0.093538993399102,0.2531932573696632,0.07103470408429507,0.15659063436336962,0,0,0,0
0,0.697466810713772,0.6337009188879885,0.4472301288753701,0.3978439138821537,1,1,0,0
0,0.012963532048774647,0.18784022892882518,0.07431499903070728,0.3978439138821537,0,0,0,0
0,0.4518964071170251,0.7142132567298477,0.07431499903070728,0.701098738389222,0,1,0,1
0,0.7510846909912817,0.6744944657321643,0.4472301288753701,0.3978439138821537,1,1,0,0
0,0.17763410874984148,0.5392241484473991,0.07431499903070728,0.3978439138821537,0,1,0,0
0,0.5156275851745459,0.5104112349384522,0.07103470408429507,0.2909786896464161,1,1,0,0
0,0.10539115900929222,0.2810375435197414,0.07103470408429507,0.2909786896464161,0,0,0,0
0,0.02475686121863991,0.1612117236320493,0.07431499903070728,0.15659063436336962,0,0,0,0
0,0.13957932737185869,0.354000951493669,0.13655988961459878,0.3978439138821537,0,0,0,0
0,0.09251088056785153,0.42338097570275995,0.07431499903070728,0.4568734218781583,0,0,0,0
0,0.5968019215403838,0.6713988936679849,0.13655988961459878,0.808688118677574,1,1,0,1
0,0.947468358000383,0.7841418106622293,0.7849054919390522,0.701098738389222,1,1,1,1
0,0.21539846410861976,0.48008296155757546,0.07431499903070728,0.37265323151672886,0,0,0,0
0,0.720383113730976,0.3438435616805532,0.624061140007934,0.2909786896464161,1,0,1,0
0,0.3583951017984151,0.4658310351812023,0.7119238007333535,0.701098738389222,0,0,1,1
0,0.08322333023081357,0.3796719570525269,0.07431499903070728,0.2909786896464161,0,0,0,0
1,0.9869793060081292,0.5586263863600426,0.9249893275964554,0.701098738389222,1,1,1,1
0,0.12488516333599012,0.24196396388257208,0.07103470408429507,0.23888391686748214,0,0,0,0
0,0.487210467352761,0.4902764100545348,0.13655988961459878,0.3978439138821537,0,0,0,0
0,0.8010633834998551,0.2770888676540214,0.7616858140337348,0.23888391686748214,1,0,1,0
0,0.040055542083754454,0.20495026547769946,0.07431499903070728,0.3978439138821537,0,0,0,0
0,0.32370695010223316,0.5272668383717538,0.4472301288753701,0.3978439138821537,0,1,0,0
0,0.19659810617735493,0.5061501384211103,0.07431499903070728,0.3978439138821537,0,1,0,0
0,0.046954450528864884,0.21359207977142683,0.13655988961459878,0.2909786896464161,0,0,0,0
0,0.036626066729817226,0.10773934553418046,0.7849054919390522,0.3978439138821537,0,0,1,0
0,0.6156110385825301,0.18238375740228818,0.7616858140337348,0.23888391686748214,1,0,1,0
0,0.9159957006830322,0.586749154933304,0.7119238007333535,0.701098738389222,1,1,1,1
1,0.99990563476066,0.9658167869716664,0.9249893275964554,0.9479097084107246,1,1,1,1
0,0.16355285330283645,0.4019680387779945,0.5234187052694159,0.37265323151672886,0,0,1,0
0,0.371669627369114,0.3496084492564116,0.4472301288753701,0.3978439138821537,0,0,0,0
1,0.6613159114648187,0.48143006161297264,0.7119238007333535,0.701098738389222,1,0,1,1
1,0.8665595909140514,0.8849086769921282,0.9369658288621653,0.9479097084107246,1,1,1,1
1,0.2802323727155722,0.32991787351844737,0.4472301288753701,0.3978439138821537,0,0,0,0
0,0.4412433875119091,0.4624674756643175,0.07103470408429507,0.2909786896464161,0,0,0,0
0,0.5767912030079593,0.7067571909454141,0.07431499903070728,0.701098738389222,1,1,0,1
0,0.34511570304063366,0.49468850112251406,0.4472301288753701,0.3978439138821537,0,0,0,0
0,0.14193468887571117,0.41242543045510993,0.5234187052694159,0.37265323151672886,0,0,1,0
0,0.061523007378074056,0.30114916599304165,0.07431499903070728,0.2909786896464161,0,0,0,0
0,0.32164055549613013,0.3000911574145485,0.7849054919390522,0.3978439138821537,0,0,1,0
0,0.03988000222066367,0.21756057736033194,0.07431499903070728,0.2909786896464161,0,0,0,0
0,0.3751224342783833,0.5512891777658114,0.13655988961459878,0.3978439138821537,0,1,0,0
0,0.12598939605482073,0.46401394375331934,0.07431499903070728,0.3978439138821537,0,0,0,0
0,0.2656739983832267,0.36779003415415407,0.07103470408429507,0.2909786896464161,0,0,0,0
0,0.10154734624883684,0.43713911144062245,0.07431499903070728,0.37265323151672886,0,0,0,0
0,0.28730553645595525,0.4653792653887534,0.07431499903070728,0.3978439138821537,0,0,0,0
0,0.4677728406212192,0.5899242292027346,0.5234187052694159,0.37265323151672886,0,1,1,0
0,0.3639721893407378,0.3503040999305453,0.7849054919390522,0.4568734218781583,0,0,1,0
0,0.036897257422643714,0.2557944920966949,0.07431499903070728,0.2909786896464161,0,0,0,0
0,0.19760030817600807,0.2598576766977843,0.4472301288753701,0.3978439138821537,0,0,0,0
0,0.18446143493199238,0.3658764961756032,0.13655988961459878,0.3978439138821537,0,0,0,0
0,0.11281937248855094,0.4715148246920045,0.07431499903070728,0.3978439138821537,0,0,0,0
0,0.014447422870585532,0.12322407846886743,0.13655988961459878,0.23888391686748214,0,0,0,0
0,0.061295943589720195,0.3024599128920781,0.07431499903070728,0.3978439138821537,0,0,0,0
0,0.589877642786253,0.481881977600839,0.641289481962736,0.23888391686748214,1,0,1,0
0,0.7005005026071467,0.6431876430548121,0.7119238007333535,0.701098738389222,1,1,1,1
0,0.31376168275911,0.49232263168062607,0.13655988961459878,0.3978439138821537,0,0,0,0
0,0.6510659458929726,0.7380496214744435,0.13655988961459878,0.3978439138821537,1,1,0,0
0,0.1367305795205844,0.34261915171880136,0.07431499903070728,0.3978439138821537,0,0,0,0
0,0.13889221603601914,0.42826971273004955,0.07431499903070728,0.701098738389222,0,0,0,1
0,0.015817929374789562,0.1034417800928925,0.07103470408429507,0.15659063436336962,0,0,0,0
0,0.04445090284321539,0.23556003480540397,0.13655988961459878,0.3978439138821537,0,0,0,0
0,0.03450330311848632,0.28251394802266366,0.07431499903070728,0.3978439138821537,0,0,0,0
0,0.21655301383602796,0.4216920855600567,0.4472301288753701,0.3978439138821537,0,0,0,0
0,0.27293608686997556,0.3872841527413041,0.5234187052694159,0.37265323151672886,0,0,1,0
0,0.3554833728895387,0.4351058546102069,0.7119238007333535,0.701098738389222,0,0,1,1
0,0.046363225095964376,0.4336240631855049,0.07431499903070728,0.3978439138821537,0,0,0,0
0,0.027764343046322526,0.18274103604595415,0.13655988961459878,0.15659063436336962,0,0,0,0
0,0.02475900449155377,0.2540331813618933,0.07431499903070728,0.3978439138821537,0,0,0,0
0,0.055015474939825504,0.3292798611884096,0.07431499903070728,0.3978439138821537,0,0,0,0
0,0.11498917707436906,0.4077234332729199,0.13655988961459878,0.3978439138821537,0,0,0,0
0,0.15256218643923045,0.46961816339803725,0.07431499903070728,0.23888391686748214,0,0,0,0
0,0.13942461215952542,0.31992031546654254,0.043146073851833694,0.2909786896464161,0,0,0,0
1,0.8935221410205777,0.6219531958702952,0.7849054919390522,0.701098738389222,1,1,1,1
1,0.7899584718618722,0.8418006576340301,0.9369658288621653,0.9269601406234662,1,1,1,1
0,0.10085006040074433,0.17075459906529705,0.07103470408429507,0.15659063436336962,0,0,0,0
1,0.9361736960504018,0.8409159727001196,0.7119238007333535,0.701098738389222,1,1,1,1
0,0.1937084060628265,0.4479225434532283,0.13655988961459878,0.3978439138821537,0,0,0,0
0,0.942367313639094,0.5830302059846836,0.8761146978001559,0.37265323151672886,1,1,1,0
0,0.07028694395801595,0.24646896173179544,0.5234187052694159,0.37265323151672886,0,0,1,0
0,0.06466896797345814,0.31045468365980794,0.13655988961459878,0.3978439138821537,0,0,0,0
1,0.7937345612568152,0.7718096685980447,0.7119238007333535,0.701098738389222,1,1,1,1
1,0.9509767991210211,0.43229032397939027,0.9249893275964554,0.3978439138821537,1,0,1,0
1,0.7127086169177382,0.6516453995660604,0.5234187052694159,0.701098738389222,1,1,1,1
0,0.044020936190633526,0.2924929933558383,0.07431499903070728,0.37265323151672886,0,0,0,0
0,0.19890829988177866,0.45324828767360936,0.07431499903070728,0.6545986309349229,0,0,0,1
0,0.19572311206004145,0.44003995737996443,0.5234187052694159,0.4568734218781583,0,0,1,0
0,0.9995183594011466,0.5058034351508323,0.9249893275964554,0.701098738389222,1,1,1,1
0,0.4965856706074807,0.3952192225422413,0.07103470408429507,0.23888391686748214,0,0,0,0
0,0.29130748467368234,0.4606257408041844,0.13655988961459878,0.3978439138821537,0,0,0,0
1,0.9997388766892139,0.41184618883112123,0.9249893275964554,0.37265323151672886,1,0,1,0
0,0.2916684616641786,0.4732120657537259,0.5234187052694159,0.37265323151672886,0,0,1,0
0,0.3019939334902806,0.5590053434003198,0.5234187052694159,0.6545986309349229,0,1,1,1
0,0.12653662034302854,0.301881360659627,0.5234187052694159,0.37265323151672886,0,0,1,0
1,0.923442678430329,0.9272570176621454,0.9602234262685618,0.9479097084107246,1,1,1,1
0,0.6951606129525416,0.30713474983663536,0.624061140007934,0.7438003055596957,1,0,1,1
1,0.7752333332745242,0.6610723578647775,0.7119238007333535,0.701098738389222,1,1,1,1
0,0.5901245081114473,0.5856148716179922,0.13655988961459878,0.3978439138821537,1,1,0,0
0,0.339491725549022,0.4948547497211303,0.13655988961459878,0.3978439138821537,0,0,0,0
0,0.15119667214170512,0.4045497559038134,0.07431499903070728,0.3978439138821537,0,0,0,0
0,0.1318729273777296,0.40778967338310773,0.13655988961459878,0.3978439138821537,0,0,0,0
0,0.5324210838640617,0.4251706008153699,0.4472301288753701,0.3978439138821537,1,0,0,0
0,0.3588378502631392,0.5092786771628262,0.13655988961459878,0.3978439138821537,0,1,0,0
0,0.022023033329229565,0.20205309137499305,0.13655988961459878,0.2909786896464161,0,0,0,0
0,0.11320946986471289,0.41017862904024927,0.07431499903070728,0.3978439138821537,0,0,0,0
0,0.2113184112159683,0.5087552568604183,0.07431499903070728,0.6545986309349229,0,1,0,1
0,0.08276998761859104,0.508352590297757,0.07431499903070728,0.3978439138821537,0,1,0,0
0,0.06830324223675055,0.15576324388869964,0.07103470408429507,0.23888391686748214,0,0,0,0
0,0.19806096683437027,0.4224000197526434,0.13655988961459878,0.3978439138821537,0,0,0,0
0,0.04072042223358838,0.17866173847725283,0.13655988961459878,0.15659063436336962,0,0,0,0
1,0.9657188377162887,0.6203538897729132,0.8761146978001559,0.701098738389222,1,1,1,1
0,0.5327147605102278,0.5545835702630965,0.4472301288753701,0.3978439138821537,1,1,0,0
0,0.15214929071175587,0.2818354313606203,0.7119238007333535,0.4568734218781583,0,0,1,0
0,0.17696859230735812,0.5339596284905892,0.07431499903070728,0.37265323151672886,0,1,0,0
0,0.2671722518558122,0.4463761785576471,0.7119238007333535,0.4568734218781583,0,0,1,0
0,0.05058511323699503,0.2753607158794559,0.07431499903070728,0.2909786896464161,0,0,0,0
0,0.04445272194640153,0.18949256676586648,0.13655988961459878,0.15659063436336962,0,0,0,0
0,0.13264172197469756,0.2097196490046677,0.07103470408429507,0.15659063436336962,0,0,0,0
0,0.34814586327387104,0.4916389282735115,0.5234187052694159,0.701098738389222,0,0,1,1
0,0.1720609006726002,0.4267593786286082,0.13655988961459878,0.3978439138821537,0,0,0,0
0,0.12698563094060386,0.2766579300535384,0.4472301288753701,0.3978439138821537,0,0,0,0
0,0.06249369657485039,0.16507229517717228,0.13655988961459878,0.15659063436336962,0,0,0,0
0,0.12208420739719962,0.3745126674649981,0.07431499903070728,0.2909786896464161,0,0,0,0
1,0.9063624346880718,0.9541700779488949,0.7563345524221652,0.9479097084107246,1,1,1,1
1,0.8070563322393927,0.8055111562945241,0.9369658288621653,0.7155948913287025,1,1,1,1
0,0.07054102479139994,0.21777025981536627,0.13655988961459878,0.2909786896464161,0,0,0,0
1,0.9982404568476141,0.49920279207576446,0.9249893275964554,0.8919618540568964,1,0,1,1
0,0.019626085556562256,0.1681032962552821,0.07431499903070728,0.15659063436336962,0,0,0,0
0,0.016072163884776294,0.1471294688272292,0.07431499903070728,0.15659063436336962,0,0,0,0
0,0.026323991270258862,0.22388566613494096,0.07431499903070728,0.2909786896464161,0,0,0,0
1,0.8505622525641883,0.43469607197990867,0.8761146978001559,0.37265323151672886,1,0,1,0
0,0.1462821789019094,0.29420529419144836,0.13655988961459878,0.3978439138821537,0,0,0,0
0,0.05882639324903536,0.13675589336101304,0.07103470408429507,0.15659063436336962,0,0,0,0
0,0.15316809579328822,0.38543465969826957,0.07431499903070728,0.3978439138821537,0,0,0,0
0,0.010666000954322978,0.1618321453947022,0.07431499903070728,0.15659063436336962,0,0,0,0
0,0.01782652443076504,0.19931891408260252,0.07431499903070728,0.15659063436336962,0,0,0,0
0,0.04949495557133486,0.21127310181583614,0.13655988961459878,0.2909786896464161,0,0,0,0
0,0.49811611417680557,0.567242524062717,0.13655988961459878,0.3978439138821537,0,1,0,0
0,0.24137729274737896,0.488682568145177,0.5234187052694159,0.701098738389222,0,0,1,1
0,0.11591664742618683,0.36276319418260816,0.07431499903070728,0.23888391686748214,0,0,0,0
1,0.6925516307289047,0.5583683857318542,0.4472301288753701,0.3978439138821537,1,1,0,0
0,0.023321394555327172,0.14224276350274234,0.13655988961459878,0.2909786896464161,0,0,0,0
0,0.3304640467204647,0.4471931167562852,0.4472301288753701,0.3978439138821537,0,0,0,0
1,0.5238268904578872,0.5431366997820177,0.5234187052694159,0.701098738389222,1,1,1,1
0,0.01117764041895227,0.13658235790067655,0.07431499903070728,0.15659063436336962,0,0,0,0
0,0.5754605889194989,0.7265632516587235,0.5234187052694159,0.701098738389222,1,1,1,1
0,0.0208848986316108,0.1508525092686011,0.13655988961459878,0.2909786896464161,0,0,0,0
0,0.03479414714117647,0.17210961185468523,0.13655988961459878,0.15659063436336962,0,0,0,0
0,0.4590941081120206,0.5993714643609809,0.13655988961459878,0.3978439138821537,0,1,0,0
0,0.035729671774794254,0.17694474380907932,0.13655988961459878,0.15659063436336962,0,0,0,0
0,0.05935814896053117,0.12725646625088022,0.07103470408429507,0.15659063436336962,0,0,0,0
1,0.7618980086417543,0.6522189718752908,0.7119238007333535,0.701098738389222,1,1,1,1
0,0.17794588496445837,0.5134787507657143,0.07431499903070728,0.3978439138821537,0,1,0,0
1,0.38982585479731663,0.22712114041824014,0.33476237395442404,0.15659063436336962,0,0,0,0
1,0.479198530562991,0.6437804622404015,0.7119238007333535,0.4568734218781583,0,1,1,0
0,0.1265716688884926,0.43018264107396254,0.07431499903070728,0.23888391686748214,0,0,0,0
0,0.12211561586098052,0.2012113684525394,0.07103470408429507,0.2909786896464161,0,0,0,0
0,0.009474220215073872,0.15076248147742513,0.07431499903070728,0.3978439138821537,0,0,0,0
0,0.0777469597686733,0.3432128630529767,0.07431499903070728,0.3978439138821537,0,0,0,0
0,0.02031776616695938,0.1958124555302669,0.07431499903070728,0.15659063436336962,0,0,0,0
0,0.018972678168473853,0.15983996642904072,0.07431499903070728,0.15659063436336962,0,0,0,0
1,0.4012978754485699,0.43074022062599027,0.4472301288753701,0.3978439138821537,0,0,0,0
0,0.4863429480224402,0.5199972867466305,0.7119238007333535,0.37265323151672886,0,1,1,0
0,0.29798489857829363,0.5094421412425265,0.5234187052694159,0.37265323151672886,0,1,1,0
0,0.6550569368114171,0.2918158501282212,0.7616858140337348,0.2909786896464161,1,0,1,0
0,0.14784007472344254,0.3959256139125824,0.13655988961459878,0.3978439138821537,0,0,0,0
0,0.15186239231195853,0.491523425172346,0.5234187052694159,0.4568734218781583,0,0,1,0
0,0.2553333673004361,0.5281901099667765,0.5234187052694159,0.4568734218781583,0,1,1,0
0,0.034271592038902544,0.24962885816776634,0.07431499903070728,0.37265323151672886,0,0,0,0
0,0.3720174583247494,0.6662097064129702,0.13655988961459878,0.808688118677574,0,1,0,1
0,0.20084662481364537,0.48934618907183713,0.07431499903070728,0.37265323151672886,0,0,0,0
0,0.06474397584174332,0.25839238509013057,0.07431499903070728,0.15659063436336962,0,0,0,0
0,0.06400403985003142,0.2815552563709648,0.07431499903070728,0.2909786896464161,0,0,0,0
0,0.2513030247729527,0.5888524426137072,0.07431499903070728,0.701098738389222,0,1,0,1
0,0.2919896620952813,0.41055791515549056,0.07103470408429507,0.23888391686748214,0,0,0,0
0,0.12391996275882342,0.2895963813909558,0.4472301288753701,0.3978439138821537,0,0,0,0
0,0.12534528551607388,0.24019248677173757,0.07103470408429507,0.15659063436336962,0,0,0,0
0,0.11748757456389959,0.302287170230823,0.5234187052694159,0.4568734218781583,0,0,1,0
0,0.12394077172632026,0.3766778008520914,0.043146073851833694,0.23888391686748214,0,0,0,0
0,0.6222449858810498,0.7231860526594849,0.07431499903070728,0.701098738389222,1,1,0,1
0,0.5350262509003372,0.19503027946337861,0.7616858140337348,0.15659063436336962,1,0,1,0
0,0.822368131412718,0.6016462991237534,0.7119238007333535,0.701098738389222,1,1,1,1
0,0.1521568828173104,0.4594429041749249,0.13655988961459878,0.3978439138821537,0,0,0,0
0,0.10252516355370166,0.33699260416427074,0.07431499903070728,0.3978439138821537,0,0,0,0
0,0.5360400198715662,0.7189931425824861,0.4986819481082508,0.3978439138821537,1,1,0,0
0,0.13706304800952776,0.328369338403807,0.13655988961459878,0.2909786896464161,0,0,0,0
0,0.24600926049528352,0.5948043333625744,0.07431499903070728,0.701098738389222,0,1,0,1
0,0.9560628482337461,0.6342884852915045,0.8761146978001559,0.701098738389222,1,1,1,1
0,0.191488634778317,0.40448308933588495,0.7119238007333535,0.37265323151672886,0,0,1,0
0,0.04811521757339727,0.1864730044169701,0.13655988961459878,0.15659063436336962,0,0,0,0
1,0.6085358354727101,0.4147995270811268,0.7849054919390522,0.3978439138821537,1,0,1,0
0,0.06258659296899738,0.28576304367787303,0.07431499903070728,0.2909786896464161,0,0,0,0
0,0.3597909374643619,0.41868617470347247,0.07103470408429507,0.23888391686748214,0,0,0,0
1,0.29297288751145445,0.34647860344592846,0.7119238007333535,0.4568734218781583,0,0,1,0
0,0.05002743908559861,0.277507645891837,0.07431499903070728,0.2909786896464161,0,0,0,0
0,0.048258623682940135,0.2956900553659133,0.07431499903070728,0.3978439138821537,0,0,0,0
0,0.12586069391673416,0.17697159117645017,0.07103470408429507,0.15659063436336962,0,0,0,0
0,0.281423102468907,0.5122559559622198,0.5234187052694159,0.37265323151672886,0,1,1,0
0,0.35103091409353915,0.4504538838482326,0.7119238007333535,0.4568734218781583,0,0,1,0
1,0.9823475322942818,0.9763162510632852,0.9602234262685618,0.9479097084107246,1,1,1,1
0,0.6121783927572151,0.7293499506050282,0.5234187052694159,0.701098738389222,1,1,1,1
0,0.046678492735858154,0.30082546905082047,0.07431499903070728,0.2909786896464161,0,0,0,0
0,0.9659440695878678,0.4234474636357266,0.8797509975750424,0.2909786896464161,1,0,1,0
1,0.8984993415525103,0.4928705351457984,0.8761146978001559,0.37265323151672886,1,0,1,0
0,0.10496188081120007,0.35003997605846116,0.13655988961459878,0.3978439138821537,0,0,0,0
0,0.4382465067435319,0.45680061596817884,0.4472301288753701,0.3978439138821537,0,0,0,0
0,0.13741302764620042,0.43047377926124414,0.07431499903070728,0.2909786896464161,0,0,0,0
1,0.9854169521080254,0.4280943406082436,0.9249893275964554,0.701098738389222,1,0,1,1
0,0.33415040119973405,0.3793620029659085,0.07103470408429507,0.23888391686748214,0,0,0,0
0,0.07844060017774293,0.2609754160483921,0.13655988961459878,0.2909786896464161,0,0,0,0
0,0.05962165774720402,0.230265996406379,0.13655988961459878,0.15659063436336962,0,0,0,0
0,0.35771344740119126,0.488862403813401,0.13655988961459878,0.3978439138821537,0,0,0,0
0,0.6689144960695209,0.6751208980863133,0.7119238007333535,0.701098738389222,1,1,1,1
0,0.8782001123798591,0.8907504690834606,0.9369658288621653,0.9479097084107246,1,1,1,1
1,0.9753163833037367,0.3867791201108456,0.8797509975750424,0.23888391686748214,1,0,1,0
0,0.15513881580262057,0.48835012921944254,0.07431499903070728,0.3978439138821537,0,0,0,0
0,0.13344033349004733,0.5405188409718573,0.07431499903070728,0.4568734218781583,0,1,0,0
0,0.23837378157413722,0.42130609472615504,0.13655988961459878,0.3978439138821537,0,0,0,0
0,0.08455324513978218,0.3937701239439587,0.07431499903070728,0.3978439138821537,0,0,0,0
1,0.6934055175429494,0.8362880253429124,0.7563345524221652,0.9269601406234662,1,1,1,1
0,0.44666563777482315,0.43289466069452515,0.4472301288753701,0.3978439138821537,0,0,0,0
0,0.013760202871481065,0.16379556344055513,0.07431499903070728,0.15659063436336962,0,0,0,0
0,0.24469666741637822,0.395123832907878,0.5234187052694159,0.701098738389222,0,0,1,1
0,0.20027604720702055,0.553045855800216,0.4986819481082508,0.3978439138821537,0,1,0,0
0,0.022504590984832692,0.1904260708948068,0.07431499903070728,0.15659063436336962,0,0,0,0
0,0.009966324902638464,0.13639071133680558,0.07431499903070728,0.15659063436336962,0,0,0,0
1,0.05035837245660248,0.2989404112296948,0.07431499903070728,0.2909786896464161,0,0,0,0
0,0.08252421792465842,0.38518897289391635,0.07431499903070728,0.3978439138821537,0,0,0,0
0,0.32296934827915347,0.293477476883161,0.7849054919390522,0.3978439138821537,0,0,1,0
0,0.10655810655775871,0.1815023185203085,0.07103470408429507,0.15659063436336962,0,0,0,0
0,0.20552760416659127,0.49571337304651975,0.5234187052694159,0.4568734218781583,0,0,1,0
0,0.5219420998749525,0.4904364633700824,0.7119238007333535,0.701098738389222,1,0,1,1
0,0.029364699410690295,0.22943224976192192,0.07431499903070728,0.2909786896464161,0,0,0,0
0,0.1698116407952894,0.5744032927462653,0.07431499903070728,0.3978439138821537,0,1,0,0
0,0.06837770751976725,0.15140583876372668,0.07103470408429507,0.2909786896464161,0,0,0,0
0,0.08027013892846784,0.3265243819497815,0.07431499903070728,0.3978439138821537,0,0,0,0
0,0.353583831341746,0.4104447734099637,0.4472301288753701,0.3978439138821537,0,0,0,0
0,0.16188490860790145,0.5652364835880535,0.07431499903070728,0.3978439138821537,0,1,0,0
0,0.13247162336971383,0.3781721803726855,0.07431499903070728,0.37265323151672886,0,0,0,0
0,0.7401763844262174,0.8138240227536554,0.5234187052694159,0.701098738389222,1,1,1,1
1,0.6883053693134876,0.6427208437384266,0.7119238007333535,0.701098738389222,1,1,1,1
0,0.2264005023622384,0.39054243139822065,0.07431499903070728,0.3978439138821537,0,0,0,0
0,0.11040243219217208,0.29251342067287556,0.043146073851833694,0.15659063436336962,0,0,0,0
0,0.6077001225784087,0.7672262664721979,0.0,0.0,1,1,0,0
0,0.2937343108522486,0.33534756110840824,0.07103470408429507,0.23888391686748214,0,0,0,0
1,0.9852657901848927,0.4444782152724301,0.9249893275964554,0.701098738389222,1,0,1,1
0,0.06889358641828557,0.29746539527532284,0.13655988961459878,0.2909786896464161,0,0,0,0
0,0.024407368030614725,0.17941393084871887,0.07431499903070728,0.15659063436336962,0,0,0,0
0,0.05297681886961549,0.23939472564192643,0.13655988961459878,0.3978439138821537,0,0,0,0
0,0.13528465831906777,0.39522598284465055,0.07431499903070728,0.23888391686748214,0,0,0,0
0,0.05066177358737105,0.2906605743591866,0.07431499903070728,0.47969074013403357,0,0,0,0
0,0.022025443465421835,0.2573517905832633,0.07431499903070728,0.2909786896464161,0,0,0,0
0,0.07199249437725279,0.20742932382166687,0.13655988961459878,0.2909786896464161,0,0,0,0
1,0.8352147630665966,0.4341470726670599,0.8761146978001559,0.3978439138821537,1,0,1,0
0,0.04979698207044917,0.2345625752093218,0.13655988961459878,0.2909786896464161,0,0,0,0
0,0.9635929976834127,0.2926422515216262,0.9249893275964554,0.3978439138821537,1,0,1,0
0,0.8801068191006064,0.5089772700012077,0.8761146978001559,0.3978439138821537,1,1,1,0
0,0.022564960432055498,0.16417886878269097,0.13655988961459878,0.23888391686748214,0,0,0,0
1,0.9167260026237442,0.37371674148919976,0.8797509975750424,0.23888391686748214,1,0,1,0
0,0.046495122952540505,0.23245284138420072,0.07431499903070728,0.2909786896464161,0,0,0,0
0,0.22258985333794318,0.5947632083057837,0.07431499903070728,0.701098738389222,0,1,0,1
0,0.22970759650171332,0.5029158858604881,0.07431499903070728,0.701098738389222,0,1,0,1
0,0.05494979151070766,0.35503523083736555,0.07431499903070728,0.3978439138821537,0,0,0,0
0,0.2098282189962434,0.44916487616859074,0.5234187052694159,0.37265323151672886,0,0,1,0
0,0.06268260185553125,0.3440760666110205,0.07431499903070728,0.3978439138821537,0,0,0,0
0,0.6467194359641736,0.561747929226378,0.13655988961459878,0.3978439138821537,1,1,0,0
0,0.01714877544974118,0.26119078976482235,0.07431499903070728,0.37265323151672886,0,0,0,0
0,0.1503307762753472,0.41413510743872134,0.07431499903070728,0.701098738389222,0,0,0,1
0,0.02679848884673841,0.19148996349427602,0.07431499903070728,0.15659063436336962,0,0,0,0
0,0.16107356940765744,0.4277250832795933,0.07431499903070728,0.37265323151672886,0,0,0,0
0,0.048976312534712456,0.276572441574535,0.07431499903070728,0.23888391686748214,0,0,0,0
0,0.20380361662705798,0.3787992125948158,0.13655988961459878,0.2909786896464161,0,0,0,0
0,0.025727211972226126,0.2410793874835751,0.07431499903070728,0.3978439138821537,0,0,0,0
0,0.21373927784404942,0.2246091414043161,0.07103470408429507,0.2909786896464161,0,0,0,0
0,0.06840233631734934,0.14994470617474465,0.07103470408429507,0.15659063436336962,0,0,0,0
0,0.02878634826189265,0.21123491707852027,0.07431499903070728,0.2909786896464161,0,0,0,0
0,0.07274264792274601,0.17296876636421618,0.07103470408429507,0.15659063436336962,0,0,0,0
0,0.12122389637837352,0.3648836589958485,0.07431499903070728,0.23888391686748214,0,0,0,0
0,0.3060557092927085,0.5892611098013576,0.5234187052694159,0.37265323151672886,0,1,1,0
0,0.12823617460867004,0.2976585036533181,0.5234187052694159,0.701098738389222,0,0,1,1
0,0.321867908066412,0.6588006998221083,0.07431499903070728,0.701098738389222,0,1,0,1
0,0.2950708124417297,0.36869885470398267,0.4472301288753701,0.3978439138821537,0,0,0,0
0,0.053563156519703684,0.28066029159012085,0.07431499903070728,0.3978439138821537,0,0,0,0
0,0.03197225626341009,0.17121090885433082,0.13655988961459878,0.15659063436336962,0,0,0,0
1,0.9724560041284905,0.8706962375866234,0.9602234262685618,0.9479097084107246,1,1,1,1
0,0.08497865966994099,0.412976544309984,0.07431499903070728,0.701098738389222,0,0,0,1
0,0.16411992734025344,0.48390726654561816,0.07431499903070728,0.37265323151672886,0,0,0,0
0,0.013573437651324748,0.1361567044872953,0.13655988961459878,0.23888391686748214,0,0,0,0
1,0.98058257352724,0.8954140808460607,0.966188612902029,0.9479097084107246,1,1,1,1
0,0.36359411615254567,0.4186475917335798,0.4472301288753701,0.3978439138821537,0,0,0,0
0,0.5094284857068472,0.33432247319302655,0.641289481962736,0.2909786896464161,1,0,1,0
0,0.048362840211617145,0.18177884980248896,0.07103470408429507,0.2909786896464161,0,0,0,0
0,0.3958013637350382,0.4287221389295001,0.7119238007333535,0.701098738389222,0,0,1,1
0,0.021281134023915203,0.17354215983020876,0.07431499903070728,0.15659063436336962,0,0,0,0
0,0.04409795455837209,0.3163815070251577,0.07431499903070728,0.3978439138821537,0,0,0,0
0,0.07236158006127517,0.4651117932216465,0.07431499903070728,0.4568734218781583,0,0,0,0
0,0.08398865100550142,0.36231660630465806,0.07431499903070728,0.37265323151672886,0,0,0,0
0,0.3789898930828438,0.6180515987586923,0.13655988961459878,0.3978439138821537,0,1,0,0
0,0.1560948818439936,0.4625006581428491,0.07431499903070728,0.37265323151672886,0,0,0,0
0,0.2758996854675567,0.3808891421546104,0.4472301288753701,0.3978439138821537,0,0,0,0
0,0.05991901274770387,0.17704809428202306,0.13655988961459878,0.15659063436336962,0,0,0,0
0,0.2237159330713781,0.4231704115223136,0.5234187052694159,0.37265323151672886,0,0,1,0
0,0.07356082959433645,0.3600775723000466,0.07431499903070728,0.3978439138821537,0,0,0,0
0,0.024373645787651922,0.13404980216356802,0.13655988961459878,0.15659063436336962,0,0,0,0
0,0.07677017839756975,0.3314756702368048,0.07431499903070728,0.23888391686748214,0,0,0,0
0,0.685190640269056,0.6965027804149367,0.5234187052694159,0.701098738389222,1,1,1,1
0,0.07306183736397448,0.3265053479558667,0.13655988961459878,0.3978439138821537,0,0,0,0
0,0.0873628042724852,0.4193776082730336,0.07431499903070728,0.3978439138821537,0,0,0,0
0,0.8371764029332887,0.5028772656998584,0.7849054919390522,0.37265323151672886,1,1,1,0
0,0.01622123888813206,0.1858875296547908,0.07431499903070728,0.15659063436336962,0,0,0,0
0,0.3391380388654609,0.3350235067125578,0.7119238007333535,0.37265323151672886,0,0,1,0
0,0.33829902009517565,0.54015519721524,0.13655988961459878,0.3978439138821537,0,1,0,0
0,0.9124423696703104,0.8812511813720896,0.9369658288621653,0.9479097084107246,1,1,1,1
0,0.2580086178929916,0.46594541012167817,0.13655988961459878,0.3978439138821537,0,0,0,0
1,0.9909212233833604,0.4563401506080554,0.9249893275964554,0.37265323151672886,1,0,1,0
0,0.23873295881940684,0.2923330029444131,0.07103470408429507,0.15659063436336962,0,0,0,0
0,0.10333298660497378,0.3812769293243531,0.07431499903070728,0.37265323151672886,0,0,0,0
0,0.6710531941659047,0.5287568973858057,0.7119238007333535,0.701098738389222,1,1,1,1
0,0.27037151597729775,0.5589674966971109,0.07431499903070728,0.37265323151672886,0,1,0,0
0,0.17872905195039085,0.19380430879067542,0.2843241992058826,0.15659063436336962,0,0,0,0
1,0.9754781131822593,0.4738648086656414,0.9249893275964554,0.37265323151672886,1,0,1,0
0,0.1612839859967064,0.4946583409633434,0.13655988961459878,0.3978439138821537,0,0,0,0
0,0.16292890925563344,0.40217360531893026,0.07431499903070728,0.3978439138821537,0,0,0,0
0,0.08843184901752325,0.28041033250210445,0.13655988961459878,0.23888391686748214,0,0,0,0
0,0.3820261928254025,0.4784222444238733,0.4472301288753701,0.3978439138821537,0,0,0,0
0,0.46331635859915093,0.5677120155415664,0.7119238007333535,0.701098738389222,0,1,1,1
0,0.14618166743431638,0.2536753957666978,0.07103470408429507,0.2909786896464161,0,0,0,0
0,0.8571972834886806,0.5035481731851322,0.7849054919390522,0.701098738389222,1,1,1,1
0,0.5169277637818572,0.4154587651156951,0.4472301288753701,0.3978439138821537,1,0,0,0
0,0.02677033519486462,0.2069973287362693,0.07431499903070728,0.2909786896464161,0,0,0,0
0,0.020274676438720923,0.17289490869402477,0.07431499903070728,0.15659063436336962,0,0,0,0
0,0.2404549210072906,0.5050377151120562,0.07431499903070728,0.37265323151672886,0,1,0,0
0,0.5581852446572421,0.5758290898910807,0.4472301288753701,0.3978439138821537,1,1,0,0
0,0.6510713107835209,0.4640730072939314,0.7119238007333535,0.37265323151672886,1,0,1,0
0,0.8946249719304851,0.8935957499494376,0.5234187052694159,0.701098738389222,1,1,1,1
0,0.9991617136445092,0.4949145195093955,0.9249893275964554,0.701098738389222,1,0,1,1
0,0.16071196555587208,0.49455999370659987,0.5234187052694159,0.4568734218781583,0,0,1,0
0,0.22348692481786012,0.5018037977671651,0.07431499903070728,0.701098738389222,0,1,0,1
0,0.19650206711787077,0.5579896376152689,0.07431499903070728,0.3978439138821537,0,1,0,0
0,0.30604453924304725,0.48386665757481,0.5234187052694159,0.701098738389222,0,0,1,1
0,0.19113795801750116,0.46594639504836804,0.13655988961459878,0.3978439138821537,0,0,0,0
0,0.08382259466351775,0.1792032296355708,0.07103470408429507,0.2909786896464161,0,0,0,0
0,0.047400775605083836,0.17380473108729194,0.07103470408429507,0.47969074013403357,0,0,0,0
0,0.06809683712799461,0.17089823804690019,0.13655988961459878,0.15659063436336962,0,0,0,0
0,0.10674293776319965,0.41780591518824683,0.07431499903070728,0.2909786896464161,0,0,0,0
0,0.1230076453297926,0.3548490289217496,0.07431499903070728,0.3978439138821537,0,0,0,0
0,0.8299902293940311,0.6728498214709302,0.7119238007333535,0.701098738389222,1,1,1,1
0,0.1983879449866383,0.519400004312272,0.07431499903070728,0.6545986309349229,0,1,0,1
0,0.08471593434870486,0.1641697833263016,0.07103470408429507,0.15659063436336962,0,0,0,0
1,0.9080291693894965,0.9202614149787369,0.9369658288621653,0.9479097084107246,1,1,1,1
0,0.04462470834015931,0.21711025608203255,0.07431499903070728,0.2909786896464161,0,0,0,0
0,0.07497209277647808,0.33060558908759424,0.5234187052694159,0.4568734218781583,0,0,1,0
0,0.08869894762607283,0.3217147806312597,0.07431499903070728,0.3978439138821537,0,0,0,0
0,0.8657608572949331,0.7857967953516505,0.7119238007333535,0.701098738389222,1,1,1,1
0,0.028137362900951337,0.30725153519685067,0.07431499903070728,0.3978439138821537,0,0,0,0
0,0.12241498566234171,0.2813845703740192,0.13655988961459878,0.3978439138821537,0,0,0,0
1,0.4795776569277152,0.3249869160452948,0.7849054919390522,0.3978439138821537,0,0,1,0
0,0.09909097466357579,0.4243819556970635,0.07431499903070728,0.3978439138821537,0,0,0,0
0,0.028267975566559498,0.1829576227911469,0.07431499903070728,0.3978439138821537,0,0,0,0
0,0.14611988035428475,0.3570174110500198,0.13655988961459878,0.3978439138821537,0,0,0,0
0,0.810756736783273,0.5968817478607904,0.7119238007333535,0.37265323151672886,1,1,1,0
0,0.19586944607926507,0.35371768910868573,0.07431499903070728,0.3978439138821537,0,0,0,0
0,0.17994532187342102,0.1627389477994385,0.2843241992058826,0.2909786896464161,0,0,0,0
0,0.4250974424304776,0.37002239131057935,0.4472301288753701,0.3978439138821537,0,0,0,0
0,0.03684002999983195,0.17384746055933964,0.13655988961459878,0.15659063436336962,0,0,0,0
0,0.1339538057224332,0.4315796026485215,0.07431499903070728,0.3978439138821537,0,0,0,0
0,0.14674213038187411,0.42829590773341913,0.07431499903070728,0.3978439138821537,0,0,0,0
0,0.06242974756691994,0.4108141703624102,0.07431499903070728,0.4568734218781583,0,0,0,0
0,0.07811233591240103,0.20487610268347764,0.07103470408429507,0.15659063436336962,0,0,0,0
0,0.06926033680384744,0.2526569398074374,0.043146073851833694,0.23888391686748214,0,0,0,0
0,0.0009672117113414949,0.050925365174975624,0.07431499903070728,0.15659063436336962,0,0,0,0
0,0.12050826303246011,0.28550627271647877,0.5234187052694159,0.37265323151672886,0,0,1,0
0,0.12760662783915824,0.44237892466272105,0.07431499903070728,0.3978439138821537,0,0,0,0
0,0.04390256433524154,0.215915766936381,0.13655988961459878,0.15659063436336962,0,0,0,0
0,0.5586527896405528,0.5244655867899108,0.7119238007333535,0.701098738389222,1,1,1,1
0,0.025456529465797333,0.12618495978784738,0.13655988961459878,0.2909786896464161,0,0,0,0
0,0.7443130479354557,0.5734029450440166,0.4472301288753701,0.3978439138821537,1,1,0,0
0,0.2738739385552979,0.4226174332682575,0.5234187052694159,0.701098738389222,0,0,1,1
0,0.059404102507533675,0.33073641530499925,0.13655988961459878,0.3978439138821537,0,0,0,0
1,0.4846818709317747,0.27247514984364746,0.624061140007934,0.23888391686748214,0,0,1,0
0,0.14589872996103873,0.44795562319030574,0.07431499903070728,0.3978439138821537,0,0,0,0
0,0.49388192743856896,0.619883115721877,0.5234187052694159,0.701098738389222,0,1,1,1
0,0.10239823777370857,0.3904327574279458,0.07431499903070728,0.3978439138821537,0,0,0,0
0,0.09022073396258037,0.4806928369550683,0.07431499903070728,0.4568734218781583,0,0,0,0
0,0.1884644601416004,0.44976703859061545,0.043146073851833694,0.2909786896464161,0,0,0,0
0,0.03093545514025548,0.22155804374635024,0.07431499903070728,0.2909786896464161,0,0,0,0
0,0.05695748317637584,0.2793977165463385,0.13655988961459878,0.3978439138821537,0,0,0,0
0,0.3986009397613771,0.47543331756634505,0.4472301288753701,0.3978439138821537,0,0,0,0
0,0.2842600394002196,0.47768211962433915,0.13655988961459878,0.3978439138821537,0,0,0,0
0,0.09376191841277662,0.4167176907386767,0.07431499903070728,0.3978439138821537,0,0,0,0
0,0.10570735886639804,0.3690124030618515,0.07431499903070728,0.23888391686748214,0,0,0,0
0,0.04571653906247601,0.3418316083844377,0.07431499903070728,0.4568734218781583,0,0,0,0
0,0.46498307499129016,0.43848965864826367,0.07103470408429507,0.2909786896464161,0,0,0,0
0,0.122705121716567,0.43625734810702843,0.5234187052694159,0.4568734218781583,0,0,1,0
0,0.8079707168739491,0.7816548021295245,0.7119238007333535,0.701098738389222,1,1,1,1
0,0.3434338140753925,0.4343858837146373,0.4472301288753701,0.3978439138821537,0,0,0,0
1,0.8920592152378967,0.5268625530051637,0.7849054919390522,0.37265323151672886,1,1,1,0
0,0.13954372821037442,0.3624841726182775,0.07431499903070728,0.37265323151672886,0,0,0,0
0,0.07319290958524419,0.33999269667660315,0.13655988961459878,0.3978439138821537,0,0,0,0
0,0.4418482726575315,0.5413995657622249,0.5234187052694159,0.37265323151672886,0,1,1,0
0,0.07120371974008421,0.3704358316128133,0.07431499903070728,0.3978439138821537,0,0,0,0
1,0.7501006372688208,0.7142050580021383,0.7119238007333535,0.701098738389222,1,1,1,1
0,0.2421876326701685,0.28253287454839066,0.4472301288753701,0.3978439138821537,0,0,0,0
0,0.6019164992478846,0.627702570897115,0.5234187052694159,0.37265323151672886,1,1,1,0
0,0.6811447036709756,0.5810137717550256,0.13655988961459878,0.3978439138821537,1,1,0,0
0,0.46522707580408057,0.5747182921749452,0.5234187052694159,0.37265323151672886,0,1,1,0
0,0.059997970672530924,0.31845136050937733,0.07431499903070728,0.2909786896464161,0,0,0,0
0,0.5262866742722642,0.613630731539942,0.7119238007333535,0.701098738389222,1,1,1,1
0,0.42510571694335947,0.5472559743692702,0.07431499903070728,0.3978439138821537,0,1,0,0
0,0.11597102803587049,0.36422698301458833,0.07431499903070728,0.3978439138821537,0,0,0,0
0,0.08621303864784154,0.17036287800845193,0.07103470408429507,0.15659063436336962,0,0,0,0
0,0.40178657651529576,0.7053251418249975,0.07431499903070728,0.8919618540568964,0,1,0,1
0,0.45683272620198356,0.5944946983693362,0.5234187052694159,0.701098738389222,0,1,1,1
0,0.08483913109341616,0.33718317693630073,0.13655988961459878,0.3978439138821537,0,0,0,0
0,0.09277003899219552,0.34141411849147585,0.07431499903070728,0.3978439138821537,0,0,0,0
0,0.03412665539788953,0.1626158684455134,0.13655988961459878,0.15659063436336962,0,0,0,0
0,0.0719393517334139,0.3852177060894781,0.07431499903070728,0.4568734218781583,0,0,0,0
0,0.009948692188805727,0.15510437833641577,0.07431499903070728,0.2909786896464161,0,0,0,0
0,0.08686697709175326,0.3814757879638003,0.07431499903070728,0.3978439138821537,0,0,0,0
1,0.6171508620880597,0.618871047969013,0.4472301288753701,0.3978439138821537,1,1,0,0
0,0.04332342384892554,0.15961859918621413,0.07103470408429507,0.15659063436336962,0,0,0,0
0,0.7866029622342248,0.7998305638732129,0.5234187052694159,0.701098738389222,1,1,1,1
0,0.6109567068000924,0.8325973662065884,0.7563345524221652,0.9269601406234662,1,1,1,1
0,0.2674094972179316,0.5562479053375793,0.07431499903070728,0.37265323151672886,0,1,0,0
0,0.3648511400920535,0.3782494407129542,0.7119238007333535,0.701098738389222,0,0,1,1
0,0.1824214853507343,0.3390239734381172,0.5234187052694159,0.37265323151672886,0,0,1,0
1,0.15447963427342934,0.44865508147186045,0.07431499903070728,0.701098738389222,0,0,0,1
0,0.11848313173949852,0.34518415264293745,0.5234187052694159,0.701098738389222,0,0,1,1
1,0.982221771105298,0.8443123299279143,0.7849054919390522,0.701098738389222,1,1,1,1
1,0.7394600348013304,0.3398686804955705,0.8761146978001559,0.4568734218781583,1,0,1,0
0,0.15568270582852625,0.4554152820619316,0.13655988961459878,0.3978439138821537,0,0,0,0
0,0.23621545224722876,0.3810245640571855,0.07103470408429507,0.23888391686748214,0,0,0,0
0,0.06089359645105677,0.1637987172090676,0.07103470408429507,0.23888391686748214,0,0,0,0
1,0.9828116819193026,0.9457798263140064,0.9602234262685618,0.9479097084107246,1,1,1,1
0,0.22733312794369595,0.5337248008180031,0.07431499903070728,0.3978439138821537,0,1,0,0
0,0.019759128224139097,0.14323956007668373,0.13655988961459878,0.2909786896464161,0,0,0,0
1,0.9881851965237326,0.5751505078914789,0.9249893275964554,0.4568734218781583,1,1,1,0
0,0.567996819939181,0.2861254058959787,0.7616858140337348,0.2909786896464161,1,0,1,0
0,0.09737685197845361,0.47397647958842837,0.07431499903070728,0.3978439138821537,0,0,0,0
0,0.07408000453448463,0.3435483958124031,0.07431499903070728,0.23888391686748214,0,0,0,0
0,0.022411406367650488,0.15012651387065507,0.13655988961459878,0.15659063436336962,0,0,0,0
0,0.3399985574412415,0.3200555876655499,0.7119238007333535,0.37265323151672886,0,0,1,0
0,0.6064258960754606,0.5351104227828214,0.7119238007333535,0.4568734218781583,1,1,1,0
0,0.3242908507874265,0.42795733699658234,0.4472301288753701,0.3978439138821537,0,0,0,0
0,0.0818038423113808,0.38912642651183377,0.07431499903070728,0.3978439138821537,0,0,0,0
0,0.011856791446850064,0.10733358746803742,0.07431499903070728,0.15659063436336962,0,0,0,0
0,0.2786848451126569,0.5780387369012618,0.07431499903070728,0.701098738389222,0,1,0,1
0,0.007029679890838897,0.10334350370856113,0.13655988961459878,0.15659063436336962,0,0,0,0
0,0.288370893764218,0.567982114759898,0.13655988961459878,0.3978439138821537,0,1,0,0
0,0.061071933751767296,0.40895563629687137,0.07431499903070728,0.4568734218781583,0,0,0,0
0,0.3894084339814554,0.45359840640597954,0.7119238007333535,0.701098738389222,0,0,1,1
0,0.05829189899976869,0.16709227470310742,0.13655988961459878,0.15659063436336962,0,0,0,0
0,0.29448268447894643,0.49560154090798586,0.13655988961459878,0.3978439138821537,0,0,0,0
0,0.17852084037025806,0.36511037038697697,0.07431499903070728,0.3978439138821537,0,0,0,0
0,0.8974303933658677,0.37859945735561623,0.9249893275964554,0.3978439138821537,1,0,1,0
0,0.06100400911084609,0.34867406337655105,0.5234187052694159,0.4568734218781583,0,0,1,0
0,0.7229086463961594,0.6836661513294853,0.5234187052694159,0.701098738389222,1,1,1,1
0,0.12193434024033328,0.39212026563643815,0.07431499903070728,0.701098738389222,0,0,0,1
0,0.636527737122816,0.603445701005339,0.7119238007333535,0.701098738389222,1,1,1,1
0,0.09474261744348765,0.45657891447600524,0.07431499903070728,0.3978439138821537,0,0,0,0
0,0.15811295119876267,0.4749453748528314,0.07431499903070728,0.6545986309349229,0,0,0,1
0,0.17819812350818462,0.20553138484026925,0.07103470408429507,0.2909786896464161,0,0,0,0
0,0.02168042583028494,0.1885758640270069,0.07431499903070728,0.15659063436336962,0,0,0,0
1,0.5031703117663516,0.5681670174660103,0.5234187052694159,0.701098738389222,1,1,1,1
0,0.4660247503264485,0.2282724033087758,0.7849054919390522,0.37265323151672886,0,0,1,0
0,0.12441711755816462,0.47313668665321396,0.07431499903070728,0.3978439138821537,0,0,0,0
0,0.12188812324226674,0.3604217817424979,0.5234187052694159,0.37265323151672886,0,0,1,0
1,0.998401399193165,0.774119852649474,0.9249893275964554,0.701098738389222,1,1,1,1
1,0.9972927119458896,0.6355132817950566,0.9249893275964554,0.3978439138821537,1,1,1,0
0,0.030006430405812416,0.1728231156982189,0.13655988961459878,0.15659063436336962,0,0,0,0
0,0.25527686111059134,0.4867957773632777,0.5234187052694159,0.701098738389222,0,0,1,1
0,0.37439102776945254,0.5043680156492814,0.4472301288753701,0.3978439138821537,0,1,0,0
0,0.08413445409198894,0.3377706232920808,0.07431499903070728,0.37265323151672886,0,0,0,0
0,0.13886995184910655,0.4384834471555554,0.07431499903070728,0.4568734218781583,0,0,0,0
0,0.04793205581668501,0.2393174865893255,0.07431499903070728,0.2909786896464161,0,0,0,0
0,0.05747472918461325,0.3096189171941209,0.13655988961459878,0.3978439138821537,0,0,0,0
0,0.16902452524733982,0.5226843985264324,0.07431499903070728,0.701098738389222,0,1,0,1
0,0.18483942801249612,0.3459716018700352,0.07103470408429507,0.2909786896464161,0,0,0,0
0,0.07024721220601704,0.33044212465644546,0.07431499903070728,0.23888391686748214,0,0,0,0
0,0.5114091513849008,0.6045747489714829,0.5234187052694159,0.701098738389222,1,1,1,1
0,0.03045353716446843,0.2797020053152229,0.07431499903070728,0.3978439138821537,0,0,0,0
1,0.8749717610064799,0.8559534239913932,0.9602234262685618,0.8342236211422674,1,1,1,1
0,0.43072142477340186,0.34465122791678665,0.4472301288753701,0.3978439138821537,0,0,0,0
0,0.09142519191358482,0.27979390004969623,0.13655988961459878,0.3978439138821537,0,0,0,0
0,0.6606058273206494,0.6192674565189542,0.7119238007333535,0.4568734218781583,1,1,1,0
0,0.056843817654474355,0.16065648263204468,0.07103470408429507,0.15659063436336962,0,0,0,0
0,0.16176106353761424,0.35638743309599846,0.07431499903070728,0.3978439138821537,0,0,0,0
0,0.11403759331148552,0.3737193359410052,0.07431499903070728,0.2909786896464161,0,0,0,0
0,0.24975142842594175,0.5678546304527252,0.07431499903070728,0.37265323151672886,0,1,0,0
0,0.1919600823554602,0.4443455058516486,0.07431499903070728,0.701098738389222,0,0,0,1
0,0.10986703968440296,0.1830274395204468,0.07103470408429507,0.15659063436336962,0,0,0,0
0,0.562405200878602,0.5217251799882793,0.4472301288753701,0.3978439138821537,1,1,0,0
0,0.5776368427415581,0.5557575142894512,0.4472301288753701,0.3978439138821537,1,1,0,0
0,0.11519004449020533,0.2778610891665827,0.07103470408429507,0.15659063436336962,0,0,0,0
0,0.23628604921036594,0.4892550390957894,0.07431499903070728,0.37265323151672886,0,0,0,0
0,0.039238950359730206,0.2360698307470683,0.07431499903070728,0.3978439138821537,0,0,0,0
0,0.0357266659548802,0.21467650108484418,0.13655988961459878,0.3978439138821537,0,0,0,0
0,0.017747323658323152,0.24085828824103597,0.07431499903070728,0.3978439138821537,0,0,0,0
0,0.27467573001686385,0.3793485805581115,0.13655988961459878,0.3978439138821537,0,0,0,0
0,0.12845720030684066,0.506775957388336,0.07431499903070728,0.3978439138821537,0,1,0,0
0,0.6816006631366813,0.2181688452178494,0.9249893275964554,0.3978439138821537,1,0,1,0
0,0.827656365931869,0.6810391281775046,0.4472301288753701,0.3978439138821537,1,1,0,0
0,0.10822601300943517,0.3169409035632567,0.07431499903070728,0.23888391686748214,0,0,0,0
1,0.8937261469117525,0.8877005283464361,0.9602234262685618,0.9479097084107246,1,1,1,1
0,0.4392808433932142,0.42944799986008897,0.7119238007333535,0.6545986309349229,0,0,1,1
0,0.014492943885193506,0.13618360333231336,0.07431499903070728,0.2909786896464161,0,0,0,0
0,0.18873903495122873,0.41533814046838413,0.07431499903070728,0.3978439138821537,0,0,0,0
0,0.9698060549411766,0.5199182121062489,0.9249893275964554,0.3978439138821537,1,1,1,0
0,0.19856217595072737,0.4056676575823466,0.13655988961459878,0.3978439138821537,0,0,0,0
0,0.0386231343437461,0.273722995172356,0.07431499903070728,0.4568734218781583,0,0,0,0
0,0.08074666925416936,0.4845745741842869,0.07431499903070728,0.3978439138821537,0,0,0,0
0,0.4959639889308474,0.34452628720807055,0.4472301288753701,0.3978439138821537,0,0,0,0
0,0.28554312515920105,0.5004143786270654,0.13655988961459878,0.3978439138821537,0,1,0,0
0,0.38356178945576835,0.6545517578730342,0.07431499903070728,0.701098738389222,0,1,0,1
0,0.001504379268926738,0.10306765247923162,0.07431499903070728,0.3978439138821537,0,0,0,0
0,0.1728999276176691,0.3704368932809067,0.4472301288753701,0.3978439138821537,0,0,0,0
0,0.10957378052700044,0.34325678032849566,0.07431499903070728,0.37265323151672886,0,0,0,0
0,0.07966829367726846,0.33266596550885136,0.13655988961459878,0.3978439138821537,0,0,0,0
0,0.05285873697971323,0.174241901841567,0.07103470408429507,0.15659063436336962,0,0,0,0
0,0.18762250084832643,0.18602376322150324,0.624061140007934,0.2909786896464161,0,0,1,0
1,0.8623525979200529,0.5034727547996277,0.8761146978001559,0.4568734218781583,1,1,1,0
1,0.4093166894476447,0.49030959217308,0.4472301288753701,0.3978439138821537,0,0,0,0
0,0.25593704708931764,0.36941153456386194,0.13655988961459878,0.3978439138821537,0,0,0,0
0,0.05053398170383317,0.2311903028988859,0.07431499903070728,0.23888391686748214,0,0,0,0
0,0.04403081534882642,0.2971870959511462,0.13655988961459878,0.3978439138821537,0,0,0,0
0,0.1873797157783808,0.42330589528394424,0.5234187052694159,0.6545986309349229,0,0,1,1
0,0.03375155000407784,0.28026632286662645,0.07431499903070728,0.2909786896464161,0,0,0,0
0,0.018016217928542792,0.25264953350994884,0.07431499903070728,0.2909786896464161,0,0,0,0
0,0.10737499865829775,0.37875006537078504,0.13655988961459878,0.3978439138821537,0,0,0,0
0,0.3770841838796383,0.23491211221187785,0.624061140007934,0.2909786896464161,0,0,1,0
0,0.06290609496656864,0.35632571212440894,0.07431499903070728,0.3978439138821537,0,0,0,0
0,0.433481409563252,0.5388302641770012,0.4472301288753701,0.3978439138821537,0,1,0,0
0,0.06537013466074006,0.3177169670836234,0.07431499903070728,0.3978439138821537,0,0,0,0
0,0.09766074356700356,0.3156175522364915,0.043146073851833694,0.15659063436336962,0,0,0,0
0,0.024013541174172325,0.12455872620159078,0.13655988961459878,0.2909786896464161,0,0,0,0
0,0.0051289330687211915,0.11450826904239271,0.07431499903070728,0.15659063436336962,0,0,0,0
0,0.6252582490266388,0.6162849248328299,0.5234187052694159,0.701098738389222,1,1,1,1
0,0.17520740764587464,0.48357175674539915,0.07431499903070728,0.6545986309349229,0,0,0,1
1,0.8095068596064756,0.6729955395928295,0.7119238007333535,0.701098738389222,1,1,1,1
0,0.1655729739426007,0.3316025010777905,0.13655988961459878,0.2909786896464161,0,0,0,0
1,0.7580816444479703,0.817771692953022,0.5234187052694159,0.701098738389222,1,1,1,1
0,0.36497180632599563,0.3890342081114187,0.4472301288753701,0.3978439138821537,0,0,0,0
0,0.019079904187525434,0.1691249896961849,0.13655988961459878,0.2909786896464161,0,0,0,0
0,0.5512788065647847,0.7320057427722545,0.13655988961459878,0.8919618540568964,1,1,0,1
0,0.15457695372658015,0.45168127499176214,0.07431499903070728,0.37265323151672886,0,0,0,0
0,0.40394251330283115,0.17835780203747514,0.7616858140337348,0.15659063436336962,0,0,1,0
1,0.5212469490242425,0.5993833948986351,0.5234187052694159,0.701098738389222,1,1,1,1
0,0.1208564349300804,0.4448724183849104,0.07431499903070728,0.2909786896464161,0,0,0,0
0,0.22192639195347977,0.2174939432831644,0.641289481962736,0.23888391686748214,0,0,1,0
0,0.1829620052019237,0.5020079811955721,0.07431499903070728,0.701098738389222,0,1,0,1
0,0.080360093876082,0.3721241500013075,0.13655988961459878,0.2909786896464161,0,0,0,0
0,0.1501868649906266,0.21875330682404115,0.4472301288753701,0.3978439138821537,0,0,0,0
0,0.3365499261065056,0.5927992983757684,0.5234187052694159,0.4568734218781583,0,1,1,0
0,0.27391486354078687,0.5459240265862535,0.07431499903070728,0.701098738389222,0,1,0,1
0,0.98628043823449,0.38029980655893875,0.9249893275964554,0.3978439138821537,1,0,1,0
0,0.439160818597438,0.6579318794038461,0.5234187052694159,0.701098738389222,0,1,1,1
0,0.20881125156402192,0.542955416078138,0.07431499903070728,0.37265323151672886,0,1,0,0
0,0.5754704018962584,0.3373738866662092,0.7119238007333535,0.701098738389222,1,0,1,1
1,0.9862784881943086,0.9316152718057583,0.9602234262685618,0.9269601406234662,1,1,1,1
1,0.8060393656933817,0.8021136554179586,0.9602234262685618,0.9269601406234662,1,1,1,1
0,0.04760776983309907,0.27571348447004584,0.07431499903070728,0.3978439138821537,0,0,0,0
0,0.4941367562494177,0.6985840373452546,0.07431499903070728,0.701098738389222,0,1,0,1
0,0.5441771977090278,0.40678635647868383,0.4472301288753701,0.3978439138821537,1,0,0,0
1,0.360115254772442,0.5888152882102689,0.5234187052694159,0.701098738389222,0,1,1,1
0,0.1834247946634763,0.5270831220543242,0.07431499903070728,0.3978439138821537,0,1,0,0
0,0.28466977462589843,0.5687165463736766,0.07431499903070728,0.3978439138821537,0,1,0,0
0,0.362207596849553,0.6638771452720812,0.07431499903070728,0.3978439138821537,0,1,0,0
0,0.24952934068223567,0.35429646970629525,0.07103470408429507,0.23888391686748214,0,0,0,0
0,0.08509935950163533,0.33532445520751114,0.07431499903070728,0.23888391686748214,0,0,0,0
0,0.4785198984344424,0.40292612236601116,0.7119238007333535,0.37265323151672886,0,0,1,0
0,0.20646890009259072,0.46720723681111515,0.043146073851833694,0.2909786896464161,0,0,0,0
0,0.08830922434428633,0.4360145662795133,0.07431499903070728,0.2909786896464161,0,0,0,0
0,0.790878405653491,0.43678388562587506,0.8761146978001559,0.3978439138821537,1,0,1,0
0,0.151500313437908,0.42056127231053514,0.043146073851833694,0.23888391686748214,0,0,0,0
0,0.46631780716085974,0.4467033361361092,0.7119238007333535,0.4568734218781583,0,0,1,0
0,0.25439045850273156,0.22773486939971455,0.2843241992058826,0.15659063436336962,0,0,0,0
1,0.9973943287417275,0.44456348788904954,0.9249893275964554,0.3978439138821537,1,0,1,0
1,0.6958530643544917,0.7956273920064632,0.5234187052694159,0.701098738389222,1,1,1,1
1,0.09982338436968567,0.45925199186808746,0.4986819481082508,0.2909786896464161,0,0,0,0
0,0.3685324588923724,0.4531720831219936,0.4472301288753701,0.3978439138821537,0,0,0,0
0,0.5918866827560167,0.688299045222029,0.07431499903070728,0.701098738389222,1,1,0,1
1,0.41305010933756303,0.4157877238928143,0.4472301288753701,0.3978439138821537,0,0,0,0
1,0.8825296984044149,0.8683511924076373,0.9602234262685618,0.9479097084107246,1,1,1,1
0,0.4410297885096362,0.3993767831491994,0.641289481962736,0.2909786896464161,0,0,1,0
0,0.5460052569399367,0.5059428725963219,0.7119238007333535,0.701098738389222,1,1,1,1
0,0.05712220643269376,0.2815766580757354,0.07431499903070728,0.3978439138821537,0,0,0,0
0,0.788053926808691,0.5415532722150117,0.7119238007333535,0.701098738389222,1,1,1,1
0,0.13709054382307476,0.37250090544222814,0.13655988961459878,0.3978439138821537,0,0,0,0
0,0.027847187173159326,0.2942567594899512,0.07431499903070728,0.3978439138821537,0,0,0,0
0,0.16586248457792657,0.21023432254651128,0.07103470408429507,0.2909786896464161,0,0,0,0
0,0.19394044324826495,0.4793031167800448,0.07431499903070728,0.37265323151672886,0,0,0,0
0,0.17692382769550308,0.5481569908686189,0.07431499903070728,0.37265323151672886,0,1,0,0
0,0.017802563136801373,0.160410701641453,0.07431499903070728,0.15659063436336962,0,0,0,0
0,0.9507867476316822,0.5819344698043781,0.8761146978001559,0.3978439138821537,1,1,1,0
0,0.31332707146444255,0.4041474614302665,0.7119238007333535,0.37265323151672886,0,0,1,0
0,0.11912536280318166,0.3443912194721747,0.07431499903070728,0.3978439138821537,0,0,0,0
0,0.3604170692640532,0.5397935274707353,0.07431499903070728,0.3978439138821537,0,1,0,0
0,0.11793403576346179,0.3630784508894189,0.5234187052694159,0.37265323151672886,0,0,1,0
0,0.1965473859427863,0.42516263594089915,0.13655988961459878,0.3978439138821537,0,0,0,0
0,0.11322088928226078,0.3345664906872445,0.13655988961459878,0.3978439138821537,0,0,0,0
0,0.23785985628459838,0.5652604389823046,0.07431499903070728,0.3978439138821537,0,1,0,0
0,0.44194943679129256,0.6369751804140505,0.13655988961459878,0.3978439138821537,0,1,0,0
0,0.9999999931521939,0.7443868085275822,0.9249893275964554,0.701098738389222,1,1,1,1
1,0.5148469256422417,0.6846978044483557,0.7512025309012217,0.3978439138821537,1,1,1,0
0,0.16145988246635373,0.24668726048275355,0.07103470408429507,0.2909786896464161,0,0,0,0
0,0.9848415234132657,0.4639167524365025,0.9249893275964554,0.701098738389222,1,0,1,1
0,0.13086836940519359,0.3477585631605079,0.4472301288753701,0.3978439138821537,0,0,0,0
0,0.2645560159158867,0.5285006575012293,0.07431499903070728,0.3978439138821537,0,1,0,0
0,0.12596688272122278,0.3215953112142076,0.07431499903070728,0.3978439138821537,0,0,0,0
0,0.22145206323404884,0.4278451838835726,0.5234187052694159,0.37265323151672886,0,0,1,0
0,0.5288433990803448,0.5347138561991247,0.7119238007333535,0.701098738389222,1,1,1,1
0,0.08170479747705144,0.3403490947278697,0.07431499903070728,0.23888391686748214,0,0,0,0
0,0.03407511806584311,0.20687525191962441,0.13655988961459878,0.3978439138821537,0,0,0,0
0,0.12824653871898786,0.4868618251714635,0.07431499903070728,0.701098738389222,0,0,0,1
1,0.6315700697369524,0.7281667654365505,0.8973324495563872,0.3978439138821537,1,1,1,0
0,0.12312867033864704,0.3290463407802625,0.13655988961459878,0.3978439138821537,0,0,0,0
0,0.2283400439353831,0.4921266142376168,0.5234187052694159,0.37265323151672886,0,0,1,0
0,0.0651737890645684,0.3004317670850703,0.07431499903070728,0.23888391686748214,0,0,0,0
0,0.025027599646490033,0.25922646087710544,0.07431499903070728,0.3978439138821537,0,0,0,0
0,0.2772611831264434,0.5134157342395639,0.13655988961459878,0.3978439138821537,0,1,0,0
0,0.07146849279529918,0.4316178311639681,0.07431499903070728,0.3978439138821537,0,0,0,0
0,0.09344840513118569,0.3303700508580157,0.13655988961459878,0.23888391686748214,0,0,0,0
0,0.08489715288741725,0.39592383319982993,0.07431499903070728,0.3978439138821537,0,0,0,0
0,0.020330922835628557,0.13255540032578977,0.07431499903070728,0.15659063436336962,0,0,0,0
0,0.043242256378923545,0.2749279485960978,0.07431499903070728,0.3978439138821537,0,0,0,0
0,0.6201411924301344,0.4736618427413672,0.7119238007333535,0.37265323151672886,1,0,1,0
0,0.09788261397424536,0.23941339705158807,0.4472301288753701,0.3978439138821537,0,0,0,0
0,0.1921634613093432,0.49032796401795453,0.13655988961459878,0.3978439138821537,0,0,0,0
1,0.9177971978044192,0.9228299775475217,0.9369658288621653,0.9479097084107246,1,1,1,1
0,0.12073797458141479,0.4939026575728937,0.07431499903070728,0.4568734218781583,0,0,0,0
0,0.04001387339521211,0.23741505146428007,0.13655988961459878,0.3978439138821537,0,0,0,0
0,0.03455060919133806,0.1714885534602466,0.13655988961459878,0.15659063436336962,0,0,0,0
0,0.5900329305351504,0.41436733133425585,0.7119238007333535,0.37265323151672886,1,0,1,0
0,0.2154901450902792,0.4947139072105011,0.7119238007333535,0.4568734218781583,0,0,1,0
0,0.12440156015674207,0.36201419678121505,0.043146073851833694,0.23888391686748214,0,0,0,0
0,0.41901791161598667,0.355647603388857,0.4472301288753701,0.3978439138821537,0,0,0,0
0,0.5291029169997137,0.28498095751139385,0.7616858140337348,0.2909786896464161,1,0,1,0
0,0.17279192893540263,0.19127975528471136,0.2843241992058826,0.15659063436336962,0,0,0,0
0,0.5222991281462813,0.703111164224063,0.07431499903070728,0.808688118677574,1,1,0,1
0,0.03753190429762286,0.16190116652962616,0.13655988961459878,0.15659063436336962,0,0,0,0
0,0.20741865201599116,0.2861321803423717,0.4472301288753701,0.3978439138821537,0,0,0,0
0,0.05158904773800493,0.272137299464344,0.07431499903070728,0.2909786896464161,0,0,0,0
0,0.05100711637551818,0.18077715440763542,0.13655988961459878,0.15659063436336962,0,0,0,0
0,0.4592483694534697,0.6894305207973447,0.07431499903070728,0.701098738389222,0,1,0,1
0,0.06949028184303664,0.18171810262843371,0.07103470408429507,0.2909786896464161,0,0,0,0
0,0.6205549220264354,0.5528836806198961,0.7119238007333535,0.701098738389222,1,1,1,1
0,0.9833036311919758,0.9532211888777682,0.9602234262685618,0.9479097084107246,1,1,1,1
0,0.4324731043235633,0.4993353642496742,0.13655988961459878,0.3978439138821537,0,0,0,0
1,0.6355986419113928,0.6423347584713209,0.5234187052694159,0.701098738389222,1,1,1,1
0,0.515300131364413,0.7905258777662885,0.07431499903070728,0.701098738389222,1,1,0,1
0,0.14642856707444288,0.3932335061946474,0.07431499903070728,0.701098738389222,0,0,0,1
0,0.33316443661964623,0.5469105736062111,0.13655988961459878,0.3978439138821537,0,1,0,0
0,0.07242377842720926,0.3801689062713966,0.07431499903070728,0.37265323151672886,0,0,0,0
0,0.25784198164014077,0.6039361029677688,0.07431499903070728,0.701098738389222,0,1,0,1
0,0.15622722508749357,0.46072200021068643,0.07431499903070728,0.3978439138821537,0,0,0,0
0,0.09045773947426612,0.37076832590011893,0.07431499903070728,0.3978439138821537,0,0,0,0
0,0.21440043524387808,0.4488350312482647,0.13655988961459878,0.8919618540568964,0,0,0,1
0,0.0387860899456802,0.28053624706974467,0.07431499903070728,0.2909786896464161,0,0,0,0
0,0.9793051298233945,0.6016620810827152,0.9249893275964554,0.701098738389222,1,1,1,1
0,0.24624420123505408,0.4450537033416119,0.07431499903070728,0.701098738389222,0,0,0,1
0,0.4478928249634737,0.5041883119699999,0.4472301288753701,0.3978439138821537,0,1,0,0
0,0.11639589571813613,0.3974728202474099,0.07431499903070728,0.23888391686748214,0,0,0,0
0,0.3671386428199349,0.4753973586939031,0.07103470408429507,0.2909786896464161,0,0,0,0
0,0.10796885745060748,0.4739442651243029,0.07431499903070728,0.4568734218781583,0,0,0,0
0,0.13948685933323934,0.220015053638457,0.07103470408429507,0.15659063436336962,0,0,0,0
0,0.6190395230444999,0.6880554718064551,0.5234187052694159,0.701098738389222,1,1,1,1
0,0.22001230701662405,0.5643563489676572,0.07431499903070728,0.701098738389222,0,1,0,1
1,0.46343424155872115,0.16013399140187948,0.7616858140337348,0.15659063436336962,0,0,1,0
0,0.44147037025716585,0.43829621154188797,0.4472301288753701,0.3978439138821537,0,0,0,0
0,0.7903077296017481,0.8892021204006475,0.9369658288621653,0.9269601406234662,1,1,1,1
0,0.1468192590306818,0.3958744686612087,0.13655988961459878,0.3978439138821537,0,0,0,0
0,0.1918727938902792,0.4783724764803394,0.07431499903070728,0.3978439138821537,0,0,0,0
0,0.07450787546937322,0.30444733493877074,0.07431499903070728,0.23888391686748214,0,0,0,0
0,0.9990103001677915,0.4239710914491052,0.9249893275964554,0.3978439138821537,1,0,1,0
0,0.022707294739865772,0.17584510237592746,0.07431499903070728,0.47969074013403357,0,0,0,0
1,0.7583136123859018,0.5751196429305038,0.4472301288753701,0.3978439138821537,1,1,0,0
0,0.512508532283013,0.5075986982452624,0.4472301288753701,0.3978439138821537,1,1,0,0
0,0.594125898267802,0.7531687169711313,0.07431499903070728,0.701098738389222,1,1,0,1
0,0.13434271578691254,0.4850276595212115,0.5234187052694159,0.4568734218781583,0,0,1,0
0,0.5299384935892805,0.598391462232919,0.5234187052694159,0.701098738389222,1,1,1,1
0,0.07785227872919398,0.44562844836963045,0.07431499903070728,0.4568734218781583,0,0,0,0
0,0.10512997313371868,0.33342405184266266,0.07431499903070728,0.3978439138821537,0,0,0,0
0,0.03539749086401287,0.3104116613448345,0.07431499903070728,0.2909786896464161,0,0,0,0
0,0.07228718884833406,0.351624854775941,0.07431499903070728,0.3978439138821537,0,0,0,0
0,0.2452163194761973,0.5011479813932684,0.13655988961459878,0.3978439138821537,0,1,0,0
0,0.6260193926997019,0.5017552110632132,0.4472301288753701,0.3978439138821537,1,1,0,0
0,0.2867623221766882,0.4542819201462367,0.5234187052694159,0.701098738389222,0,0,1,1
0,0.19286198352847297,0.48518499073980453,0.13655988961459878,0.3978439138821537,0,0,0,0
0,0.054772597585277194,0.18600823909053535,0.13655988961459878,0.2909786896464161,0,0,0,0
0,0.5886102680837447,0.681989095644598,0.5234187052694159,0.701098738389222,1,1,1,1
0,0.02058940865137872,0.14569827280888972,0.13655988961459878,0.15659063436336962,0,0,0,0
0,0.21663175062905815,0.2927198919690333,0.07103470408429507,0.2909786896464161,0,0,0,0
0,0.4079198651827525,0.4894020881171275,0.7119238007333535,0.37265323151672886,0,0,1,0
0,0.06733192466969208,0.31366510795878,0.07431499903070728,0.3978439138821537,0,0,0,0
0,0.2917771664994668,0.4018428398522499,0.4472301288753701,0.3978439138821537,0,0,0,0
0,0.37213605150769025,0.5115507296586117,0.7119238007333535,0.4568734218781583,0,1,1,0
0,0.2036096818286335,0.4822165278609936,0.07431499903070728,0.701098738389222,0,0,0,1
0,0.18724791022266707,0.3675069274799155,0.07431499903070728,0.3978439138821537,0,0,0,0
1,0.9764397399884586,0.9281188063244951,0.9602234262685618,0.9479097084107246,1,1,1,1
1,0.8097416316555542,0.36415470872062294,0.7616858140337348,0.23888391686748214,1,0,1,0
0,0.6078903506138822,0.48971721542918795,0.4472301288753701,0.3978439138821537,1,0,0,0
1,0.9868858336934317,0.970815680859012,0.9602234262685618,0.9479097084107246,1,1,1,1
0,0.2311354267625157,0.3653029409612988,0.07103470408429507,0.2909786896464161,0,0,0,0
0,0.08139615909869442,0.4425180971166738,0.07431499903070728,0.3978439138821537,0,0,0,0
0,0.046195102578976605,0.18152639042042565,0.13655988961459878,0.15659063436336962,0,0,0,0
0,0.21094702356198367,0.23994695052668732,0.07103470408429507,0.2909786896464161,0,0,0,0
0,0.30466380220611283,0.47088934859052306,0.13655988961459878,0.3978439138821537,0,0,0,0
0,0.049300104754159746,0.22235770458061413,0.07431499903070728,0.2909786896464161,0,0,0,0
0,0.17458182946176767,0.43197523623439116,0.13655988961459878,0.3978439138821537,0,0,0,0
0,0.17237055413530408,0.3469980171422921,0.043146073851833694,0.23888391686748214,0,0,0,0
0,0.04150978860002316,0.3277319282437999,0.07431499903070728,0.3978439138821537,0,0,0,0
0,0.41342156442816347,0.41267794710531824,0.7119238007333535,0.37265323151672886,0,0,1,0
0,0.08877687730666171,0.40697218147447684,0.07431499903070728,0.2909786896464161,0,0,0,0
0,0.39661546349458016,0.40313176639036424,0.7119238007333535,0.37265323151672886,0,0,1,0
1,0.9790098846347466,0.9234289483558449,0.9602234262685618,0.9479097084107246,1,1,1,1
0,0.09442276741728313,0.25811598281060616,0.5234187052694159,0.6545986309349229,0,0,1,1
0,0.04123779804271465,0.180662347416108,0.13655988961459878,0.15659063436336962,0,0,0,0
0,0.27477515960665094,0.4915838818945092,0.7119238007333535,0.4568734218781583,0,0,1,0
0,0.5809071132304329,0.5130239502916042,0.4472301288753701,0.3978439138821537,1,1,0,0
0,0.04004196078016663,0.1962488398681582,0.043146073851833694,0.15659063436336962,0,0,0,0
0,0.20299639440268244,0.3308015291302805,0.13655988961459878,0.3978439138821537,0,0,0,0
0,0.019790236063141276,0.1613812411424572,0.07431499903070728,0.2909786896464161,0,0,0,0
0,0.23311939941385434,0.5332899122500466,0.07431499903070728,0.3978439138821537,0,1,0,0
0,0.3925688179666869,0.4017531930457884,0.07103470408429507,0.2909786896464161,0,0,0,0
0,0.043230768007462735,0.264275365109519,0.07431499903070728,0.37265323151672886,0,0,0,0
0,0.04278516297612153,0.17956486913194217,0.13655988961459878,0.15659063436336962,0,0,0,0
0,0.6449655343271081,0.536283354724592,0.7119238007333535,0.701098738389222,1,1,1,1
0,0.02684527913279701,0.22504968307153442,0.07431499903070728,0.15659063436336962,0,0,0,0
0,0.05023380966517113,0.28206081088142765,0.07431499903070728,0.2909786896464161,0,0,0,0
0,0.13451296766273935,0.39394986477135924,0.5234187052694159,0.4568734218781583,0,0,1,0
0,0.11020600879330146,0.22399056218618765,0.4472301288753701,0.3978439138821537,0,0,0,0
0,0.9445061731718126,0.5501645933973933,0.8761146978001559,0.3978439138821537,1,1,1,0
0,0.09909159845107265,0.3616661336923201,0.13655988961459878,0.3978439138821537,0,0,0,0
1,0.8987709701157354,0.6633494872971096,0.7849054919390522,0.701098738389222,1,1,1,1
0,0.6302941566896666,0.4972847478832689,0.641289481962736,0.2909786896464161,1,0,1,0
0,0.032776959692665336,0.16521429704381038,0.13655988961459878,0.15659063436336962,0,0,0,0
0,0.02751447427589882,0.2392269457562245,0.07431499903070728,0.23888391686748214,0,0,0,0
0,0.015611305219360978,0.12801330797192856,0.07431499903070728,0.15659063436336962,0,0,0,0
1,0.9914672780331878,0.9504224468276011,0.9602234262685618,0.9479097084107246,1,1,1,1
0,0.19293832557291163,0.43979001001177404,0.5234187052694159,0.701098738389222,0,0,1,1
0,0.5322665587246861,0.17296637243578475,0.7616858140337348,0.15659063436336962,1,0,1,0
0,0.3642999433795868,0.5012740316920553,0.13655988961459878,0.3978439138821537,0,1,0,0
0,0.08673665495960754,0.3664020415259343,0.043146073851833694,0.2909786896464161,0,0,0,0
1,0.40288190393284484,0.5510546802735453,0.5234187052694159,0.37265323151672886,0,1,1,0
0,0.1196463637899512,0.39884430323375103,0.07431499903070728,0.3978439138821537,0,0,0,0
0,0.2776811222473706,0.4710147942357467,0.13655988961459878,0.3978439138821537,0,0,0,0
1,0.563033625293385,0.5960874722232402,0.4472301288753701,0.3978439138821537,1,1,0,0
0,0.04064179148402907,0.1238362863886081,0.07103470408429507,0.15659063436336962,0,0,0,0
0,0.04368671306652954,0.31551568889194787,0.07431499903070728,0.4568734218781583,0,0,0,0
0,0.9884336525488873,0.7927453447595736,0.8761146978001559,0.9269601406234662,1,1,1,1
0,0.924251066188418,0.38523102570268214,0.9249893275964554,0.37265323151672886,1,0,1,0
0,0.16162711735961907,0.3479762679957276,0.13655988961459878,0.3978439138821537,0,0,0,0
0,0.05016787998903056,0.25967437387284836,0.07431499903070728,0.23888391686748214,0,0,0,0
1,0.997791306972945,0.1938164392951456,0.8797509975750424,0.15659063436336962,1,0,1,0
0,0.022038495727380907,0.17792710381928617,0.07431499903070728,0.3978439138821537,0,0,0,0
0,0.20578058178307562,0.4731183344892472,0.07431499903070728,0.37265323151672886,0,0,0,0
0,0.07589078006141467,0.17878559988006482,0.13655988961459878,0.15659063436336962,0,0,0,0
0,0.4125870432061196,0.710497512859979,0.07431499903070728,0.701098738389222,0,1,0,1
0,0.11777312515430262,0.397258107646227,0.043146073851833694,0.23888391686748214,0,0,0,0
0,0.36743383088206144,0.5615373873848662,0.5234187052694159,0.6545986309349229,0,1,1,1
0,0.2780680400219339,0.5537745176685985,0.07431499903070728,0.3978439138821537,0,1,0,0
0,0.04307836368994785,0.19174044182407435,0.13655988961459878,0.15659063436336962,0,0,0,0
0,0.054518251905697715,0.28686673075837216,0.07431499903070728,0.23888391686748214,0,0,0,0
0,0.07458788533960037,0.16617287468658698,0.043146073851833694,0.23888391686748214,0,0,0,0
0,0.05550266724721018,0.19531082773995218,0.13655988961459878,0.23888391686748214,0,0,0,0
0,0.06103774408788341,0.30550790485314494,0.07431499903070728,0.4568734218781583,0,0,0,0
0,0.5895493947486918,0.4515884875228632,0.7849054919390522,0.3978439138821537,1,0,1,0
0,0.012867711434701699,0.2632680414558252,0.07431499903070728,0.4568734218781583,0,0,0,0
0,0.2437618511830321,0.553718134856831,0.07431499903070728,0.37265323151672886,0,1,0,0
0,0.06997629811280368,0.35376637428293073,0.07431499903070728,0.3978439138821537,0,0,0,0
0,0.42975454651850054,0.5384665999287651,0.5234187052694159,0.701098738389222,0,1,1,1
0,0.3925989189770954,0.474166894028327,0.5234187052694159,0.37265323151672886,0,0,1,0
0,0.21855994072691462,0.19782117384112385,0.2843241992058826,0.47969074013403357,0,0,0,0
0,0.07575008109990317,0.35049654147363624,0.07431499903070728,0.37265323151672886,0,0,0,0
0,0.09199276702468306,0.11909794769153903,0.2843241992058826,0.15659063436336962,0,0,0,0
0,0.5809344157454015,0.4636571531206362,0.7119238007333535,0.701098738389222,1,0,1,1
0,0.043891735713683044,0.3870579127028462,0.07431499903070728,0.4568734218781583,0,0,0,0
0,0.4309698645935049,0.5271950156962951,0.7119238007333535,0.4568734218781583,0,1,1,0
0,0.49979443651100014,0.23445277724953775,0.7616858140337348,0.2909786896464161,0,0,1,0
0,0.926594834577192,0.5695388336345485,0.8761146978001559,0.3978439138821537,1,1,1,0
1,0.9533622384161808,0.5756632024177704,0.8761146978001559,0.701098738389222,1,1,1,1
0,0.14341017686644758,0.4174398858403054,0.07431499903070728,0.37265323151672886,0,0,0,0
1,0.660922801980161,0.4033781513777246,0.7849054919390522,0.4568734218781583,1,0,1,0
1,0.8026433710840242,0.7702573358241784,0.7119238007333535,0.701098738389222,1,1,1,1
1,0.904323309787467,0.9144687007579243,0.9369658288621653,0.9269601406234662,1,1,1,1
0,0.23527945840639533,0.44191189482003507,0.13655988961459878,0.3978439138821537,0,0,0,0
0,0.170106486075858,0.35880729217595614,0.13655988961459878,0.3978439138821537,0,0,0,0
0,0.11950475841781862,0.4017233020145687,0.5234187052694159,0.4568734218781583,0,0,1,0
0,0.12773347141391406,0.28224599937781003,0.13655988961459878,0.3978439138821537,0,0,0,0
0,0.0880898960866047,0.3719964632974181,0.13655988961459878,0.3978439138821537,0,0,0,0
0,0.03124256982118777,0.24977827696894447,0.07431499903070728,0.3978439138821537,0,0,0,0
1,0.6739104742362697,0.4570266718196952,0.7119238007333535,0.37265323151672886,1,0,1,0
0,0.03378277213153401,0.25947823184359764,0.07431499903070728,0.3978439138821537,0,0,0,0
0,0.24740088642072103,0.5780701960328918,0.07431499903070728,0.37265323151672886,0,1,0,0
0,0.2655688393445266,0.37442625200482066,0.7119238007333535,0.37265323151672886,0,0,1,0
0,0.034973112022588355,0.24335157604298907,0.07431499903070728,0.15659063436336962,0,0,0,0
0,0.2336274760367256,0.3986226054809078,0.5234187052694159,0.6545986309349229,0,0,1,1
0,0.07753362747505377,0.3174386918339335,0.07431499903070728,0.2909786896464161,0,0,0,0
0,0.9270365930893232,0.4396754642172172,0.9249893275964554,0.3978439138821537,1,0,1,0
0,0.052031459557084554,0.2658012052276484,0.07431499903070728,0.23888391686748214,0,0,0,0
0,0.05257711935930075,0.17719956848645682,0.13655988961459878,0.15659063436336962,0,0,0,0
0,0.622458078276068,0.4913983535604621,0.4472301288753701,0.3978439138821537,1,0,0,0
0,0.2745251496925391,0.6025190494333565,0.07431499903070728,0.701098738389222,0,1,0,1
0,0.049735204109018556,0.18219217288802933,0.13655988961459878,0.15659063436336962,0,0,0,0
0,0.16810658879720794,0.42780386702483303,0.5234187052694159,0.37265323151672886,0,0,1,0
0,0.4332074009928461,0.5592282896309905,0.13655988961459878,0.3978439138821537,0,1,0,0
0,0.26950810793837415,0.5788344052958491,0.07431499903070728,0.701098738389222,0,1,0,1
0,0.9883556935138492,0.9325222616017486,0.966188612902029,0.8342236211422674,1,1,1,1
0,0.2520022578099299,0.4547597989736816,0.7119238007333535,0.4568734218781583,0,0,1,0
0,0.08987887019287175,0.4476869112862621,0.07431499903070728,0.37265323151672886,0,0,0,0
0,0.142815975989306,0.3097674853843903,0.13655988961459878,0.3978439138821537,0,0,0,0
0,0.08127787395674063,0.43858333307784253,0.07431499903070728,0.3978439138821537,0,0,0,0
0,0.03270200969100664,0.1468908451265994,0.13655988961459878,0.15659063436336962,0,0,0,0
0,0.3361907348003584,0.5201152536745152,0.13655988961459878,0.3978439138821537,0,1,0,0
1,0.7790404905850502,0.6600718792267143,0.7119238007333535,0.701098738389222,1,1,1,1
1,0.9586063610780309,0.9489659020001238,0.9369658288621653,0.9479097084107246,1,1,1,1
0,0.09841415949565772,0.23186412853752852,0.13655988961459878,0.3978439138821537,0,0,0,0
1,0.5962565261395625,0.688047669030405,0.7119238007333535,0.701098738389222,1,1,1,1
0,0.12907185161651497,0.4400577234772669,0.07431499903070728,0.3978439138821537,0,0,0,0
0,0.021158256717397874,0.2245191444058637,0.07431499903070728,0.23888391686748214,0,0,0,0
0,0.049127781182957964,0.32169017343561923,0.07431499903070728,0.2909786896464161,0,0,0,0
1,0.6076810164444275,0.5413205808442887,0.7119238007333535,0.6545986309349229,1,1,1,1
0,0.17531363033292885,0.5645203225434472,0.07431499903070728,0.3978439138821537,0,1,0,0
0,0.16305275471270916,0.33376139299734825,0.13655988961459878,0.3978439138821537,0,0,0,0
0,0.04956499344118984,0.23544185362223802,0.07431499903070728,0.2909786896464161,0,0,0,0
0,0.7288811339881426,0.5656385239752652,0.7119238007333535,0.701098738389222,1,1,1,1
0,0.4116744663468416,0.565718308480146,0.13655988961459878,0.3978439138821537,0,1,0,0
0,0.16188790707891748,0.42247459502980456,0.13655988961459878,0.3978439138821537,0,0,0,0
0,0.05740414220173901,0.1849508659253424,0.13655988961459878,0.15659063436336962,0,0,0,0
0,0.10831072627545243,0.40644061608475385,0.5234187052694159,0.4568734218781583,0,0,1,0
0,0.05376275548207439,0.18623700682839683,0.13655988961459878,0.15659063436336962,0,0,0,0
1,0.9645209479427085,0.5179552711919115,0.9249893275964554,0.3978439138821537,1,1,1,0
1,0.4343796156482303,0.43479227370953444,0.7119238007333535,0.6545986309349229,0,0,1,1
0,0.6855825392761148,0.8124247063984087,0.7563345524221652,0.9269601406234662,1,1,1,1
0,0.032770108735714946,0.16726960516565104,0.13655988961459878,0.15659063436336962,0,0,0,0
0,0.18141420013473092,0.454560901994138,0.13655988961459878,0.3978439138821537,0,0,0,0
0,0.11466172296414973,0.42998786970106867,0.07431499903070728,0.2909786896464161,0,0,0,0
0,0.15820887001525444,0.4897068787454654,0.07431499903070728,0.701098738389222,0,0,0,1
0,0.19267627277579402,0.5126886089683775,0.07431499903070728,0.37265323151672886,0,1,0,0
0,0.04772048190851827,0.38096354149674855,0.07431499903070728,0.3978439138821537,0,0,0,0
1,0.8155625654646735,0.557321358684287,0.7119238007333535,0.701098738389222,1,1,1,1
0,0.06454430532457804,0.38367850356536076,0.07431499903070728,0.3978439138821537,0,0,0,0
1,0.6891327808446924,0.817520734748339,0.9369658288621653,0.9269601406234662,1,1,1,1
1,0.8674424393150761,0.17266541178164593,0.8797509975750424,0.15659063436336962,1,0,1,0
0,0.09236172507645204,0.40401765382512755,0.07431499903070728,0.701098738389222,0,0,0,1
1,0.9435093701870993,0.5230885454160838,0.9249893275964554,0.37265323151672886,1,1,1,0
0,0.04800908959230305,0.2898521974165083,0.07431499903070728,0.3978439138821537,0,0,0,0
0,0.01386749739614307,0.15659099946608473,0.07431499903070728,0.15659063436336962,0,0,0,0
1,0.8253716689272318,0.8260702589916453,0.9369658288621653,0.9269601406234662,1,1,1,1
0,0.08053888198260355,0.37224719319047855,0.07431499903070728,0.23888391686748214,0,0,0,0
0,0.29454091080888134,0.4913034152413144,0.07431499903070728,0.701098738389222,0,0,0,1
0,0.9826631594812514,0.7799183852859741,0.8761146978001559,0.701098738389222,1,1,1,1
0,0.4398989912787809,0.441993577777726,0.7119238007333535,0.701098738389222,0,0,1,1
1,0.5703509739506508,0.39977144419679767,0.4472301288753701,0.3978439138821537,1,0,0,0
0,0.2785092211366191,0.3746926675109746,0.4472301288753701,0.3978439138821537,0,0,0,0
0,0.27676267974449614,0.3328028708602977,0.4472301288753701,0.3978439138821537,0,0,0,0
0,0.3235826167188847,0.4187081315080623,0.7119238007333535,0.37265323151672886,0,0,1,0
1,0.6662192301444264,0.7339552913376426,0.13655988961459878,0.3978439138821537,1,1,0,0
0,0.1751127942941481,0.4879043889686767,0.07431499903070728,0.4568734218781583,0,0,0,0
0,0.0678555594573487,0.24445051182074393,0.13655988961459878,0.2909786896464161,0,0,0,0
0,0.06265938665064344,0.32035875599260333,0.07431499903070728,0.2909786896464161,0,0,0,0
0,0.7476269015117317,0.7417705857433103,0.13655988961459878,0.3978439138821537,1,1,0,0
1,0.7935249070815974,0.48356740598868353,0.8761146978001559,0.4568734218781583,1,0,1,0
0,0.19907318043805539,0.4587439794409635,0.13655988961459878,0.3978439138821537,0,0,0,0
0,0.42874048066851933,0.6340541435340779,0.5234187052694159,0.701098738389222,0,1,1,1
0,0.15692533758850516,0.40791460690617803,0.07431499903070728,0.37265323151672886,0,0,0,0
0,0.03926310290420862,0.1673612754809389,0.13655988961459878,0.15659063436336962,0,0,0,0
0,0.2424002819103221,0.38647344418920204,0.5234187052694159,0.37265323151672886,0,0,1,0
0,0.5655223891153618,0.35534140099815203,0.33476237395442404,0.23888391686748214,1,0,0,0
0,0.2221137500899317,0.3949012608955385,0.13655988961459878,0.3978439138821537,0,0,0,0
0,0.22154079583732353,0.4648178631644678,0.07431499903070728,0.3978439138821537,0,0,0,0
0,0.10128321803064941,0.4502392835623667,0.07431499903070728,0.3978439138821537,0,0,0,0
0,0.20859129259659548,0.5179700194440056,0.5234187052694159,0.4568734218781583,0,1,1,0
0,0.5857850136266715,0.4924851854506489,0.7119238007333535,0.6545986309349229,1,0,1,1
0,0.08555152315538153,0.2691273893963015,0.13655988961459878,0.2909786896464161,0,0,0,0
0,0.04113790515761585,0.2711128892497997,0.13655988961459878,0.2909786896464161,0,0,0,0
0,0.2971329671761695,0.3907409727308848,0.4472301288753701,0.3978439138821537,0,0,0,0
0,0.5272457742806114,0.6146059330700118,0.07431499903070728,0.701098738389222,1,1,0,1
0,0.36523467673752724,0.5034545126132192,0.13655988961459878,0.3978439138821537,0,1,0,0
0,0.26018229589310143,0.5680192562416065,0.07431499903070728,0.8919618540568964,0,1,0,1
0,0.063972479751932,0.2914646443566843,0.07431499903070728,0.2909786896464161,0,0,0,0
0,0.5771800135850033,0.43016036328725815,0.641289481962736,0.23888391686748214,1,0,1,0
1,0.17627474488329684,0.39543987953410825,0.043146073851833694,0.23888391686748214,0,0,0,0
0,0.0266472202448324,0.16191524094428808,0.043146073851833694,0.23888391686748214,0,0,0,0
0,0.28953816778309743,0.6011909880712252,0.07431499903070728,0.3978439138821537,0,1,0,0
0,0.2444023913297679,0.4084910580029549,0.4472301288753701,0.3978439138821537,0,0,0,0
1,0.8030107608152861,0.8498274837869318,0.5234187052694159,0.701098738389222,1,1,1,1
0,0.1807810914565045,0.4593453183967359,0.07431499903070728,0.701098738389222,0,0,0,1
0,0.1890747560881803,0.5160493575681403,0.07431499903070728,0.701098738389222,0,1,0,1
1,0.8475153067474127,0.5824128650720285,0.8761146978001559,0.4568734218781583,1,1,1,0
0,0.04698622728051229,0.15293143222378885,0.07103470408429507,0.15659063436336962,0,0,0,0
0,0.007239616723168746,0.18172496720912099,0.07431499903070728,0.2909786896464161,0,0,0,0
0,0.039240739645167576,0.16466116977646927,0.13655988961459878,0.15659063436336962,0,0,0,0
0,0.8042308737973803,0.4758844007423019,0.7849054919390522,0.3978439138821537,1,0,1,0
0,0.5594785051999996,0.3248746970142301,0.624061140007934,0.23888391686748214,1,0,1,0
1,0.7876502302626812,0.5508351279075409,0.7119238007333535,0.701098738389222,1,1,1,1
0,0.3550125057540512,0.41553409760548166,0.7119238007333535,0.37265323151672886,0,0,1,0
0,0.1340263231671486,0.21443730067797778,0.07103470408429507,0.2909786896464161,0,0,0,0
1,0.04381207738712966,0.18326769779367796,0.043146073851833694,0.23888391686748214,0,0,0,0
0,0.9837071133473748,0.8909295254873129,0.9602234262685618,0.9479097084107246,1,1,1,1
0,0.326169219440782,0.242541338779638,0.624061140007934,0.2909786896464161,0,0,1,0
0,0.6020386950622167,0.7772816929168458,0.5234187052694159,0.701098738389222,1,1,1,1
0,0.804325454105474,0.6435466579310739,0.7119238007333535,0.701098738389222,1,1,1,1
0,0.1151419672722074,0.41940631149927826,0.07431499903070728,0.3978439138821537,0,0,0,0
0,0.9225260151963005,0.5904155397782355,0.8761146978001559,0.3978439138821537,1,1,1,0
0,0.009244089310499614,0.1731642009898692,0.07431499903070728,0.3978439138821537,0,0,0,0
1,0.9386955371581295,0.8994332911926111,0.5234187052694159,0.701098738389222,1,1,1,1
0,0.4229950175355852,0.5502979640392793,0.5234187052694159,0.37265323151672886,0,1,1,0
0,0.3445136958633736,0.5511453244116542,0.5234187052694159,0.37265323151672886,0,1,1,0
0,0.12722729280826323,0.2985603733921493,0.13655988961459878,0.3978439138821537,0,0,0,0
1,0.9877213249166108,0.8722707648871765,0.8761146978001559,0.701098738389222,1,1,1,1
0,0.10065721774390757,0.32413469272135415,0.13655988961459878,0.2909786896464161,0,0,0,0
1,0.9118147481827505,0.49673363389958675,0.9249893275964554,0.3978439138821537,1,0,1,0
0,0.0734158568327237,0.4370091248546702,0.07431499903070728,0.3978439138821537,0,0,0,0
1,0.6032902723474756,0.43024529270420286,0.4472301288753701,0.3978439138821537,1,0,0,0
0,0.16419260172089747,0.41865614891255243,0.13655988961459878,0.3978439138821537,0,0,0,0
0,0.15150094321227628,0.45366310200066534,0.07431499903070728,0.2909786896464161,0,0,0,0
0,0.4449877044348731,0.4803099790845878,0.4472301288753701,0.3978439138821537,0,0,0,0
0,0.08237521975208441,0.45166086864296995,0.07431499903070728,0.4568734218781583,0,0,0,0
0,0.4485252085750238,0.3968912637739005,0.4472301288753701,0.3978439138821537,0,0,0,0
0,0.25888730373513114,0.5525670586894237,0.07431499903070728,0.701098738389222,0,1,0,1
0,0.5250043122963378,0.4964152875976144,0.7119238007333535,0.701098738389222,1,0,1,1
0,0.284338369044465,0.45113887013260506,0.07431499903070728,0.3978439138821537,0,0,0,0
0,0.016566186847981976,0.19362449662982342,0.07431499903070728,0.23888391686748214,0,0,0,0
0,0.36640831384893374,0.48632668322977185,0.7119238007333535,0.4568734218781583,0,0,1,0
0,0.01531947207975628,0.15154219737174818,0.07431499903070728,0.15659063436336962,0,0,0,0
0,0.4195138530604085,0.4926047371322921,0.13655988961459878,0.3978439138821537,0,0,0,0
0,0.2236721402077618,0.18519954816501935,0.2843241992058826,0.15659063436336962,0,0,0,0
1,0.8404284761349772,0.8171708576503623,0.7119238007333535,0.701098738389222,1,1,1,1
0,0.1700463057276678,0.5222140113483728,0.07431499903070728,0.37265323151672886,0,1,0,0
0,0.11483728373805625,0.45165647072211546,0.07431499903070728,0.4568734218781583,0,0,0,0
0,0.18591565311533462,0.3264992690049767,0.4472301288753701,0.3978439138821537,0,0,0,0
0,0.2694427379810608,0.4135737443732806,0.4472301288753701,0.3978439138821537,0,0,0,0
0,0.5710371837208897,0.44918015853191084,0.7119238007333535,0.701098738389222,1,0,1,1
0,0.1062045862711246,0.3730954423448425,0.07431499903070728,0.3978439138821537,0,0,0,0
0,0.7172838718346596,0.5722471699987869,0.7119238007333535,0.701098738389222,1,1,1,1
0,0.2318254814264144,0.47662224883348747,0.5234187052694159,0.37265323151672886,0,0,1,0
0,0.17404252248592902,0.31687421305174146,0.13655988961459878,0.3978439138821537,0,0,0,0
0,0.03191574081681115,0.18252514815422424,0.07431499903070728,0.15659063436336962,0,0,0,0
0,0.17056162284407503,0.3532240439184249,0.13655988961459878,0.3978439138821537,0,0,0,0
0,0.11240335737328873,0.34535901897286697,0.13655988961459878,0.3978439138821537,0,0,0,0
1,0.9910995235689262,0.7838807155651227,0.9249893275964554,0.701098738389222,1,1,1,1
0,0.2391016298218067,0.6099070124478109,0.07431499903070728,0.3978439138821537,0,1,0,0
0,0.007319200837609193,0.12035355867726555,0.07431499903070728,0.15659063436336962,0,0,0,0
0,0.06194986704947939,0.23168315269762738,0.13655988961459878,0.2909786896464161,0,0,0,0
0,0.08347799285090167,0.3715204268842492,0.07431499903070728,0.23888391686748214,0,0,0,0
0,0.1968191859281348,0.43782077469734604,0.13655988961459878,0.3978439138821537,0,0,0,0
0,0.12927595541478484,0.4803078014465217,0.07431499903070728,0.3978439138821537,0,0,0,0
0,0.03719603182551406,0.19510647315012675,0.13655988961459878,0.2909786896464161,0,0,0,0
0,0.7554166968424009,0.5679340481985744,0.4472301288753701,0.3978439138821537,1,1,0,0
0,0.950638744441213,0.6215352083412714,0.8761146978001559,0.701098738389222,1,1,1,1
0,0.06996608698860353,0.36509044885273007,0.07431499903070728,0.23888391686748214,0,0,0,0
1,0.6156465245061988,0.10021054144807694,0.8797509975750424,0.15659063436336962,1,0,1,0
0,0.12811156478096744,0.2594979816406388,0.07103470408429507,0.23888391686748214,0,0,0,0
0,0.6100495215135786,0.6951100097903956,0.7119238007333535,0.37265323151672886,1,1,1,0
0,0.12562810727932908,0.3118843112617164,0.13655988961459878,0.2909786896464161,0,0,0,0
0,0.34305492450442643,0.4758838560345734,0.13655988961459878,0.3978439138821537,0,0,0,0
0,0.09374774200855086,0.3632635235126951,0.07431499903070728,0.23888391686748214,0,0,0,0
0,0.042925397156352525,0.1861715251915895,0.13655988961459878,0.2909786896464161,0,0,0,0
0,0.20656108181264457,0.46088335574247463,0.07431499903070728,0.701098738389222,0,0,0,1
0,0.4195733174833356,0.5004910703171683,0.13655988961459878,0.3978439138821537,0,1,0,0
0,0.9213059043339711,0.7976633439812953,0.7119238007333535,0.701098738389222,1,1,1,1
0,0.21541931598954742,0.5066620223034102,0.13655988961459878,0.3978439138821537,0,1,0,0
0,0.0668848208531375,0.31205205584216716,0.07431499903070728,0.2909786896464161,0,0,0,0
0,0.18568306015797537,0.3546280283705695,0.07103470408429507,0.23888391686748214,0,0,0,0
0,0.32171819722797884,0.4772821059115422,0.5234187052694159,0.701098738389222,0,0,1,1
0,0.14998577686252118,0.35766558772287865,0.07431499903070728,0.3978439138821537,0,0,0,0
0,0.7426197797920919,0.8401225920235319,0.5234187052694159,0.701098738389222,1,1,1,1
0,0.9154635969530304,0.5728280154499873,0.8761146978001559,0.701098738389222,1,1,1,1
0,0.2993985702450995,0.5669648261194984,0.5234187052694159,0.4568734218781583,0,1,1,0
0,0.043976028000743184,0.16701052670939945,0.13655988961459878,0.2909786896464161,0,0,0,0
0,0.536881909556577,0.5073550042633506,0.4472301288753701,0.3978439138821537,1,1,0,0
1,0.87565158244247,0.8589346173960446,0.9602234262685618,0.9479097084107246,1,1,1,1
0,0.28738888614268565,0.4136682586664926,0.4472301288753701,0.3978439138821537,0,0,0,0
0,0.1180506390350669,0.5105071761961838,0.07431499903070728,0.4568734218781583,0,1,0,0
0,0.04041282362261988,0.16466086296694016,0.13655988961459878,0.15659063436336962,0,0,0,0
0,0.05950936898039416,0.13282856833553058,0.07103470408429507,0.15659063436336962,0,0,0,0
0,0.12740266677045128,0.18113700842070277,0.07103470408429507,0.15659063436336962,0,0,0,0
0,0.1764708323657453,0.47359781030875536,0.07431499903070728,0.3978439138821537,0,0,0,0
0,0.06455683024824685,0.2912165601871878,0.07431499903070728,0.2909786896464161,0,0,0,0
0,0.6829909199474309,0.8680036291059914,0.7563345524221652,0.9269601406234662,1,1,1,1
0,0.6586324165959818,0.4309147281483274,0.7119238007333535,0.37265323151672886,1,0,1,0
0,0.3592633962129318,0.6948386681688293,0.07431499903070728,0.701098738389222,0,1,0,1
0,0.4745849622220735,0.5707506361565395,0.5234187052694159,0.701098738389222,0,1,1,1
0,0.1662862951330358,0.4956935308608669,0.13655988961459878,0.3978439138821537,0,0,0,0
1,0.7857403523232058,0.7747800798085218,0.7119238007333535,0.701098738389222,1,1,1,1
0,0.7294358272785052,0.4759038798748299,0.4472301288753701,0.3978439138821537,1,0,0,0
0,0.2147565108199419,0.49168662228779536,0.5234187052694159,0.4568734218781583,0,0,1,0
0,0.0061311815408506155,0.11114389079741033,0.07431499903070728,0.2909786896464161,0,0,0,0
0,0.1202198459768432,0.2276827969519539,0.07103470408429507,0.15659063436336962,0,0,0,0
0,0.08545725838246339,0.4652696848783152,0.07431499903070728,0.3978439138821537,0,0,0,0
0,0.5871237220635391,0.7769016446961636,0.186156446724178,0.701098738389222,1,1,0,1
0,0.47793023225521136,0.4068594206844959,0.4472301288753701,0.3978439138821537,0,0,0,0
0,0.4759133020209831,0.5129188382562448,0.4472301288753701,0.3978439138821537,0,1,0,0
0,0.14086867890765936,0.3394148175128923,0.07431499903070728,0.701098738389222,0,0,0,1
0,0.4255828993900117,0.5521668200097208,0.13655988961459878,0.3978439138821537,0,1,0,0
0,0.17554523727822402,0.3467513142835835,0.4472301288753701,0.3978439138821537,0,0,0,0
0,0.31054930228527594,0.5713213398153313,0.13655988961459878,0.3978439138821537,0,1,0,0
0,0.022126913260958912,0.15976978320623905,0.07431499903070728,0.15659063436336962,0,0,0,0
0,0.9435203822956502,0.652270887176699,0.8761146978001559,0.701098738389222,1,1,1,1
0,0.19641121482072843,0.454152249417625,0.5234187052694159,0.37265323151672886,0,0,1,0
0,0.3245510897190023,0.24599076839020834,0.2843241992058826,0.15659063436336962,0,0,0,0
0,0.03564159876291023,0.18255837970544242,0.13655988961459878,0.15659063436336962,0,0,0,0
0,0.2731049423459607,0.19784039979372445,0.33476237395442404,0.23888391686748214,0,0,0,0
1,0.99202102815233,0.5032615339013408,0.9249893275964554,0.701098738389222,1,1,1,1
0,0.11127998819366436,0.33560010727461626,0.07431499903070728,0.2909786896464161,0,0,0,0
1,0.862171279737369,0.7839777113840962,0.4472301288753701,0.3978439138821537,1,1,0,0
1,0.6270817293867713,0.7317401379501547,0.07431499903070728,0.701098738389222,1,1,0,1
0,0.08814365583506151,0.40685848048957535,0.07431499903070728,0.3978439138821537,0,0,0,0
1,0.6208476268079753,0.6918566885131241,0.7119238007333535,0.701098738389222,1,1,1,1
1,0.6152021900707452,0.6797105106702162,0.5234187052694159,0.701098738389222,1,1,1,1
0,0.09114001347824591,0.1745488796096095,0.07103470408429507,0.15659063436336962,0,0,0,0
0,0.04487754426327632,0.3285129636349321,0.07431499903070728,0.23888391686748214,0,0,0,0
0,0.025620412579812037,0.17796836169918656,0.07431499903070728,0.15659063436336962,0,0,0,0
0,0.008419722733880726,0.13025367480230196,0.07431499903070728,0.15659063436336962,0,0,0,0
0,0.4788253294002661,0.5169278679280509,0.7119238007333535,0.6545986309349229,0,1,1,1
1,0.9775191902876478,0.9605558556856637,0.9602234262685618,0.9269601406234662,1,1,1,1
0,0.05854887176492623,0.22473463174195077,0.13655988961459878,0.2909786896464161,0,0,0,0
0,0.4154395089218979,0.6304566670142432,0.07431499903070728,0.3978439138821537,0,1,0,0
0,0.06215943509487277,0.3860211931448983,0.07431499903070728,0.4568734218781583,0,0,0,0
0,0.14038208564813942,0.41623887952673555,0.13655988961459878,0.3978439138821537,0,0,0,0
0,0.4334789394985997,0.4733075820717092,0.7119238007333535,0.37265323151672886,0,0,1,0
0,0.06792330242351705,0.40035531022824083,0.07431499903070728,0.23888391686748214,0,0,0,0
0,0.5758121239524545,0.5279841508513564,0.13655988961459878,0.3978439138821537,1,1,0,0
0,0.27081571135733185,0.41908868261804383,0.4472301288753701,0.3978439138821537,0,0,0,0
0,0.04972017210005699,0.1276000346462704,0.07103470408429507,0.15659063436336962,0,0,0,0
0,0.3528301099845594,0.35112806788398,0.7119238007333535,0.37265323151672886,0,0,1,0
1,0.828179710255459,0.8760708939033433,0.9369658288621653,0.9479097084107246,1,1,1,1
0,0.19835361762323364,0.3867367189586423,0.5234187052694159,0.37265323151672886,0,0,1,0
0,0.008403280999696085,0.17686710433903097,0.07431499903070728,0.3978439138821537,0,0,0,0
0,0.2693890896693275,0.4039069433382933,0.7119238007333535,0.37265323151672886,0,0,1,0
0,0.1447701361331111,0.27858149620577644,0.07103470408429507,0.2909786896464161,0,0,0,0
0,0.9803516180255123,0.5663475017533837,0.9249893275964554,0.701098738389222,1,1,1,1
0,0.21926738246066282,0.47072815232713494,0.13655988961459878,0.3978439138821537,0,0,0,0
0,0.18747400816176088,0.4663431179910182,0.07431499903070728,0.3978439138821537,0,0,0,0
0,0.902603952125612,0.36803651828502165,0.9249893275964554,0.3978439138821537,1,0,1,0
0,0.23112214880422308,0.5132197524141885,0.5234187052694159,0.701098738389222,0,1,1,1
0,0.2633857119286034,0.44327709919484753,0.4472301288753701,0.3978439138821537,0,0,0,0
1,0.5001997009635495,0.6289658764033758,0.5234187052694159,0.6545986309349229,1,1,1,1
0,0.9284760346791096,0.4198567799582331,0.8797509975750424,0.15659063436336962,1,0,1,0
0,0.08819864812950015,0.3103098676448113,0.13655988961459878,0.2909786896464161,0,0,0,0
0,0.07251291094051598,0.22012047946084437,0.13655988961459878,0.3978439138821537,0,0,0,0
0,0.8768967705876662,0.5005460421745157,0.8761146978001559,0.3978439138821537,1,1,1,0
0,0.5535386525542154,0.5099129306458338,0.7119238007333535,0.701098738389222,1,1,1,1
0,0.01727230886964825,0.12209629034114554,0.13655988961459878,0.15659063436336962,0,0,0,0
0,0.17389072126644695,0.48988871014411794,0.13655988961459878,0.3978439138821537,0,0,0,0
0,0.13393852016478963,0.5229541319667904,0.07431499903070728,0.3978439138821537,0,1,0,0
0,0.20517840318145217,0.3561462589426259,0.4472301288753701,0.3978439138821537,0,0,0,0
0,0.0673481425258334,0.4343225184403264,0.07431499903070728,0.4568734218781583,0,0,0,0
1,0.542233444418371,0.6216863556572536,0.5234187052694159,0.701098738389222,1,1,1,1
0,0.023052539038189736,0.17324578214523453,0.07431499903070728,0.15659063436336962,0,0,0,0
0,0.08109334911565173,0.35569055781462205,0.07431499903070728,0.3978439138821537,0,0,0,0
0,0.2528437666134325,0.5215005212072282,0.5234187052694159,0.701098738389222,0,1,1,1
1,0.9971424045388627,0.6816520744425778,0.9249893275964554,0.701098738389222,1,1,1,1
0,0.3144950529831712,0.5725909773719916,0.5234187052694159,0.4568734218781583,0,1,1,0
0,0.03003019366544253,0.3029473143730469,0.07431499903070728,0.3978439138821537,0,0,0,0
0,0.4073493721305339,0.525433444606097,0.5234187052694159,0.701098738389222,0,1,1,1
1,0.41178281432774566,0.221898901155638,0.7616858140337348,0.2909786896464161,0,0,1,0
0,0.09250064242416393,0.16259033862259317,0.07103470408429507,0.2909786896464161,0,0,0,0
0,0.24690196335777617,0.4601136956572711,0.043146073851833694,0.23888391686748214,0,0,0,0
0,0.18755174001155048,0.28409289961121514,0.13655988961459878,0.3978439138821537,0,0,0,0
0,0.11564674950478408,0.49736580231732946,0.07431499903070728,0.3978439138821537,0,0,0,0
0,0.017267815839872667,0.18269757443492243,0.07431499903070728,0.23888391686748214,0,0,0,0
1,0.6302593510831687,0.5353393595541742,0.13655988961459878,0.3978439138821537,1,1,0,0
1,0.9167284028718773,0.7255370653552035,0.7119238007333535,0.701098738389222,1,1,1,1
0,0.1882659718918655,0.49748333700872416,0.07431499903070728,0.6545986309349229,0,0,0,1
0,0.4566072669674222,0.6980787687924567,0.5234187052694159,0.701098738389222,0,1,1,1
0,0.09068233127863047,0.4272267322797988,0.07431499903070728,0.37265323151672886,0,0,0,0
0,0.21463293985598633,0.6109885112346213,0.07431499903070728,0.4568734218781583,0,1,0,0
0,0.39690511461904576,0.7076808615606066,0.07431499903070728,0.701098738389222,0,1,0,1
0,0.20869586289729156,0.39985614432041294,0.7119238007333535,0.4568734218781583,0,0,1,0
1,0.7913388298228174,0.5824873613633724,0.7119238007333535,0.701098738389222,1,1,1,1
0,0.132251820947042,0.31492016512009724,0.13655988961459878,0.3978439138821537,0,0,0,0
0,0.12163436360229961,0.3781793409630193,0.5234187052694159,0.37265323151672886,0,0,1,0
0,0.17632726346990685,0.5199080689321084,0.07431499903070728,0.3978439138821537,0,1,0,0
1,0.7743242370593966,0.6336607150270814,0.7119238007333535,0.701098738389222,1,1,1,1
0,0.22155077316201052,0.3328033504210598,0.4472301288753701,0.3978439138821537,0,0,0,0
0,0.3461595567751358,0.3365203484046951,0.07103470408429507,0.2909786896464161,0,0,0,0
0,0.1695139248599873,0.15377718800700868,0.624061140007934,0.15659063436336962,0,0,1,0
1,0.11659696973392834,0.4328903666460672,0.07431499903070728,0.6545986309349229,0,0,0,1
0,0.24399956921411625,0.5586439648843209,0.5234187052694159,0.4568734218781583,0,1,1,0
1,0.8332863350580968,0.8220258211547944,0.7119238007333535,0.701098738389222,1,1,1,1
0,0.25090255937738787,0.5444115899806734,0.07431499903070728,0.701098738389222,0,1,0,1
0,0.2107251221581073,0.1830294759790581,0.2843241992058826,0.15659063436336962,0,0,0,0
0,0.7914105912827317,0.48603533627555534,0.8761146978001559,0.3978439138821537,1,0,1,0
0,0.019365985721939743,0.18898039835752353,0.07431499903070728,0.3978439138821537,0,0,0,0
0,0.9123103848987698,0.5505438890760275,0.7849054919390522,0.3978439138821537,1,1,1,0
1,0.9707947198867083,0.3436948484054598,0.9249893275964554,0.3978439138821537,1,0,1,0
0,0.03826061696120517,0.26301212089121134,0.07431499903070728,0.2909786896464161,0,0,0,0
0,0.2591974159380471,0.5858619467656877,0.07431499903070728,0.701098738389222,0,1,0,1
1,0.6678601151826479,0.823791922589074,0.0,0.0,1,1,0,0
0,0.04327360079498606,0.30055862465921096,0.07431499903070728,0.2909786896464161,0,0,0,0
0,0.13247007477738992,0.3668290371108149,0.13655988961459878,0.3978439138821537,0,0,0,0
0,0.12992776238093856,0.4307637927936046,0.07431499903070728,0.3978439138821537,0,0,0,0
0,0.15403266114620218,0.4248415714505355,0.13655988961459878,0.3978439138821537,0,0,0,0
0,0.2201162793729494,0.4630054299082648,0.07431499903070728,0.3978439138821537,0,0,0,0
0,0.8360936695469169,0.5094371373555083,0.7849054919390522,0.3978439138821537,1,1,1,0
0,0.420997563173907,0.5081829439169487,0.4472301288753701,0.3978439138821537,0,1,0,0
0,0.22515648918970066,0.32552813137656567,0.4472301288753701,0.3978439138821537,0,0,0,0
0,0.12346811180889633,0.397595833317039,0.5234187052694159,0.4568734218781583,0,0,1,0
1,0.39856998058226506,0.6596308774541458,0.5234187052694159,0.4568734218781583,0,1,1,0
0,0.298692957139708,0.4559472797216026,0.07103470408429507,0.23888391686748214,0,0,0,0
0,0.05291455760315825,0.20095281915782146,0.13655988961459878,0.2909786896464161,0,0,0,0
1,0.9965164534884229,0.3764265624860664,0.9249893275964554,0.3978439138821537,1,0,1,0
0,0.6779688311613399,0.6452055018451525,0.7119238007333535,0.701098738389222,1,1,1,1
0,0.00913478351445614,0.10384707002925064,0.07431499903070728,0.15659063436336962,0,0,0,0
0,0.05395480924188296,0.3476898977246726,0.07431499903070728,0.3978439138821537,0,0,0,0
0,0.11657294294637047,0.3207113799949003,0.13655988961459878,0.3978439138821537,0,0,0,0
0,0.18661332119283291,0.47825730928756943,0.07431499903070728,0.37265323151672886,0,0,0,0
0,0.5575850872075164,0.2685766389034388,0.7616858140337348,0.23888391686748214,1,0,1,0
0,0.3283755044360826,0.6703384525689388,0.07431499903070728,0.3978439138821537,0,1,0,0
0,0.6624798589161102,0.6918722380628116,0.07431499903070728,0.701098738389222,1,1,0,1
0,0.3579737480622939,0.6532480663838123,0.07431499903070728,0.701098738389222,0,1,0,1
1,0.9538926794976224,0.5643326704871864,0.8761146978001559,0.6545986309349229,1,1,1,1
1,0.9890029841421962,0.9613550779778152,0.9602234262685618,0.9479097084107246,1,1,1,1
0,0.25940750613232105,0.538679831639952,0.07431499903070728,0.701098738389222,0,1,0,1
0,0.058696762570849284,0.3245167019734793,0.13655988961459878,0.3978439138821537,0,0,0,0
0,0.037556676308257604,0.20048284898014598,0.13655988961459878,0.23888391686748214,0,0,0,0
0,0.1669044536846126,0.31428239316526524,0.13655988961459878,0.3978439138821537,0,0,0,0
0,0.02955349238588334,0.17701078105763576,0.07431499903070728,0.23888391686748214,0,0,0,0
0,0.2323888017133363,0.3952477489854404,0.4472301288753701,0.3978439138821537,0,0,0,0
0,0.5317569904942119,0.3721390571238222,0.641289481962736,0.23888391686748214,1,0,1,0
0,0.37630269442246156,0.6441235877813895,0.5234187052694159,0.701098738389222,0,1,1,1
0,0.029100680333954663,0.2883791093126454,0.07431499903070728,0.2909786896464161,0,0,0,0
0,0.00889457764238612,0.14732784557924947,0.07431499903070728,0.15659063436336962,0,0,0,0
0,0.16264035052235365,0.6031000068606417,0.07431499903070728,0.701098738389222,0,1,0,1
0,0.36498734946940853,0.5540447883133948,0.5234187052694159,0.701098738389222,0,1,1,1
0,0.12772353700791086,0.4966833785576213,0.07431499903070728,0.3978439138821537,0,0,0,0
0,0.03214230896770134,0.21622416392473945,0.07431499903070728,0.2909786896464161,0,0,0,0
0,0.5602011660805075,0.2771451838605381,0.7849054919390522,0.3978439138821537,1,0,1,0
0,0.4989571670051628,0.5134045234414993,0.4472301288753701,0.3978439138821537,0,1,0,0
0,0.044615842105533994,0.2710742122070966,0.07431499903070728,0.3978439138821537,0,0,0,0
0,0.01613810341243478,0.12968772352872193,0.07431499903070728,0.15659063436336962,0,0,0,0
0,0.17155454833220996,0.35967739608973276,0.043146073851833694,0.23888391686748214,0,0,0,0
0,0.2027983153145303,0.4518679907754315,0.07431499903070728,0.3978439138821537,0,0,0,0
0,0.025890559681726225,0.21701371278404905,0.07431499903070728,0.15659063436336962,0,0,0,0
0,0.041350627178138664,0.3010213637400246,0.07431499903070728,0.3978439138821537,0,0,0,0
0,0.000864791414848716,0.07503221201797736,0.07431499903070728,0.3978439138821537,0,0,0,0
0,0.571290090577219,0.6209837847424224,0.5234187052694159,0.6545986309349229,1,1,1,1
1,0.9892345876113999,0.5312059836462478,0.9249893275964554,0.3978439138821537,1,1,1,0
1,0.14626886186720062,0.35461661631521224,0.13655988961459878,0.3978439138821537,0,0,0,0
0,0.10220125595174032,0.4332234038767681,0.07431499903070728,0.3978439138821537,0,0,0,0
0,0.6834476103498687,0.5445974366621232,0.7119238007333535,0.701098738389222,1,1,1,1
0,0.883255531332621,0.7940285055489669,0.7119238007333535,0.701098738389222,1,1,1,1
0,0.01732731862233936,0.1746665571203027,0.07431499903070728,0.2909786896464161,0,0,0,0
0,0.15927867077107508,0.4566498264226133,0.13655988961459878,0.3978439138821537,0,0,0,0
0,0.07204201828122964,0.3071708937056091,0.13655988961459878,0.3978439138821537,0,0,0,0
0,0.10715520788853242,0.3568357249865983,0.13655988961459878,0.3978439138821537,0,0,0,0
0,0.37564783018487596,0.5063234918239012,0.7119238007333535,0.4568734218781583,0,1,1,0
0,0.04971430819127933,0.16386601519166966,0.07103470408429507,0.15659063436336962,0,0,0,0
0,0.7533999432118802,0.4017488863928889,0.8761146978001559,0.3978439138821537,1,0,1,0
0,0.5289941849043901,0.3537312544073071,0.624061140007934,0.23888391686748214,1,0,1,0
0,0.0033064476983206696,0.13418051340534437,0.07431499903070728,0.4568734218781583,0,0,0,0
1,0.3907283769184603,0.34904327926437306,0.4472301288753701,0.3978439138821537,0,0,0,0
0,0.13910346366172066,0.3593933224440539,0.043146073851833694,0.23888391686748214,0,0,0,0
0,0.016935616155202622,0.14974959329071835,0.07431499903070728,0.23888391686748214,0,0,0,0
0,0.19802129200429358,0.5891845551457405,0.07431499903070728,0.37265323151672886,0,1,0,0
1,0.6722913015363352,0.3770721917991388,0.8761146978001559,0.3978439138821537,1,0,1,0
0,0.0547851763065374,0.20771493047951295,0.13655988961459878,0.23888391686748214,0,0,0,0
0,0.05278754129752676,0.34301336296441065,0.07431499903070728,0.2909786896464161,0,0,0,0
0,0.11561053363444672,0.37363728932107243,0.5234187052694159,0.4568734218781583,0,0,1,0
0,0.12799151291364882,0.3159269616443892,0.4472301288753701,0.3978439138821537,0,0,0,0
0,0.07317984575468549,0.4024157308994975,0.07431499903070728,0.2909786896464161,0,0,0,0
0,0.03327646084946278,0.15418554926753247,0.07103470408429507,0.15659063436336962,0,0,0,0
0,0.14419960373961868,0.3713999086362853,0.5234187052694159,0.37265323151672886,0,0,1,0
0,0.5828788601240135,0.2551506715047972,0.8761146978001559,0.3978439138821537,1,0,1,0
0,0.09338284242980682,0.3926538151952648,0.07431499903070728,0.3978439138821537,0,0,0,0
0,0.10048494627648652,0.378284628644637,0.07431499903070728,0.4568734218781583,0,0,0,0
0,0.28150352040039167,0.5777781460464059,0.07431499903070728,0.701098738389222,0,1,0,1
0,0.3168768794521713,0.48474139613752093,0.4472301288753701,0.3978439138821537,0,0,0,0
0,0.7312804140633823,0.5266422773494926,0.7849054919390522,0.3978439138821537,1,1,1,0
1,0.9688758768263386,0.9601653171591911,0.9602234262685618,0.9269601406234662,1,1,1,1
0,0.5767131772577272,0.5118854736006736,0.4472301288753701,0.3978439138821537,1,1,0,0
0,0.07785327001408626,0.2823340281928425,0.07431499903070728,0.23888391686748214,0,0,0,0
0,0.22965245251069563,0.49121013595343405,0.043146073851833694,0.2909786896464161,0,0,0,0
0,0.5856536816834986,0.7269169500198767,0.5234187052694159,0.701098738389222,1,1,1,1
0,0.14576139189102427,0.430206332819877,0.13655988961459878,0.3978439138821537,0,0,0,0
0,0.15450534590563225,0.4500444871675333,0.07431499903070728,0.37265323151672886,0,0,0,0
0,0.0423112907863723,0.2713858580986437,0.13655988961459878,0.3978439138821537,0,0,0,0
0,0.682113390083359,0.4928467558140089,0.7119238007333535,0.701098738389222,1,0,1,1
0,0.18200694702322073,0.48923155000381124,0.07431499903070728,0.37265323151672886,0,0,0,0
0,0.9350969269979378,0.7994424782444502,0.5234187052694159,0.701098738389222,1,1,1,1
0,0.34641358507560205,0.598458143530926,0.13655988961459878,0.3978439138821537,0,1,0,0
0,0.125242531276964,0.3605208952348057,0.13655988961459878,0.3978439138821537,0,0,0,0
0,0.20934421732400563,0.30993142553864444,0.07103470408429507,0.23888391686748214,0,0,0,0
0,0.04455224317317169,0.3509850794826657,0.07431499903070728,0.4568734218781583,0,0,0,0
0,0.12083764634710098,0.4278185906586187,0.07431499903070728,0.3978439138821537,0,0,0,0
0,0.4440811170049409,0.5664464897118953,0.7119238007333535,0.4568734218781583,0,1,1,0
1,0.8244284884473302,0.8581098637465565,0.5234187052694159,0.701098738389222,1,1,1,1
0,0.3063986616989268,0.16128215868139906,0.7616858140337348,0.2909786896464161,0,0,1,0
1,0.9909203218227003,0.9525305383645911,0.9602234262685618,0.9479097084107246,1,1,1,1
0,0.0534172651104072,0.34958221282251245,0.5234187052694159,0.4568734218781583,0,0,1,0
0,0.4098126802467141,0.5979137122447836,0.13655988961459878,0.3978439138821537,0,1,0,0
0,0.08614467864811369,0.36002700541904176,0.13655988961459878,0.3978439138821537,0,0,0,0
0,0.9568348440906302,0.4724139743673054,0.9249893275964554,0.3978439138821537,1,0,1,0
0,0.27729113073594236,0.38612336697142263,0.7119238007333535,0.4568734218781583,0,0,1,0
0,0.7708205065551437,0.5175015064198167,0.4472301288753701,0.3978439138821537,1,1,0,0
0,0.12559153726477815,0.32528137576135085,0.043146073851833694,0.2909786896464161,0,0,0,0
0,0.49278593680650207,0.6351420820077758,0.07431499903070728,0.701098738389222,0,1,0,1
0,0.5531214546271113,0.47268041012549983,0.7119238007333535,0.37265323151672886,1,0,1,0
0,0.40808624642176344,0.48055328447389656,0.13655988961459878,0.3978439138821537,0,0,0,0
0,0.2568478099887611,0.5092399522157279,0.07431499903070728,0.3978439138821537,0,1,0,0
0,0.07258910466431272,0.18227727898587698,0.13655988961459878,0.15659063436336962,0,0,0,0
0,0.22923053741585855,0.5329119577267486,0.7119238007333535,0.4568734218781583,0,1,1,0
0,0.03337635986933777,0.13968325507705287,0.13655988961459878,0.15659063436336962,0,0,0,0
0,0.19489035084563722,0.34832504731743985,0.13655988961459878,0.2909786896464161,0,0,0,0
0,0.1285944922992065,0.4788622960850883,0.07431499903070728,0.3978439138821537,0,0,0,0
1,0.46847284775695125,0.7323588903199725,0.7512025309012217,0.3978439138821537,0,1,1,0
0,0.3287291140802548,0.5489719291664497,0.5234187052694159,0.6545986309349229,0,1,1,1
0,0.06917322383863483,0.2356217573414599,0.13655988961459878,0.2909786896464161,0,0,0,0
1,0.9737444430934109,0.8987954484164478,0.9602234262685618,0.9269601406234662,1,1,1,1
0,0.06396226265636903,0.3254064567019327,0.07431499903070728,0.3978439138821537,0,0,0,0
0,0.028149682262598466,0.19896786711873757,0.07431499903070728,0.2909786896464161,0,0,0,0
0,0.09382286909687644,0.22963544295593116,0.07103470408429507,0.15659063436336962,0,0,0,0
0,0.0819326050116304,0.41814443306291943,0.07431499903070728,0.3978439138821537,0,0,0,0
0,0.040780329417730986,0.2770307249357478,0.07431499903070728,0.2909786896464161,0,0,0,0
0,0.013603769062456719,0.13197411054670374,0.13655988961459878,0.15659063436336962,0,0,0,0
0,0.01622633062542175,0.1908292597487981,0.07431499903070728,0.23888391686748214,0,0,0,0
0,0.4600320248716816,0.2848269958475036,0.33476237395442404,0.2909786896464161,0,0,0,0
0,0.013639448618121842,0.18498173613600752,0.07431499903070728,0.2909786896464161,0,0,0,0
0,0.32397674536294563,0.49603463698329764,0.13655988961459878,0.3978439138821537,0,0,0,0
0,0.05780640135036308,0.28084859089056174,0.07431499903070728,0.3978439138821537,0,0,0,0
0,0.24150010213106735,0.3612301226800632,0.07103470408429507,0.2909786896464161,0,0,0,0
0,0.6793301529312857,0.4405693539619028,0.4472301288753701,0.3978439138821537,1,0,0,0
0,0.04918634463424642,0.22263020833936617,0.043146073851833694,0.2909786896464161,0,0,0,0
0,0.08728678902459189,0.44535812743478576,0.07431499903070728,0.3978439138821537,0,0,0,0
0,0.0407493391542927,0.2202894756238295,0.043146073851833694,0.15659063436336962,0,0,0,0
0,0.4049731225977196,0.49480319304551496,0.5234187052694159,0.701098738389222,0,0,1,1
1,0.29870597429754664,0.3240153932737414,0.4472301288753701,0.3978439138821537,0,0,0,0
0,0.699022294908388,0.8243270361793482,0.5234187052694159,0.701098738389222,1,1,1,1
0,0.4195568833819724,0.5110258830372197,0.13655988961459878,0.3978439138821537,0,1,0,0
0,0.3462274736580312,0.5305147220487164,0.5234187052694159,0.4568734218781583,0,1,1,0
0,0.9692813592751264,0.5723715477086797,0.9249893275964554,0.3978439138821537,1,1,1,0
0,0.11006204871111415,0.3767839065017771,0.07431499903070728,0.37265323151672886,0,0,0,0
0,0.04958257684874672,0.24820798359536042,0.07431499903070728,0.47969074013403357,0,0,0,0
0,0.09351669168379999,0.36441542754270134,0.5234187052694159,0.4568734218781583,0,0,1,0
0,0.20967662853439248,0.5083478156030896,0.07431499903070728,0.37265323151672886,0,1,0,0
0,0.179207394356011,0.4368312437623965,0.07431499903070728,0.6545986309349229,0,0,0,1
0,0.0462647126882558,0.2414426296817233,0.07431499903070728,0.15659063436336962,0,0,0,0
0,0.28626873643657724,0.479247579044884,0.07431499903070728,0.6545986309349229,0,0,0,1
0,0.14160500289158326,0.3897013768602913,0.07431499903070728,0.701098738389222,0,0,0,1
0,0.19617834984265384,0.447662832645304,0.13655988961459878,0.3978439138821537,0,0,0,0
0,0.04651078499458837,0.17284790990035448,0.07103470408429507,0.15659063436336962,0,0,0,0
1,0.9718944110753425,0.4550953884359085,0.9249893275964554,0.3978439138821537,1,0,1,0
0,0.11123543828462853,0.3963198117734222,0.043146073851833694,0.2909786896464161,0,0,0,0
0,0.06371919352271745,0.3230153421173617,0.07431499903070728,0.3978439138821537,0,0,0,0
0,0.11926749487243686,0.39419841167658926,0.13655988961459878,0.3978439138821537,0,0,0,0
0,0.12048633564538408,0.3224556957311957,0.5234187052694159,0.701098738389222,0,0,1,1
0,0.14050041466121946,0.21678530284055458,0.07103470408429507,0.2909786896464161,0,0,0,0
0,0.20909541374420768,0.4205711720291935,0.5234187052694159,0.6545986309349229,0,0,1,1
0,0.19150695011108215,0.502762653741527,0.07431499903070728,0.3978439138821537,0,1,0,0
0,0.20909942712722582,0.14123417548511566,0.33476237395442404,0.15659063436336962,0,0,0,0
0,0.5135176065264941,0.48156291462310075,0.4472301288753701,0.3978439138821537,1,0,0,0
0,0.08197096598988088,0.3499049442637097,0.07431499903070728,0.701098738389222,0,0,0,1
0,0.11835145601702547,0.427255735103372,0.07431499903070728,0.37265323151672886,0,0,0,0
0,0.17444039951318122,0.5114227689011888,0.07431499903070728,0.37265323151672886,0,1,0,0
0,0.7180533047034559,0.4572671643630163,0.7849054919390522,0.37265323151672886,1,0,1,0
0,0.2475354887036596,0.3519709310776599,0.07103470408429507,0.2909786896464161,0,0,0,0
0,0.22330709826211081,0.33475604260450453,0.4472301288753701,0.3978439138821537,0,0,0,0
0,0.04328530260943346,0.3027372951307632,0.07431499903070728,0.3978439138821537,0,0,0,0
0,0.3213405647357445,0.4765451734339393,0.5234187052694159,0.37265323151672886,0,0,1,0
0,0.06328409696013432,0.22485954989930593,0.13655988961459878,0.15659063436336962,0,0,0,0
0,0.16663506577413134,0.4589729984533844,0.07431499903070728,0.23888391686748214,0,0,0,0
0,0.0034324681916457584,0.13887490531132182,0.07431499903070728,0.4568734218781583,0,0,0,0
0,0.04822824326113877,0.23742451227484648,0.13655988961459878,0.15659063436336962,0,0,0,0
0,0.9860960805183553,0.8424807311709538,0.7849054919390522,0.701098738389222,1,1,1,1
0,0.6891075580807775,0.830207847373758,0.7512025309012217,0.701098738389222,1,1,1,1
0,0.6414447960108818,0.6038061678168861,0.7119238007333535,0.4568734218781583,1,1,1,0
0,0.8620284990597828,0.880072981744607,0.5234187052694159,0.701098738389222,1,1,1,1
0,0.2657365939011401,0.4046638245484447,0.4472301288753701,0.3978439138821537,0,0,0,0
0,0.05328874287816368,0.25659110747577324,0.13655988961459878,0.2909786896464161,0,0,0,0
1,0.10914834334291595,0.4259805835379129,0.07431499903070728,0.6545986309349229,0,0,0,1
0,0.03173105869746973,0.1930038060683052,0.13655988961459878,0.2909786896464161,0,0,0,0
0,0.13738122378932938,0.5104403991008359,0.07431499903070728,0.3978439138821537,0,1,0,0
0,0.22878409655533452,0.5013243668902335,0.07431499903070728,0.6545986309349229,0,1,0,1
0,0.06370894962492828,0.22088523144230365,0.13655988961459878,0.2909786896464161,0,0,0,0
0,0.34345478644852173,0.5431833258333895,0.13655988961459878,0.3978439138821537,0,1,0,0
0,0.04406549996177693,0.27948004609241983,0.13655988961459878,0.3978439138821537,0,0,0,0
0,0.02842592861288429,0.16231005736594312,0.13655988961459878,0.15659063436336962,0,0,0,0
0,0.03575919410156655,0.1628502268370968,0.13655988961459878,0.15659063436336962,0,0,0,0
0,0.32458667506932415,0.5801185994077889,0.07431499903070728,0.701098738389222,0,1,0,1
0,0.35704891741367284,0.4938756917715728,0.07431499903070728,0.3978439138821537,0,0,0,0
0,0.04264534605463349,0.16509300487812836,0.13655988961459878,0.15659063436336962,0,0,0,0
0,0.009153768505820253,0.14651547343819735,0.07431499903070728,0.15659063436336962,0,0,0,0
0,0.05776969650622258,0.3630120228350706,0.5234187052694159,0.4568734218781583,0,0,1,0
0,0.04465502561623419,0.26565629691076753,0.13655988961459878,0.3978439138821537,0,0,0,0
0,0.2967840959757051,0.38029365058298537,0.4472301288753701,0.3978439138821537,0,0,0,0
0,0.04089314077000883,0.3249235926340079,0.07431499903070728,0.23888391686748214,0,0,0,0
1,0.5247382963210218,0.5460959684741467,0.4472301288753701,0.3978439138821537,1,1,0,0
0,0.6351309380482962,0.4508350597217816,0.624061140007934,0.2909786896464161,1,0,1,0
0,0.11277624855886924,0.44446297537631607,0.07431499903070728,0.3978439138821537,0,0,0,0
0,0.08376169139458743,0.35583544690745306,0.07431499903070728,0.37265323151672886,0,0,0,0
0,0.23279113917055894,0.485612179651111,0.07431499903070728,0.701098738389222,0,0,0,1
0,0.33236481649406874,0.6220849304513613,0.07431499903070728,0.2909786896464161,0,1,0,0
0,0.04769377616720612,0.24319882278763846,0.07431499903070728,0.3978439138821537,0,0,0,0
0,0.2389397097668528,0.3974735095949004,0.4472301288753701,0.3978439138821537,0,0,0,0
0,0.026475373995769567,0.24131808227473567,0.07431499903070728,0.37265323151672886,0,0,0,0
0,0.09280081799371473,0.2545667464108962,0.13655988961459878,0.2909786896464161,0,0,0,0
0,0.1680530049361651,0.33733190613125535,0.13655988961459878,0.3978439138821537,0,0,0,0
0,0.18138910699307173,0.3548279677782912,0.13655988961459878,0.3978439138821537,0,0,0,0
0,0.3768717912605035,0.5821260482332133,0.5234187052694159,0.701098738389222,0,1,1,1
0,0.8357246847324517,0.26816700958686823,0.9249893275964554,0.3978439138821537,1,0,1,0
0,0.17229385909375997,0.3771757054627824,0.07431499903070728,0.3978439138821537,0,0,0,0
0,0.14669041287150683,0.48746695336307533,0.07431499903070728,0.3978439138821537,0,0,0,0
0,0.022992913363816158,0.19508700701951945,0.07431499903070728,0.23888391686748214,0,0,0,0
0,0.029658002199140988,0.23480403569137231,0.07431499903070728,0.23888391686748214,0,0,0,0
0,0.8683003309573301,0.8210803747630309,0.7119238007333535,0.701098738389222,1,1,1,1
0,0.15567609199853635,0.3971512845371783,0.07431499903070728,0.3978439138821537,0,0,0,0
1,0.8265143245665217,0.4735899731127895,0.7849054919390522,0.701098738389222,1,0,1,1
0,0.15164832762769254,0.32268226479812945,0.13655988961459878,0.2909786896464161,0,0,0,0
0,0.04615441976786214,0.345768365661871,0.07431499903070728,0.3978439138821537,0,0,0,0
0,0.14891582805681766,0.4170040692804275,0.13655988961459878,0.3978439138821537,0,0,0,0
0,0.04926221985159134,0.19275410486337344,0.13655988961459878,0.15659063436336962,0,0,0,0
0,0.16009427795135267,0.39854463379508825,0.13655988961459878,0.3978439138821537,0,0,0,0
0,0.1947620584169657,0.5123674745388194,0.13655988961459878,0.3978439138821537,0,1,0,0
0,0.11152236755294939,0.3309369171951791,0.07431499903070728,0.3978439138821537,0,0,0,0
0,0.21337388032781882,0.16140277783251783,0.33476237395442404,0.15659063436336962,0,0,0,0
0,0.1723081590485513,0.25960110436297845,0.4472301288753701,0.3978439138821537,0,0,0,0
0,0.011362971510739917,0.08712872282638602,0.13655988961459878,0.15659063436336962,0,0,0,0
0,0.09204193832998372,0.33568180982561774,0.5234187052694159,0.4568734218781583,0,0,1,0
1,0.9949160072276158,0.9654047169802533,0.966188612902029,0.9479097084107246,1,1,1,1
0,0.07939154196377252,0.3742942747328308,0.5234187052694159,0.4568734218781583,0,0,1,0
0,0.6281651623324831,0.4985497582659404,0.4472301288753701,0.3978439138821537,1,0,0,0
0,0.8821536363785981,0.4894489908083485,0.8761146978001559,0.4568734218781583,1,0,1,0
0,0.3409916687193189,0.3265525834580297,0.07103470408429507,0.23888391686748214,0,0,0,0
0,0.14748111683812795,0.42211236620674536,0.13655988961459878,0.3978439138821537,0,0,0,0
0,0.8337936897008127,0.5816549128842947,0.7849054919390522,0.3978439138821537,1,1,1,0
0,0.015420435247796882,0.16265200900885926,0.07431499903070728,0.3978439138821537,0,0,0,0
0,0.16582186310083752,0.22951083837449282,0.07103470408429507,0.15659063436336962,0,0,0,0
0,0.1915568753581673,0.44523075085204733,0.5234187052694159,0.4568734218781583,0,0,1,0
0,0.3181719301686392,0.5963488280726896,0.07431499903070728,0.6545986309349229,0,1,0,1
0,0.3635059479154441,0.5481147039980118,0.07431499903070728,0.701098738389222,0,1,0,1
0,0.805403227417795,0.4572887738377452,0.7849054919390522,0.3978439138821537,1,0,1,0
0,0.2373166450838426,0.362516817556519,0.7119238007333535,0.4568734218781583,0,0,1,0
0,0.04720292179806338,0.21258220845438544,0.13655988961459878,0.2909786896464161,0,0,0,0
0,0.7032826965464599,0.441005385905857,0.7849054919390522,0.3978439138821537,1,0,1,0
0,0.1280624083193767,0.4025929259030789,0.13655988961459878,0.3978439138821537,0,0,0,0
0,0.14604575479206028,0.3832435453642785,0.043146073851833694,0.23888391686748214,0,0,0,0
0,0.14808481505886936,0.4239199668824286,0.5234187052694159,0.4568734218781583,0,0,1,0
0,0.5371937971325513,0.7799220088980892,0.07431499903070728,0.701098738389222,1,1,0,1
0,0.6496399701689187,0.43804181417541455,0.7849054919390522,0.3978439138821537,1,0,1,0
0,0.09300385710264462,0.31532948189068566,0.13655988961459878,0.23888391686748214,0,0,0,0
0,0.2796286533276821,0.6132087258208003,0.07431499903070728,0.701098738389222,0,1,0,1
0,0.38044787426449944,0.4021348287415103,0.7119238007333535,0.701098738389222,0,0,1,1
0,0.11211884023217639,0.42729145666622875,0.07431499903070728,0.37265323151672886,0,0,0,0
0,0.5151018005124637,0.44721851977312455,0.7119238007333535,0.6545986309349229,1,0,1,1
0,0.10176254303609747,0.4587956869536337,0.07431499903070728,0.3978439138821537,0,0,0,0
0,0.03983503570868298,0.21630582427906753,0.07431499903070728,0.15659063436336962,0,0,0,0
0,0.29544513688379676,0.4578568747260025,0.043146073851833694,0.2909786896464161,0,0,0,0
0,0.3416317341247008,0.5576016054596753,0.13655988961459878,0.3978439138821537,0,1,0,0
0,0.14797928898916207,0.4200362425814462,0.07431499903070728,0.701098738389222,0,0,0,1
1,0.9842176356596841,0.9718713577063539,0.9369658288621653,0.9479097084107246,1,1,1,1
0,0.3673638111816534,0.4848350475360107,0.4472301288753701,0.3978439138821537,0,0,0,0
0,0.21335677745657547,0.32614435718167073,0.13655988961459878,0.3978439138821537,0,0,0,0
0,0.2531945132922903,0.502568664664876,0.13655988961459878,0.3978439138821537,0,1,0,0
1,0.9202483462721768,0.8495300241606369,0.7119238007333535,0.701098738389222,1,1,1,1
0,0.3342746596269115,0.6828465174844771,0.07431499903070728,0.701098738389222,0,1,0,1
0,0.06733919436869908,0.40746133519845323,0.07431499903070728,0.37265323151672886,0,0,0,0
1,0.3995426513191124,0.389427691675471,0.4472301288753701,0.3978439138821537,0,0,0,0
0,0.037945471828706966,0.1694297130255607,0.13655988961459878,0.15659063436336962,0,0,0,0
0,0.16751833487538237,0.4651682264861868,0.5234187052694159,0.4568734218781583,0,0,1,0
0,0.07865346925881747,0.29692892385890113,0.07431499903070728,0.23888391686748214,0,0,0,0
0,0.7340875524715323,0.546232487900746,0.4472301288753701,0.3978439138821537,1,1,0,0
0,0.4900636900903796,0.430793795649129,0.4472301288753701,0.3978439138821537,0,0,0,0
1,0.9158326236430091,0.5354601580910118,0.8761146978001559,0.3978439138821537,1,1,1,0
0,0.25166121896425164,0.3884717739129103,0.4472301288753701,0.3978439138821537,0,0,0,0
0,0.06393155022193296,0.4118243430032237,0.07431499903070728,0.3978439138821537,0,0,0,0
0,0.374811407337587,0.623176134511973,0.07431499903070728,0.701098738389222,0,1,0,1
0,0.6362597347231715,0.55700026931925,0.7119238007333535,0.4568734218781583,1,1,1,0
0,0.06306918790140513,0.2978957917256829,0.13655988961459878,0.2909786896464161,0,0,0,0
0,0.4429480399833447,0.6399929162351461,0.5234187052694159,0.701098738389222,0,1,1,1
1,0.31313930827299774,0.2020745025250997,0.624061140007934,0.15659063436336962,0,0,1,0
0,0.1385078646780494,0.27114730697220507,0.13655988961459878,0.23888391686748214,0,0,0,0
0,0.05120644484927013,0.36719916590892726,0.07431499903070728,0.4568734218781583,0,0,0,0
1,0.5744468772049088,0.7542864169878487,0.07431499903070728,0.701098738389222,1,1,0,1
0,0.769606433848241,0.6100513339897166,0.4472301288753701,0.3978439138821537,1,1,0,0
0,0.06225749599618556,0.27032687855265725,0.13655988961459878,0.3978439138821537,0,0,0,0
0,0.329668969043263,0.22314918481945403,0.624061140007934,0.15659063436336962,0,0,1,0
0,0.9995689128662195,0.4400785175502609,0.9249893275964554,0.3978439138821537,1,0,1,0
0,0.2168547648550037,0.40861352399681233,0.5234187052694159,0.37265323151672886,0,0,1,0
1,0.7939866292694722,0.562353718251787,0.4472301288753701,0.3978439138821537,1,1,0,0
1,0.42025899301598546,0.5902935411296587,0.5234187052694159,0.701098738389222,0,1,1,1
0,0.17036812508451757,0.3972216000798785,0.13655988961459878,0.3978439138821537,0,0,0,0
0,0.016850228621216934,0.15150199417181953,0.07431499903070728,0.15659063436336962,0,0,0,0
0,0.9356142247274775,0.9383459796940216,0.7563345524221652,0.9479097084107246,1,1,1,1
0,0.9162677690278674,0.6793711753846328,0.7119238007333535,0.701098738389222,1,1,1,1
0,0.042857460803353384,0.30198089213502105,0.07431499903070728,0.3978439138821537,0,0,0,0
0,0.13951766105952562,0.38379834263675944,0.5234187052694159,0.37265323151672886,0,0,1,0
0,0.7892391631967335,0.5190637791326698,0.7849054919390522,0.3978439138821537,1,1,1,0
0,0.2672639741680824,0.5003057797062398,0.5234187052694159,0.6545986309349229,0,1,1,1
0,0.09388774838611988,0.14452565484330515,0.07103470408429507,0.15659063436336962,0,0,0,0
0,0.12849443460153306,0.2375738245485349,0.4472301288753701,0.3978439138821537,0,0,0,0
0,0.0721118878922626,0.2100135581092116,0.13655988961459878,0.15659063436336962,0,0,0,0
0,0.1302451439431468,0.39712005282186674,0.07431499903070728,0.3978439138821537,0,0,0,0
1,0.9706447566847267,0.5325467829824242,0.9249893275964554,0.3978439138821537,1,1,1,0
0,0.3195238984083861,0.09807432343689407,0.8797509975750424,0.15659063436336962,0,0,1,0
0,0.7155603809941062,0.5446556975588602,0.7849054919390522,0.4568734218781583,1,1,1,0
0,0.39690836065190416,0.4492534248346436,0.13655988961459878,0.3978439138821537,0,0,0,0
0,0.12513235520967067,0.4470440877460465,0.07431499903070728,0.3978439138821537,0,0,0,0
0,0.06971423755700337,0.3279418928935327,0.07431499903070728,0.3978439138821537,0,0,0,0
0,0.019786986546358437,0.20803035992699573,0.07431499903070728,0.2909786896464161,0,0,0,0
0,0.04053118703897652,0.2607894985200739,0.07431499903070728,0.3978439138821537,0,0,0,0
0,0.17049404395053344,0.46403305785625376,0.07431499903070728,0.701098738389222,0,0,0,1
0,0.07776171072424898,0.3933978043856014,0.07431499903070728,0.37265323151672886,0,0,0,0
0,0.7868923608556387,0.9063976568558622,0.9369658288621653,0.9479097084107246,1,1,1,1
0,0.17796359348518795,0.39193080034083166,0.07431499903070728,0.3978439138821537,0,0,0,0
0,0.014684958678748921,0.16498360160748435,0.07431499903070728,0.15659063436336962,0,0,0,0
0,0.9998533916913361,0.2040522373783231,0.8797509975750424,0.2909786896464161,1,0,1,0
1,0.8534791473375085,0.7600657498375307,0.7119238007333535,0.701098738389222,1,1,1,1
1,0.7436438517852337,0.41834031728875726,0.7849054919390522,0.37265323151672886,1,0,1,0
0,0.0640375604426756,0.19720953952671824,0.13655988961459878,0.15659063436336962,0,0,0,0
0,0.6243281918602153,0.2636821913239356,0.8761146978001559,0.3978439138821537,1,0,1,0
0,0.054475715471129914,0.25305445999455584,0.13655988961459878,0.23888391686748214,0,0,0,0
1,0.5807927271314094,0.4303197062835366,0.07103470408429507,0.2909786896464161,1,0,0,0
0,0.9436981002831909,0.5332460839264498,0.8761146978001559,0.701098738389222,1,1,1,1
0,0.11181560618406039,0.2685175029468675,0.043146073851833694,0.23888391686748214,0,0,0,0
0,0.1565630843313805,0.3804796451486252,0.5234187052694159,0.37265323151672886,0,0,1,0
0,0.034606122815542165,0.25214615162309545,0.07431499903070728,0.2909786896464161,0,0,0,0
0,0.7060211099600928,0.46461266008092156,0.4472301288753701,0.3978439138821537,1,0,0,0
0,0.03545598563446008,0.1845095610920168,0.13655988961459878,0.15659063436336962,0,0,0,0
0,0.17653627217995976,0.5715391739655568,0.07431499903070728,0.4568734218781583,0,1,0,0
0,0.544563027704505,0.7254635467766138,0.07431499903070728,0.701098738389222,1,1,0,1
0,0.0023798972439209127,0.10308829154774489,0.07431499903070728,0.2909786896464161,0,0,0,0
1,0.689424005343646,0.4006073544875142,0.7119238007333535,0.701098738389222,1,0,1,1
0,0.21859791659546715,0.5383238118674438,0.13655988961459878,0.3978439138821537,0,1,0,0
0,0.23356928239549624,0.4661328366117133,0.5234187052694159,0.37265323151672886,0,0,1,0
0,0.43590470120556496,0.47195093015007067,0.7119238007333535,0.4568734218781583,0,0,1,0
0,0.061781042237772636,0.24992280460173977,0.13655988961459878,0.3978439138821537,0,0,0,0
0,0.14086285871356363,0.4933276171021124,0.07431499903070728,0.3978439138821537,0,0,0,0
0,0.3131902257537753,0.4762851644169637,0.5234187052694159,0.37265323151672886,0,0,1,0
0,0.4476862647155641,0.5473542469000189,0.7119238007333535,0.4568734218781583,0,1,1,0
0,0.03712264626645514,0.24843528762603065,0.07431499903070728,0.23888391686748214,0,0,0,0
0,0.008584688960903919,0.15754742420636955,0.07431499903070728,0.3978439138821537,0,0,0,0
0,0.09401010050877517,0.409254964554593,0.07431499903070728,0.3978439138821537,0,0,0,0
0,0.15432048130758252,0.37883034068773785,0.13655988961459878,0.3978439138821537,0,0,0,0
0,0.1967250081445853,0.4555930862296569,0.07431499903070728,0.701098738389222,0,0,0,1
1,0.6487076222293104,0.7254364881283716,0.5234187052694159,0.701098738389222,1,1,1,1
0,0.40211226697752256,0.39932526765531756,0.13655988961459878,0.3978439138821537,0,0,0,0
0,0.7628919049920659,0.36381996290742386,0.7616858140337348,0.23888391686748214,1,0,1,0
0,0.11095855266776565,0.2711613787083795,0.13655988961459878,0.23888391686748214,0,0,0,0
0,0.6836621166990442,0.753879094303908,0.8973324495563872,0.3978439138821537,1,1,1,0
0,0.07754552317034422,0.3305546716344999,0.07431499903070728,0.23888391686748214,0,0,0,0
0,0.6460653245828678,0.7255662560251408,0.5234187052694159,0.701098738389222,1,1,1,1
0,0.7513948157163262,0.37088354492028647,0.7849054919390522,0.3978439138821537,1,0,1,0
0,0.451272163206671,0.337263778115136,0.8761146978001559,0.4568734218781583,0,0,1,0
0,0.030835713210047144,0.23579410262955014,0.07431499903070728,0.2909786896464161,0,0,0,0
0,0.11172296157213488,0.37541556280427285,0.07431499903070728,0.3978439138821537,0,0,0,0
0,0.08053910430487142,0.4127278160556534,0.07431499903070728,0.4568734218781583,0,0,0,0
0,0.03315475330066258,0.3311045432511643,0.07431499903070728,0.3978439138821537,0,0,0,0
0,0.8769732212811411,0.6993143340881257,0.7119238007333535,0.701098738389222,1,1,1,1
0,0.10065014265665037,0.48329486151631074,0.07431499903070728,0.3978439138821537,0,0,0,0
0,0.3132128409870927,0.4414642860091285,0.07103470408429507,0.23888391686748214,0,0,0,0
0,0.0007276008786462064,0.04951442066414902,0.07431499903070728,0.15659063436336962,0,0,0,0
0,0.5606612842941021,0.4931097172066724,0.7119238007333535,0.6545986309349229,1,0,1,1
0,0.03888536341833726,0.1956441524533136,0.13655988961459878,0.15659063436336962,0,0,0,0
0,0.1784733246346353,0.5212394397660635,0.07431499903070728,0.3978439138821537,0,1,0,0
0,0.1442265513264994,0.3567159887648064,0.07431499903070728,0.3978439138821537,0,0,0,0
0,0.172292837304197,0.39921091902795564,0.07431499903070728,0.3978439138821537,0,0,0,0
0,0.08602007114085779,0.20675662329316372,0.07103470408429507,0.15659063436336962,0,0,0,0
0,0.5101375783466537,0.6751889670952863,0.5234187052694159,0.701098738389222,1,1,1,1
0,0.3558994878438675,0.5692963669504452,0.13655988961459878,0.3978439138821537,0,1,0,0
0,0.5759746781909972,0.6263891209218769,0.4472301288753701,0.3978439138821537,1,1,0,0
0,0.1307070948594644,0.39663294933878174,0.07431499903070728,0.3978439138821537,0,0,0,0
0,0.05474562888304132,0.2874436031041234,0.07431499903070728,0.2909786896464161,0,0,0,0
0,0.05625979917982062,0.2867709095569249,0.07431499903070728,0.15659063436336962,0,0,0,0
0,0.583332336711264,0.6359948115720059,0.5234187052694159,0.701098738389222,1,1,1,1
0,0.16974562108361904,0.43395692482123305,0.07431499903070728,0.6545986309349229,0,0,0,1
0,0.4845669737297867,0.7078497891042795,0.5234187052694159,0.701098738389222,0,1,1,1
0,0.19491603649464517,0.5374750918812511,0.07431499903070728,0.3978439138821537,0,1,0,0
1,0.9395288747149586,0.9246331272654916,0.9602234262685618,0.9479097084107246,1,1,1,1
0,0.27533646373516374,0.5194354642991628,0.07431499903070728,0.701098738389222,0,1,0,1
0,0.14243004687106198,0.5045549968716403,0.07431499903070728,0.37265323151672886,0,1,0,0
1,0.33078708346105307,0.5521339927772154,0.07431499903070728,0.701098738389222,0,1,0,1
0,0.6348133615858624,0.42961931143254134,0.7849054919390522,0.3978439138821537,1,0,1,0
0,0.21347029960749256,0.4857729043529606,0.07431499903070728,0.37265323151672886,0,0,0,0
0,0.1968782403561865,0.47576897846675975,0.07431499903070728,0.37265323151672886,0,0,0,0
1,0.3606200320775931,0.16576834342918914,0.7616858140337348,0.15659063436336962,0,0,1,0
0,0.226717117313661,0.42442467267616896,0.13655988961459878,0.3978439138821537,0,0,0,0
0,0.10060989910117284,0.44836250773527786,0.07431499903070728,0.2909786896464161,0,0,0,0
0,0.04276179395081546,0.2976387012977796,0.07431499903070728,0.23888391686748214,0,0,0,0
1,0.9995787255304915,0.9433074895603528,0.9249893275964554,0.9479097084107246,1,1,1,1
0,0.7511325617523787,0.4416262675024775,0.7849054919390522,0.701098738389222,1,0,1,1
1,0.7032283044252428,0.783610330108717,0.13655988961459878,0.3978439138821537,1,1,0,0
0,0.0797029621927809,0.3044267579693888,0.13655988961459878,0.3978439138821537,0,0,0,0
0,0.6297741896095843,0.27729902163354214,0.8761146978001559,0.3978439138821537,1,0,1,0
0,0.2452868898621314,0.5861563659863128,0.07431499903070728,0.701098738389222,0,1,0,1
0,0.17531547646414114,0.5874332492676976,0.07431499903070728,0.3978439138821537,0,1,0,0
0,0.8479358347723057,0.5994400174022728,0.7849054919390522,0.701098738389222,1,1,1,1
0,0.03836493681085876,0.2591688533255572,0.07431499903070728,0.3978439138821537,0,0,0,0
0,0.054490755807217746,0.20031990862277219,0.13655988961459878,0.2909786896464161,0,0,0,0
1,0.24181856364701848,0.48015549203199415,0.5234187052694159,0.6545986309349229,0,0,1,1
0,0.07341685049106987,0.351552971788409,0.07431499903070728,0.23888391686748214,0,0,0,0
0,0.8190859819450822,0.6141322306116648,0.7119238007333535,0.701098738389222,1,1,1,1
0,0.04556639363275546,0.25142025230257414,0.07431499903070728,0.15659063436336962,0,0,0,0
0,0.3047930987673414,0.4354378511323625,0.4472301288753701,0.3978439138821537,0,0,0,0
0,0.023812492366269946,0.19205410647874457,0.07431499903070728,0.2909786896464161,0,0,0,0
0,0.42856918981436226,0.4299747655579408,0.7119238007333535,0.37265323151672886,0,0,1,0
0,0.02899230214060687,0.1696705836709613,0.07431499903070728,0.15659063436336962,0,0,0,0
0,0.14896645657284358,0.4047328443104751,0.13655988961459878,0.3978439138821537,0,0,0,0
0,0.396882634869156,0.4944381447110201,0.7119238007333535,0.4568734218781583,0,0,1,0
0,0.07104938668816826,0.31032630059446253,0.07431499903070728,0.3978439138821537,0,0,0,0
0,0.3579243907848826,0.5696658500414764,0.5234187052694159,0.6545986309349229,0,1,1,1
0,0.13971840386385698,0.3641157572045232,0.5234187052694159,0.37265323151672886,0,0,1,0
0,0.07863932715980318,0.3878831542127036,0.07431499903070728,0.4568734218781583,0,0,0,0
0,0.25133816912029333,0.5083512751088266,0.07431499903070728,0.3978439138821537,0,1,0,0
1,0.5044516520465407,0.6753743568441181,0.7119238007333535,0.701098738389222,1,1,1,1
0,0.03986813460179715,0.21116835537079356,0.07431499903070728,0.2909786896464161,0,0,0,0
0,0.4659539639384667,0.6307890251224821,0.13655988961459878,0.3978439138821537,0,1,0,0
0,0.09722250034394608,0.3527184308219517,0.07431499903070728,0.3978439138821537,0,0,0,0
0,0.0529467410289383,0.28608326343677,0.13655988961459878,0.3978439138821537,0,0,0,0
0,0.38758641397490085,0.6238604616788772,0.07431499903070728,0.701098738389222,0,1,0,1
0,0.010236674687697274,0.11606277351294926,0.07431499903070728,0.15659063436336962,0,0,0,0
0,0.19264205565676842,0.3714612142215322,0.043146073851833694,0.23888391686748214,0,0,0,0
0,0.24256714398723841,0.44792314106589814,0.07431499903070728,0.701098738389222,0,0,0,1
0,0.9803468778431125,0.9548891768687294,0.9602234262685618,0.9479097084107246,1,1,1,1
0,0.1909002757721541,0.46778822249035723,0.07431499903070728,0.701098738389222,0,0,0,1
0,0.3179864973829553,0.44595145227124133,0.13655988961459878,0.3978439138821537,0,0,0,0
0,0.029526132096337993,0.17499093953805328,0.13655988961459878,0.15659063436336962,0,0,0,0
0,0.1388778863612964,0.26003928022617895,0.07103470408429507,0.2909786896464161,0,0,0,0
1,0.1559991888734453,0.41634669565741217,0.8973324495563872,0.9235318144521436,0,0,1,1
0,0.0495560473388067,0.18427916433496816,0.13655988961459878,0.15659063436336962,0,0,0,0
1,0.9866395311152867,0.32891140980569245,0.9249893275964554,0.3978439138821537,1,0,1,0
0,0.41903554831804823,0.5070801039653544,0.5234187052694159,0.701098738389222,0,1,1,1
1,0.8361019051120914,0.8372677256978674,0.9602234262685618,0.9479097084107246,1,1,1,1
0,0.08684575406468308,0.4280741389217796,0.07431499903070728,0.37265323151672886,0,0,0,0
0,0.10546382605846148,0.3453771846927628,0.13655988961459878,0.3978439138821537,0,0,0,0
0,0.2680393415007842,0.48989586275897906,0.13655988961459878,0.3978439138821537,0,0,0,0
0,0.5208921603610354,0.5217318545314661,0.7119238007333535,0.4568734218781583,1,1,1,0
0,0.24826933386738612,0.5022441785533758,0.07431499903070728,0.701098738389222,0,1,0,1
1,0.41316922429786745,0.30294975471043234,0.4472301288753701,0.3978439138821537,0,0,0,0
0,0.07624413653721239,0.3053970626791427,0.13655988961459878,0.23888391686748214,0,0,0,0
0,0.006170630384902729,0.1152394999663105,0.07431499903070728,0.15659063436336962,0,0,0,0
1,0.6625927932289722,0.5572991174219528,0.7119238007333535,0.701098738389222,1,1,1,1
1,0.3637416585207757,0.5280289562424688,0.5234187052694159,0.701098738389222,0,1,1,1
0,0.14180882492917327,0.3315326180154683,0.13655988961459878,0.3978439138821537,0,0,0,0
0,0.06127348247336499,0.35338653844059703,0.07431499903070728,0.3978439138821537,0,0,0,0
0,0.3178300067617386,0.3612546990892279,0.4472301288753701,0.3978439138821537,0,0,0,0
0,0.10180888547209374,0.3963077802619783,0.043146073851833694,0.2909786896464161,0,0,0,0
1,0.9837816886698273,0.9146514563929927,0.9602234262685618,0.9479097084107246,1,1,1,1
1,0.8741962165097327,0.7391720681013817,0.7119238007333535,0.701098738389222,1,1,1,1
0,0.04250202130615982,0.20875767826727137,0.07431499903070728,0.2909786896464161,0,0,0,0
0,0.03609725274946882,0.17831697237099006,0.13655988961459878,0.3978439138821537,0,0,0,0
0,0.012891452106739858,0.19676847990562488,0.07431499903070728,0.15659063436336962,0,0,0,0
0,0.020268536854661057,0.1761353753586921,0.07431499903070728,0.15659063436336962,0,0,0,0
0,0.10074898085201377,0.3654434464167021,0.5234187052694159,0.37265323151672886,0,0,1,0
0,0.06342469493484944,0.4074196511094434,0.07431499903070728,0.701098738389222,0,0,0,1
0,0.04714106661809346,0.29632810545092364,0.07431499903070728,0.3978439138821537,0,0,0,0
0,0.10436471563276807,0.31363627849496256,0.07431499903070728,0.2909786896464161,0,0,0,0
0,0.14336266037368914,0.6029703768968817,0.07431499903070728,0.3978439138821537,0,1,0,0
1,0.7093243638040676,0.7092518249997793,0.7119238007333535,0.701098738389222,1,1,1,1
0,0.26134699475945206,0.5718817629056319,0.07431499903070728,0.3978439138821537,0,1,0,0
0,0.5717281892857256,0.3603196511385955,0.4472301288753701,0.3978439138821537,1,0,0,0
0,0.972022280496418,0.9054875566108815,0.9602234262685618,0.0,1,1,1,0
0,0.021648130222401953,0.17731865664898705,0.07431499903070728,0.15659063436336962,0,0,0,0
0,0.16231976981732685,0.4867026587213704,0.07431499903070728,0.701098738389222,0,0,0,1
0,0.14803682847444602,0.42287446036192494,0.07431499903070728,0.2909786896464161,0,0,0,0
0,0.14565757353054593,0.3487686248566268,0.043146073851833694,0.23888391686748214,0,0,0,0
0,0.2625212284804689,0.3817005685053427,0.5234187052694159,0.37265323151672886,0,0,1,0
0,0.14722201219180128,0.41710722775555226,0.07431499903070728,0.37265323151672886,0,0,0,0
1,0.991038080529622,0.9409456611077477,0.966188612902029,0.9479097084107246,1,1,1,1
0,0.15427477448863056,0.43338583236092953,0.07431499903070728,0.701098738389222,0,0,0,1
0,0.03445063080665899,0.27008763118950707,0.13655988961459878,0.3978439138821537,0,0,0,0
1,0.9984238883052876,0.34970912463092824,0.8797509975750424,0.2909786896464161,1,0,1,0
0,0.047783412276115884,0.18383482434757073,0.13655988961459878,0.15659063436336962,0,0,0,0
0,0.10124039210510682,0.4522584868284865,0.5234187052694159,0.4568734218781583,0,0,1,0
0,0.02770584264388274,0.1733801673564237,0.07431499903070728,0.15659063436336962,0,0,0,0
0,0.733727196256549,0.4879341071050155,0.7119238007333535,0.701098738389222,1,0,1,1
0,0.1540609594228945,0.3938890700800689,0.07431499903070728,0.3978439138821537,0,0,0,0
0,0.25408379933940384,0.2258689748845296,0.2843241992058826,0.15659063436336962,0,0,0,0
1,0.45710203518465353,0.5822467833819444,0.13655988961459878,0.3978439138821537,0,1,0,0
0,0.03956985355015165,0.22065242812392952,0.07431499903070728,0.3978439138821537,0,0,0,0
0,0.16052322934330118,0.4440039551096638,0.07431499903070728,0.37265323151672886,0,0,0,0
0,0.45844934855890906,0.39258479060888024,0.7119238007333535,0.4568734218781583,0,0,1,0
0,0.07376779561285532,0.3378259796602698,0.07431499903070728,0.3978439138821537,0,0,0,0
0,0.1027347613495935,0.24419688322232447,0.07103470408429507,0.23888391686748214,0,0,0,0
0,0.4470957353285365,0.4701383043347134,0.7119238007333535,0.701098738389222,0,0,1,1
0,0.1877841949332553,0.5103134212067273,0.5234187052694159,0.4568734218781583,0,1,1,0
0,0.023519429691375326,0.17912555857446463,0.07431499903070728,0.15659063436336962,0,0,0,0
0,0.06067727556872314,0.179741227439532,0.07103470408429507,0.15659063436336962,0,0,0,0
0,0.5697320461356304,0.1773588794207487,0.7616858140337348,0.15659063436336962,1,0,1,0
0,0.028628402021716733,0.3213787903149523,0.07431499903070728,0.3978439138821537,0,0,0,0
0,0.07124580946434045,0.4386723216080266,0.4986819481082508,0.9235318144521436,0,0,0,1
0,0.5600823257282582,0.6269273341347592,0.13655988961459878,0.808688118677574,1,1,0,1
0,0.3419688776051026,0.5226404139230163,0.7119238007333535,0.4568734218781583,0,1,1,0
0,0.37121259574986776,0.5763475834575205,0.13655988961459878,0.3978439138821537,0,1,0,0
0,0.6241616713940145,0.8055709355552267,0.186156446724178,0.701098738389222,1,1,0,1
0,0.05706884797249134,0.15833704908178187,0.07103470408429507,0.15659063436336962,0,0,0,0
0,0.034769480773935664,0.21743797728551661,0.07431499903070728,0.15659063436336962,0,0,0,0
0,0.15527706500454272,0.48948218267163773,0.07431499903070728,0.37265323151672886,0,0,0,0
0,0.5393942071129072,0.6634541012725014,0.7119238007333535,0.6545986309349229,1,1,1,1
0,0.05315082195805259,0.4144846140394787,0.07431499903070728,0.3978439138821537,0,0,0,0
0,0.03818196565094863,0.23104513814160224,0.07431499903070728,0.15659063436336962,0,0,0,0
0,0.22139905988050695,0.3316642646674879,0.4472301288753701,0.3978439138821537,0,0,0,0
0,0.1837189875368007,0.3726619332581197,0.5234187052694159,0.37265323151672886,0,0,1,0
1,0.773890300883498,0.7987453735682052,0.9369658288621653,0.9479097084107246,1,1,1,1
0,0.21841080035998592,0.5614374052884634,0.5234187052694159,0.4568734218781583,0,1,1,0
0,0.45380041564710777,0.5778215853511758,0.5234187052694159,0.37265323151672886,0,1,1,0
0,0.288732100610106,0.4061241054146109,0.4472301288753701,0.3978439138821537,0,0,0,0
0,0.1131598648307484,0.34051618129038935,0.043146073851833694,0.23888391686748214,0,0,0,0
0,0.04995067799358823,0.20076322229397886,0.13655988961459878,0.23888391686748214,0,0,0,0
0,0.07433138981152455,0.39588997132782466,0.07431499903070728,0.23888391686748214,0,0,0,0
1,0.5621167771251147,0.6005369169734954,0.7119238007333535,0.701098738389222,1,1,1,1
0,0.004522458195981036,0.18387923677514065,0.07431499903070728,0.3978439138821537,0,0,0,0
1,0.9828675947361566,0.3686946395080032,0.8797509975750424,0.15659063436336962,1,0,1,0
0,0.6297370758506243,0.7057783813759767,0.5234187052694159,0.701098738389222,1,1,1,1
0,0.017088589788305315,0.1776811744374675,0.07431499903070728,0.15659063436336962,0,0,0,0
0,0.3034570441264137,0.4926981013217525,0.13655988961459878,0.3978439138821537,0,0,0,0
0,0.38268347356052235,0.4566573001233066,0.7119238007333535,0.37265323151672886,0,0,1,0
1,0.7697474615104273,0.6653148178205505,0.7119238007333535,0.701098738389222,1,1,1,1
0,0.22812861515476882,0.3423679406405595,0.07103470408429507,0.23888391686748214,0,0,0,0
0,0.26415707362288865,0.574477258853917,0.07431499903070728,0.701098738389222,0,1,0,1
1,0.6438984286070456,0.6463874425784271,1.0,0.2909786896464161,1,1,1,0
0,0.07080962587620987,0.3895561726253414,0.07431499903070728,0.2909786896464161,0,0,0,0
0,0.3557384788379658,0.5397154828351152,0.5234187052694159,0.701098738389222,0,1,1,1
0,0.4169316660720507,0.4833085471992399,0.13655988961459878,0.3978439138821537,0,0,0,0
0,0.07876387955284694,0.24629555881774975,0.13655988961459878,0.3978439138821537,0,0,0,0
1,0.9798242378417752,0.8367193279484967,0.966188612902029,0.9479097084107246,1,1,1,1
1,0.8390221718706068,0.5506553255285835,0.7849054919390522,0.3978439138821537,1,1,1,0
0,0.6135540312748161,0.4512966607282178,0.7849054919390522,0.4568734218781583,1,0,1,0
0,0.4562660211169991,0.5850510351470947,0.5234187052694159,0.701098738389222,0,1,1,1
0,0.45865725082352937,0.5288270639647615,0.13655988961459878,0.3978439138821537,0,1,0,0
0,0.23381379735945954,0.5288915031861252,0.07431499903070728,0.701098738389222,0,1,0,1
0,0.43793306616054434,0.3516436626041061,0.4472301288753701,0.3978439138821537,0,0,0,0
0,0.9000935312889594,0.16897519186124388,0.8797509975750424,0.15659063436336962,1,0,1,0
0,0.10276914142797719,0.28702777936392343,0.043146073851833694,0.2909786896464161,0,0,0,0
0,0.2770615781490401,0.5807960350699531,0.07431499903070728,0.2909786896464161,0,1,0,0
0,0.37076132601615497,0.6507397913862111,0.07431499903070728,0.701098738389222,0,1,0,1
0,0.029813954488424145,0.1691656109823812,0.07431499903070728,0.15659063436336962,0,0,0,0
0,0.10890199687609964,0.35024047346658377,0.13655988961459878,0.2909786896464161,0,0,0,0
0,0.3784564090393357,0.38466739170814457,0.4472301288753701,0.3978439138821537,0,0,0,0
0,0.05544761332714291,0.2785484720647062,0.07431499903070728,0.2909786896464161,0,0,0,0
0,0.18841766657361456,0.3026123093288287,0.7119238007333535,0.37265323151672886,0,0,1,0
0,0.08464910978146117,0.3092066589163329,0.07431499903070728,0.3978439138821537,0,0,0,0
0,0.35666647435083665,0.5201952114338004,0.5234187052694159,0.701098738389222,0,1,1,1
1,0.9912964866709343,0.9618253048450156,0.9602234262685618,0.9269601406234662,1,1,1,1
0,0.14577428543110743,0.5338055421888471,0.07431499903070728,0.4568734218781583,0,1,0,0
0,0.038794106749140266,0.24531269578186388,0.07431499903070728,0.23888391686748214,0,0,0,0
0,0.1470131383084793,0.30096590035830506,0.13655988961459878,0.3978439138821537,0,0,0,0
0,0.6894600534145556,0.8036021308313214,0.5234187052694159,0.701098738389222,1,1,1,1
0,0.7204171277054178,0.3871527039808331,0.7849054919390522,0.3978439138821537,1,0,1,0
0,0.12474294635079095,0.3775986922756783,0.13655988961459878,0.3978439138821537,0,0,0,0
1,0.9407810357707065,0.9074234018314098,0.7119238007333535,0.701098738389222,1,1,1,1
0,0.23915473991728567,0.12631927292246853,0.624061140007934,0.15659063436336962,0,0,1,0
0,0.624991771992278,0.45104549724332765,0.4472301288753701,0.3978439138821537,1,0,0,0
0,0.1033391863700745,0.12818902571221413,0.2843241992058826,0.15659063436336962,0,0,0,0
0,0.1828069423789836,0.3721524131686982,0.13655988961459878,0.3978439138821537,0,0,0,0
0,0.5727124628178433,0.6865370664405036,0.07431499903070728,0.701098738389222,1,1,0,1
0,0.5726582289205399,0.38686093050617254,0.641289481962736,0.23888391686748214,1,0,1,0
0,0.2155018450639928,0.4803560564042925,0.07431499903070728,0.37265323151672886,0,0,0,0
0,0.475232246835885,0.49714613332298074,0.4472301288753701,0.3978439138821537,0,0,0,0
0,0.42819803703463843,0.5025736493198484,0.5234187052694159,0.701098738389222,0,1,1,1
0,0.11601563861261596,0.46025427275599684,0.5234187052694159,0.4568734218781583,0,0,1,0
0,0.4000437815029168,0.4269328999545563,0.7119238007333535,0.37265323151672886,0,0,1,0
0,0.06734565330091773,0.19244453093244585,0.13655988961459878,0.2909786896464161,0,0,0,0
0,0.20719505239306923,0.5206293234012045,0.07431499903070728,0.701098738389222,0,1,0,1
0,0.3790632559258871,0.5395550112718964,0.7119238007333535,0.4568734218781583,0,1,1,0
1,0.7776493146054061,0.5867411701769909,0.7119238007333535,0.37265323151672886,1,1,1,0
0,0.4602431263102682,0.6318738084216308,0.5234187052694159,0.701098738389222,0,1,1,1
0,0.05222149038835732,0.17165627652607213,0.13655988961459878,0.15659063436336962,0,0,0,0
0,0.9190698753237134,0.5447214905623708,0.8761146978001559,0.3978439138821537,1,1,1,0
0,0.6102222377054632,0.5566608096544964,0.4472301288753701,0.3978439138821537,1,1,0,0
0,0.10663974900981785,0.22034967184852744,0.07103470408429507,0.23888391686748214,0,0,0,0
0,0.6851232182026782,0.45786182776813955,0.7849054919390522,0.3978439138821537,1,0,1,0
0,0.7077295780539196,0.6071298038861899,0.4472301288753701,0.3978439138821537,1,1,0,0
0,0.07418660071262831,0.43897173827781616,0.07431499903070728,0.4568734218781583,0,0,0,0
0,0.03396434902957614,0.2176257392956619,0.07431499903070728,0.2909786896464161,0,0,0,0
0,0.998442069462801,0.17774054160798713,0.8797509975750424,0.15659063436336962,1,0,1,0
1,0.7067005671838501,0.6024100966840739,0.7119238007333535,0.701098738389222,1,1,1,1
0,0.09228594579261236,0.4106850020868399,0.07431499903070728,0.6545986309349229,0,0,0,1
0,0.08852940571624841,0.3116880874850667,0.07431499903070728,0.3978439138821537,0,0,0,0
0,0.03936730169369446,0.2674546239496828,0.07431499903070728,0.3978439138821537,0,0,0,0
0,0.3474297582960785,0.5479503287372665,0.13655988961459878,0.3978439138821537,0,1,0,0
1,0.7520779783992081,0.16195199776871994,0.8797509975750424,0.15659063436336962,1,0,1,0
0,0.4382970733452307,0.19680684171132468,0.624061140007934,0.15659063436336962,0,0,1,0
0,0.43722308298441037,0.43421892893824393,0.07103470408429507,0.2909786896464161,0,0,0,0
0,0.3092147675010626,0.38790720147576163,0.4472301288753701,0.3978439138821537,0,0,0,0
0,0.09773029871642108,0.25656184111101277,0.07103470408429507,0.23888391686748214,0,0,0,0
0,0.18002390124478546,0.25287491802728507,0.7119238007333535,0.701098738389222,0,0,1,1
0,0.33853570045522774,0.4507335860235952,0.4472301288753701,0.3978439138821537,0,0,0,0
0,0.7520510463618101,0.7501667658524903,0.7119238007333535,0.701098738389222,1,1,1,1
0,0.036111369973303845,0.2224054848181085,0.07431499903070728,0.2909786896464161,0,0,0,0
0,0.11873525665469245,0.3916005524342782,0.13655988961459878,0.3978439138821537,0,0,0,0
1,0.9974095849449857,0.9680731548151293,0.966188612902029,0.9479097084107246,1,1,1,1
0,0.1833210967317801,0.3707896489391056,0.13655988961459878,0.3978439138821537,0,0,0,0
0,0.1488197556728678,0.3704828065515671,0.5234187052694159,0.4568734218781583,0,0,1,0
0,0.4323017812531102,0.5208159896598481,0.7119238007333535,0.4568734218781583,0,1,1,0
0,0.06773910966456068,0.22826691793654796,0.13655988961459878,0.2909786896464161,0,0,0,0
0,0.3711232058261687,0.6555212501619956,0.07431499903070728,0.701098738389222,0,1,0,1
0,0.7090624522502375,0.8127823654124683,0.5234187052694159,0.701098738389222,1,1,1,1
0,0.03188421598995271,0.22653017018674731,0.07431499903070728,0.2909786896464161,0,0,0,0
1,0.5978938902570085,0.7665161284239383,0.07431499903070728,0.701098738389222,1,1,0,1
0,0.050521691719139464,0.16726774187649637,0.13655988961459878,0.15659063436336962,0,0,0,0
0,0.36213206670392845,0.5047705390624208,0.13655988961459878,0.3978439138821537,0,1,0,0
0,0.14938238340287596,0.3750328846664031,0.4472301288753701,0.3978439138821537,0,0,0,0
0,0.048447027806870886,0.1791290840969413,0.13655988961459878,0.15659063436336962,0,0,0,0
0,0.24230095394868464,0.46560754065633236,0.5234187052694159,0.37265323151672886,0,0,1,0
0,0.8000414855576815,0.7847830009010371,0.7119238007333535,0.701098738389222,1,1,1,1
0,0.09225648553715031,0.3294259379359009,0.07431499903070728,0.23888391686748214,0,0,0,0
1,0.3297643457742397,0.5071816528273275,0.13655988961459878,0.3978439138821537,0,1,0,0
0,0.030723414960221525,0.20835093908549632,0.07431499903070728,0.15659063436336962,0,0,0,0
0,0.17925828315339004,0.4535416413683657,0.13655988961459878,0.3978439138821537,0,0,0,0
0,0.38016764825059096,0.2748631154431408,0.624061140007934,0.2909786896464161,0,0,1,0
0,0.05219344139900895,0.3304735795538626,0.07431499903070728,0.23888391686748214,0,0,0,0
0,0.6351407133077999,0.37340836887880247,0.7849054919390522,0.37265323151672886,1,0,1,0
0,0.6173268484000819,0.7437824282874831,0.5234187052694159,0.701098738389222,1,1,1,1
0,0.05394295109572594,0.30899124253152943,0.07431499903070728,0.2909786896464161,0,0,0,0
0,0.8389127928482029,0.4953234706980995,0.7849054919390522,0.3978439138821537,1,0,1,0
0,0.832053378111809,0.4107430471061642,0.8761146978001559,0.3978439138821537,1,0,1,0
0,0.06357084385395934,0.31411256359087053,0.07431499903070728,0.37265323151672886,0,0,0,0
0,0.09587849672801152,0.36311557253009363,0.07431499903070728,0.3978439138821537,0,0,0,0
0,0.12367625799146804,0.4112235399602898,0.5234187052694159,0.4568734218781583,0,0,1,0
1,0.8419989515951176,0.7418762648322381,0.7119238007333535,0.701098738389222,1,1,1,1
0,0.0727604619933101,0.21631329174151478,0.4472301288753701,0.3978439138821537,0,0,0,0
0,0.7185872416354188,0.7223481123247653,0.4472301288753701,0.3978439138821537,1,1,0,0
0,0.9822115692312949,0.5382523341187444,0.9249893275964554,0.3978439138821537,1,1,1,0
0,0.4272830108301576,0.6589198147636032,0.07431499903070728,0.701098738389222,0,1,0,1
0,0.5706149411195227,0.6702323598037415,0.5234187052694159,0.37265323151672886,1,1,1,0
0,0.5009491377407667,0.544818310854452,0.5234187052694159,0.701098738389222,1,1,1,1
0,0.26240265349638725,0.4406259193195075,0.043146073851833694,0.2909786896464161,0,0,0,0
0,0.6673381966984762,0.7368738083199037,0.07431499903070728,0.701098738389222,1,1,0,1
0,0.0864804021196451,0.32511745623911964,0.7119238007333535,0.4568734218781583,0,0,1,0
0,0.18775692904181926,0.4502126922620772,0.13655988961459878,0.3978439138821537,0,0,0,0
0,0.09140159168266347,0.5782594400233383,0.07431499903070728,0.701098738389222,0,1,0,1
1,0.9996800531862766,0.37650004801118475,0.9249893275964554,0.3978439138821537,1,0,1,0
0,0.7447479087509316,0.39194868941006406,0.8761146978001559,0.4568734218781583,1,0,1,0
0,0.36969752485470486,0.3783367143424173,0.4472301288753701,0.3978439138821537,0,0,0,0
0,0.17975229246686134,0.36927763745688535,0.7119238007333535,0.4568734218781583,0,0,1,0
0,0.11960827921435985,0.3896389213486347,0.07431499903070728,0.23888391686748214,0,0,0,0
1,0.30835024345815576,0.18995620457268,0.33476237395442404,0.15659063436336962,0,0,0,0
1,0.9457337748231102,0.8879344266692233,0.7119238007333535,0.701098738389222,1,1,1,1
0,0.5473615070639065,0.3828557437352126,0.641289481962736,0.23888391686748214,1,0,1,0
1,0.7587780112047529,0.3388807677194438,0.8761146978001559,0.37265323151672886,1,0,1,0
0,0.21139820578018775,0.3604043454276689,0.4472301288753701,0.3978439138821537,0,0,0,0
0,0.3931663567017222,0.5662377004242888,0.13655988961459878,0.3978439138821537,0,1,0,0
0,0.25330579281712,0.45908902762415504,0.5234187052694159,0.701098738389222,0,0,1,1
1,0.3722952102248291,0.43621677614581783,0.4472301288753701,0.3978439138821537,0,0,0,0
0,0.3826347132363834,0.12000857380465654,0.8797509975750424,0.15659063436336962,0,0,1,0
1,0.7529763044667287,0.4569785743152617,0.7849054919390522,0.701098738389222,1,0,1,1
0,0.04839002257102386,0.24868528646409357,0.13655988961459878,0.2909786896464161,0,0,0,0
0,0.07686749681988328,0.3063571152461255,0.07431499903070728,0.23888391686748214,0,0,0,0
0,0.22450593017949597,0.6355205890239887,0.186156446724178,0.3978439138821537,0,1,0,0
1,0.7325031682499259,0.44620903962466013,0.7849054919390522,0.701098738389222,1,0,1,1
0,0.16717046337502078,0.4037347690134267,0.5234187052694159,0.37265323151672886,0,0,1,0
1,0.27284647067608997,0.3916183521590995,0.13655988961459878,0.3978439138821537,0,0,0,0
0,0.47896320219012845,0.5633617228664156,0.13655988961459878,0.3978439138821537,0,1,0,0
0,0.10165915811278123,0.43308552663382127,0.07431499903070728,0.3978439138821537,0,0,0,0
0,0.02274130224555338,0.24185405755824904,0.07431499903070728,0.3978439138821537,0,0,0,0
1,0.4054534442195509,0.5902461582766184,0.5234187052694159,0.6545986309349229,0,1,1,1
0,0.18688163717841955,0.4383651132389484,0.07431499903070728,0.701098738389222,0,0,0,1
0,0.10694263351374492,0.3411104224926781,0.07431499903070728,0.2909786896464161,0,0,0,0
1,0.6475374498960264,0.5600491211148387,0.4472301288753701,0.3978439138821537,1,1,0,0
0,0.22411449579288564,0.49310614108612716,0.13655988961459878,0.3978439138821537,0,0,0,0
0,0.11667232578036305,0.37580422300558686,0.07431499903070728,0.2909786896464161,0,0,0,0
1,0.9544447020789099,0.45192494813352097,0.8797509975750424,0.23888391686748214,1,0,1,0
0,0.14418539836608518,0.4915398053379499,0.07431499903070728,0.4568734218781583,0,0,0,0
0,0.7528201607293538,0.8690246409734796,0.7512025309012217,0.701098738389222,1,1,1,1
0,0.4449099982413491,0.5809304938557717,0.07103470408429507,0.15659063436336962,0,1,0,0
1,0.9956174580698014,0.3968498750044332,0.8797509975750424,0.2909786896464161,1,0,1,0
0,0.04259701101343667,0.3596452268371817,0.07431499903070728,0.4568734218781583,0,0,0,0
0,0.9973894509135559,0.492007619524641,0.9249893275964554,0.701098738389222,1,0,1,1
0,0.07086705694128297,0.16818790602777475,0.07103470408429507,0.15659063436336962,0,0,0,0
0,0.05736335993863702,0.32793285397677674,0.07431499903070728,0.4568734218781583,0,0,0,0
0,0.17959488143764166,0.4422510941079834,0.13655988961459878,0.3978439138821537,0,0,0,0
0,0.20363045022533324,0.4881931226820546,0.07431499903070728,0.37265323151672886,0,0,0,0
0,0.09348194676154825,0.18353275814130138,0.07103470408429507,0.15659063436336962,0,0,0,0
0,0.309054365313802,0.24107961206929282,0.2843241992058826,0.15659063436336962,0,0,0,0
0,0.5203758794645957,0.46889540833530685,0.4472301288753701,0.3978439138821537,1,0,0,0
0,0.18653204263997067,0.3565591424278274,0.5234187052694159,0.701098738389222,0,0,1,1
0,0.0813335387220221,0.42014504420993376,0.07431499903070728,0.3978439138821537,0,0,0,0
0,0.4574043919592878,0.3754042445742721,0.4472301288753701,0.3978439138821537,0,0,0,0
0,0.15013225323595258,0.36224846388545245,0.043146073851833694,0.23888391686748214,0,0,0,0
0,0.15027285652430378,0.409681584078078,0.07431499903070728,0.37265323151672886,0,0,0,0
0,0.042664916009219254,0.23436605184846393,0.07431499903070728,0.2909786896464161,0,0,0,0
0,0.6487746551620203,0.547741674384993,0.7119238007333535,0.4568734218781583,1,1,1,0
0,0.10460998089825735,0.16820083770772792,0.07103470408429507,0.2909786896464161,0,0,0,0
0,0.1182728976078434,0.3825336029468058,0.5234187052694159,0.4568734218781583,0,0,1,0
0,0.4153343037503907,0.5946839364088081,0.07431499903070728,0.701098738389222,0,1,0,1
0,0.4658568827770372,0.6737479558456114,0.5234187052694159,0.701098738389222,0,1,1,1
1,0.7067044898730632,0.8273817398775266,0.5234187052694159,0.701098738389222,1,1,1,1
0,0.43686302568458224,0.348237681654511,0.4472301288753701,0.3978439138821537,0,0,0,0
0,0.1470301670714857,0.4541526306826324,0.07431499903070728,0.2909786896464161,0,0,0,0
0,0.7801532251544396,0.5920808731801894,0.4472301288753701,0.3978439138821537,1,1,0,0
0,0.16004200728292856,0.4415590029061296,0.07431499903070728,0.3978439138821537,0,0,0,0
1,0.8752607602736184,0.9128416451566226,0.9369658288621653,0.9479097084107246,1,1,1,1
0,0.25403039067223027,0.3827632850878498,0.07103470408429507,0.23888391686748214,0,0,0,0
0,0.09579756925785789,0.43037856480200026,0.07431499903070728,0.23888391686748214,0,0,0,0
0,0.45835178553925254,0.5634895608094427,0.13655988961459878,0.3978439138821537,0,1,0,0
0,0.9992855349856402,0.4038006756333665,0.9249893275964554,0.4568734218781583,1,0,1,0
0,0.6316717715265956,0.4432855089877436,0.4472301288753701,0.3978439138821537,1,0,0,0
0,0.26514003905733063,0.36717844061706656,0.4472301288753701,0.3978439138821537,0,0,0,0
1,0.609679045017626,0.6394639735852728,0.4472301288753701,0.8919618540568964,1,1,0,1
0,0.21617569176082946,0.5609892024324792,0.07431499903070728,0.37265323151672886,0,1,0,0
0,0.07073008136895986,0.20068886874896105,0.13655988961459878,0.2909786896464161,0,0,0,0
0,0.11993764359618198,0.39873489335231443,0.13655988961459878,0.3978439138821537,0,0,0,0
0,0.18064317919429485,0.21441555843643093,0.07103470408429507,0.15659063436336962,0,0,0,0
0,0.03011902392844386,0.28565311477283983,0.07431499903070728,0.3978439138821537,0,0,0,0
0,0.09544867938526,0.37084197885953996,0.5234187052694159,0.4568734218781583,0,0,1,0
0,0.30300229149174057,0.5309372966082126,0.5234187052694159,0.701098738389222,0,1,1,1
0,0.08728251740489529,0.32500181121146193,0.13655988961459878,0.3978439138821537,0,0,0,0
0,0.26333222849852883,0.12979409766999894,0.624061140007934,0.15659063436336962,0,0,1,0
0,0.18417380547313517,0.43979425947080497,0.07431499903070728,0.6545986309349229,0,0,0,1
0,0.18173766501179373,0.48772083639995983,0.07431499903070728,0.37265323151672886,0,0,0,0
0,0.07248555195789146,0.26252765165322944,0.043146073851833694,0.23888391686748214,0,0,0,0
0,0.5049002084740457,0.6145503678347785,0.5234187052694159,0.701098738389222,1,1,1,1
0,0.03218542014995428,0.18849088140537615,0.07431499903070728,0.15659063436336962,0,0,0,0
0,0.12405122309132681,0.41508516236803633,0.13655988961459878,0.3978439138821537,0,0,0,0
0,0.05517244345184451,0.2807766308443632,0.07431499903070728,0.23888391686748214,0,0,0,0
0,0.1509735230643342,0.40481816106085006,0.13655988961459878,0.3978439138821537,0,0,0,0
0,0.09758919242541521,0.49117558003791045,0.07431499903070728,0.2909786896464161,0,0,0,0
0,0.03572490699465903,0.18994698655692963,0.07431499903070728,0.2909786896464161,0,0,0,0
0,0.392040644394518,0.27448848649901275,0.624061140007934,0.23888391686748214,0,0,1,0
0,0.6361465249010461,0.42668716284562946,0.7849054919390522,0.3978439138821537,1,0,1,0
0,0.025561768421658755,0.2792381748125197,0.07431499903070728,0.4568734218781583,0,0,0,0
1,0.24246941233374503,0.22190713280595983,0.2843241992058826,0.2909786896464161,0,0,0,0
0,0.1634923144643598,0.4550790825233576,0.07431499903070728,0.37265323151672886,0,0,0,0
0,0.2563200734980716,0.2867558280398262,0.07103470408429507,0.15659063436336962,0,0,0,0
0,0.06990321917293649,0.34053232804223355,0.07431499903070728,0.23888391686748214,0,0,0,0
0,0.4168359216490122,0.7006368703784568,0.07431499903070728,0.701098738389222,0,1,0,1
0,0.01711640917757623,0.1621509099252557,0.07431499903070728,0.15659063436336962,0,0,0,0
0,0.05355815238833847,0.3650654984879319,0.07431499903070728,0.3978439138821537,0,0,0,0
0,0.184337550007002,0.3963048433529255,0.043146073851833694,0.2909786896464161,0,0,0,0
0,0.09081894073720413,0.38615451130056155,0.07431499903070728,0.3978439138821537,0,0,0,0
0,0.04040647428700335,0.24630154731677753,0.07431499903070728,0.23888391686748214,0,0,0,0
0,0.7256134576851195,0.524201317615927,0.7119238007333535,0.701098738389222,1,1,1,1
0,0.057576986550406835,0.26567303807728193,0.043146073851833694,0.2909786896464161,0,0,0,0
0,0.12652161252985,0.2371388891231737,0.07103470408429507,0.2909786896464161,0,0,0,0
0,0.09505010295528331,0.1815538609093187,0.07103470408429507,0.15659063436336962,0,0,0,0
0,0.2793451404415566,0.5768734786060133,0.07431499903070728,0.37265323151672886,0,1,0,0
0,0.5077409577307069,0.5533668140939417,0.5234187052694159,0.701098738389222,1,1,1,1
0,0.7797533952398211,0.7138219801052217,0.8973324495563872,0.3978439138821537,1,1,1,0
0,0.7827142091049043,0.29122908181676604,0.7616858140337348,0.15659063436336962,1,0,1,0
0,0.7531136333951091,0.48313659205957604,0.7849054919390522,0.4568734218781583,1,0,1,0
1,0.610613925166199,0.7265937118263076,0.5234187052694159,0.701098738389222,1,1,1,1
0,0.0442677043377347,0.2624497248228468,0.13655988961459878,0.23888391686748214,0,0,0,0
0,0.02095751811851061,0.3102532286965493,0.07431499903070728,0.2909786896464161,0,0,0,0
0,0.30297271557074973,0.43158855534922164,0.07103470408429507,0.23888391686748214,0,0,0,0
0,0.14776723453210555,0.4712412221156617,0.07431499903070728,0.4568734218781583,0,0,0,0
0,0.17553677218643415,0.3763395178154788,0.13655988961459878,0.3978439138821537,0,0,0,0
0,0.03223970702436206,0.24154816691165884,0.043146073851833694,0.2909786896464161,0,0,0,0
0,0.04011879703526174,0.18172282395522532,0.13655988961459878,0.2909786896464161,0,0,0,0
0,0.24915514413803974,0.5527045278517213,0.5234187052694159,0.701098738389222,0,1,1,1
0,0.23721856042038336,0.3123201038111304,0.7119238007333535,0.37265323151672886,0,0,1,0
0,0.28882112497675866,0.43888208576738347,0.07431499903070728,0.6545986309349229,0,0,0,1
0,0.002817740322807372,0.10773862646931819,0.07431499903070728,0.23888391686748214,0,0,0,0
0,0.08918337188441477,0.2646852667267033,0.13655988961459878,0.3978439138821537,0,0,0,0
0,0.04116638943700146,0.27522578079824594,0.07431499903070728,0.23888391686748214,0,0,0,0
0,0.16638674344248483,0.49188139918047685,0.07431499903070728,0.6545986309349229,0,0,0,1
0,0.023665701179109537,0.1945916760944349,0.07431499903070728,0.15659063436336962,0,0,0,0
0,0.23131731390960467,0.4202534890522706,0.043146073851833694,0.23888391686748214,0,0,0,0
0,0.5424395023204367,0.6685838593637259,0.4472301288753701,0.3978439138821537,1,1,0,0
0,0.0961416075436482,0.23555134971055586,0.13655988961459878,0.2909786896464161,0,0,0,0
0,0.16327300068344322,0.516188400099491,0.13655988961459878,0.3978439138821537,0,1,0,0
0,0.025385929345860793,0.13799608817842357,0.13655988961459878,0.2909786896464161,0,0,0,0
0,0.06317563511971092,0.37012566469771613,0.07431499903070728,0.3978439138821537,0,0,0,0
0,0.24733576208835992,0.4301874939376777,0.4472301288753701,0.3978439138821537,0,0,0,0
0,0.03329844602122038,0.1694598000255618,0.13655988961459878,0.15659063436336962,0,0,0,0
0,0.795703973597054,0.7309648399952254,0.7119238007333535,0.701098738389222,1,1,1,1
0,0.2860208593815872,0.42280173502571833,0.13655988961459878,0.3978439138821537,0,0,0,0
0,0.05690215419872849,0.24244936179532484,0.13655988961459878,0.15659063436336962,0,0,0,0
0,0.9100039341930003,0.7999966731703244,0.7119238007333535,0.701098738389222,1,1,1,1
0,0.4773404309196471,0.5967731973336907,0.07431499903070728,0.3978439138821537,0,1,0,0
0,0.07558683366200378,0.17125219535443184,0.07103470408429507,0.15659063436336962,0,0,0,0
0,0.455122901786321,0.5471282365468089,0.07431499903070728,0.701098738389222,0,1,0,1
0,0.4966813417283367,0.513395772750383,0.13655988961459878,0.3978439138821537,0,1,0,0
0,0.06314096258807328,0.2664001428072118,0.043146073851833694,0.15659063436336962,0,0,0,0
0,0.735746505105631,0.3102706227671398,0.7616858140337348,0.23888391686748214,1,0,1,0
0,0.3810474422972009,0.40904324261483577,0.07103470408429507,0.2909786896464161,0,0,0,0
0,0.11515008367880782,0.2764886746704893,0.4472301288753701,0.3978439138821537,0,0,0,0
0,0.2205333822313243,0.46304878625104695,0.13655988961459878,0.3978439138821537,0,0,0,0
0,0.42982885063937065,0.5282079955074228,0.5234187052694159,0.701098738389222,0,1,1,1
0,0.38163947443756985,0.6171885713558214,0.07431499903070728,0.3978439138821537,0,1,0,0
0,0.1481753557727819,0.4588098731938388,0.07431499903070728,0.3978439138821537,0,0,0,0
0,0.6779028218091865,0.8594532418136969,0.5234187052694159,0.701098738389222,1,1,1,1
0,0.1668830841381591,0.29531393497959296,0.07431499903070728,0.3978439138821537,0,0,0,0
0,0.052166194775390105,0.2088041597171254,0.13655988961459878,0.15659063436336962,0,0,0,0
0,0.30508505118140666,0.5629521342185768,0.13655988961459878,0.3978439138821537,0,1,0,0
0,0.7206283860487539,0.6795133512703325,0.5234187052694159,0.6545986309349229,1,1,1,1
0,0.12655863330971565,0.3291454529497066,0.5234187052694159,0.37265323151672886,0,0,1,0
0,0.29508033224000824,0.5232833184268421,0.7119238007333535,0.4568734218781583,0,1,1,0
0,0.16673920080225665,0.48432271852196007,0.07431499903070728,0.3978439138821537,0,0,0,0
0,0.09572000574640624,0.32413447285233393,0.07431499903070728,0.37265323151672886,0,0,0,0
0,0.18758147187292024,0.40296161872470604,0.5234187052694159,0.37265323151672886,0,0,1,0
0,0.32732253029109676,0.37408796465260685,0.4472301288753701,0.3978439138821537,0,0,0,0
0,0.08184409236637595,0.26017358100407906,0.5234187052694159,0.4568734218781583,0,0,1,0
1,0.8907225562833636,0.5855149332487499,0.7849054919390522,0.701098738389222,1,1,1,1
0,0.069481985455313,0.14400674282678932,0.07103470408429507,0.2909786896464161,0,0,0,0
0,0.1893621441288115,0.507609609080882,0.07431499903070728,0.3978439138821537,0,1,0,0
1,0.3755421867536026,0.4742398293739474,0.13655988961459878,0.3978439138821537,0,0,0,0
0,0.1735895980929423,0.3688088047570894,0.5234187052694159,0.701098738389222,0,0,1,1
1,0.981523704656255,0.8408739121601682,0.8761146978001559,0.8342236211422674,1,1,1,1
0,0.09682237401110169,0.21549830397369435,0.07103470408429507,0.47969074013403357,0,0,0,0
1,0.7327521837338096,0.6600278046659316,0.7119238007333535,0.701098738389222,1,1,1,1
0,0.2673853266872899,0.42862887174593467,0.13655988961459878,0.3978439138821537,0,0,0,0
1,0.5991578630979182,0.6821319578946724,0.5234187052694159,0.701098738389222,1,1,1,1
0,0.1431153193716505,0.46736415159953354,0.07431499903070728,0.37265323151672886,0,0,0,0
0,0.2200539655254281,0.5512204796065903,0.5234187052694159,0.4568734218781583,0,1,1,0
0,0.021594788846633337,0.1533397439122024,0.07431499903070728,0.15659063436336962,0,0,0,0
0,0.07228059622296971,0.3561725181837307,0.07431499903070728,0.3978439138821537,0,0,0,0
0,0.19154652496973787,0.3748963794421829,0.13655988961459878,0.3978439138821537,0,0,0,0
0,0.16998642827589044,0.39161815418152723,0.13655988961459878,0.3978439138821537,0,0,0,0
0,0.5049744614685304,0.43098112656286386,0.4472301288753701,0.3978439138821537,1,0,0,0
0,0.5094385816630856,0.6393033912567201,0.07431499903070728,0.701098738389222,1,1,0,1
0,0.12005318368343318,0.3736105753706793,0.13655988961459878,0.3978439138821537,0,0,0,0
0,0.07352073716292522,0.2632840520381785,0.043146073851833694,0.23888391686748214,0,0,0,0
0,0.15111216170291014,0.42976159527340985,0.13655988961459878,0.3978439138821537,0,0,0,0
0,0.19198953738439872,0.32420457998516927,0.13655988961459878,0.3978439138821537,0,0,0,0
0,0.5130235565118442,0.4774109445274605,0.07103470408429507,0.23888391686748214,1,0,0,0
1,0.8913300229524875,0.786925916930682,0.7119238007333535,0.701098738389222,1,1,1,1
1,0.8443296438641309,0.8808009982919507,0.9369658288621653,0.9479097084107246,1,1,1,1
0,0.15144967037323662,0.42355101087503727,0.07431499903070728,0.3978439138821537,0,0,0,0
0,0.11874110170703217,0.37552456013367574,0.07431499903070728,0.3978439138821537,0,0,0,0
0,0.3753024256411444,0.5457324554275457,0.7119238007333535,0.4568734218781583,0,1,1,0
0,0.08093332669152149,0.2968546873378303,0.13655988961459878,0.2909786896464161,0,0,0,0
0,0.07504972344295448,0.3839873065289696,0.07431499903070728,0.3978439138821537,0,0,0,0
0,0.4085597629553049,0.15813499185124993,0.7616858140337348,0.15659063436336962,0,0,1,0
1,0.21308733638728383,0.510785723619845,0.07431499903070728,0.6545986309349229,0,1,0,1
0,0.06617868357252371,0.29442818190846026,0.07431499903070728,0.23888391686748214,0,0,0,0
0,0.24090148050135143,0.5488520874091035,0.07431499903070728,0.6545986309349229,0,1,0,1
0,0.051950960958872985,0.30467208616009095,0.07431499903070728,0.23888391686748214,0,0,0,0
0,0.8802827999042755,0.7721970233152057,0.7119238007333535,0.701098738389222,1,1,1,1
0,0.22786954020714564,0.394104386533519,0.5234187052694159,0.701098738389222,0,0,1,1
0,0.19686470850278548,0.42481160825417835,0.07103470408429507,0.23888391686748214,0,0,0,0
0,0.046323255664279916,0.41779931616888244,0.07431499903070728,0.3978439138821537,0,0,0,0
0,0.0867174155292487,0.32287996370256,0.13655988961459878,0.3978439138821537,0,0,0,0
1,0.8596538408585611,0.1973389131752026,0.8797509975750424,0.2909786896464161,1,0,1,0
0,0.24936113110376898,0.48955581377724045,0.07431499903070728,0.3978439138821537,0,0,0,0
0,0.1064814269776253,0.29352308003331085,0.043146073851833694,0.23888391686748214,0,0,0,0
0,0.24095991811949077,0.45236682887531854,0.5234187052694159,0.701098738389222,0,0,1,1
0,0.0986311723419878,0.3130592806284797,0.5234187052694159,0.37265323151672886,0,0,1,0
0,0.08191160978368432,0.22641715913504132,0.5234187052694159,0.701098738389222,0,0,1,1
0,0.1221790551926914,0.39995801616611537,0.07431499903070728,0.37265323151672886,0,0,0,0
1,0.9997727402415393,0.3730720280835893,0.9249893275964554,0.3978439138821537,1,0,1,0
0,0.4020658312762834,0.3346298625984519,0.7849054919390522,0.3978439138821537,0,0,1,0
0,0.8287169017407081,0.6072893551781908,0.7119238007333535,0.701098738389222,1,1,1,1
1,0.7074368379771718,0.8667749535774958,0.5234187052694159,0.701098738389222,1,1,1,1
0,0.3144786809024604,0.4049208729625711,0.4472301288753701,0.3978439138821537,0,0,0,0
0,0.2098656750560044,0.4028942221801004,0.7119238007333535,0.4568734218781583,0,0,1,0
1,0.54589425209983,0.6745409711144947,0.5234187052694159,0.701098738389222,1,1,1,1
0,0.25639150066831895,0.252530594762903,0.07103470408429507,0.15659063436336962,0,0,0,0
0,0.1023852645640963,0.22524033782355643,0.07103470408429507,0.2909786896464161,0,0,0,0
0,0.22913142526384672,0.3776977118616847,0.4472301288753701,0.3978439138821537,0,0,0,0
0,0.06501382911312305,0.36668120269326754,0.07431499903070728,0.3978439138821537,0,0,0,0
0,0.378739468285914,0.534789103949465,0.4472301288753701,0.3978439138821537,0,1,0,0
0,0.19783806391138103,0.413226345270548,0.13655988961459878,0.3978439138821537,0,0,0,0
1,0.9854232875889852,0.39656660445681585,0.9249893275964554,0.3978439138821537,1,0,1,0
0,0.057532688124162436,0.3057414476464317,0.07431499903070728,0.3978439138821537,0,0,0,0
0,0.056894808714922564,0.27887691364625766,0.07431499903070728,0.23888391686748214,0,0,0,0
0,0.1989125219236709,0.3800557276041272,0.4472301288753701,0.3978439138821537,0,0,0,0
0,0.31029875494213155,0.5707270476129815,0.07431499903070728,0.701098738389222,0,1,0,1
0,0.5811010052617325,0.787546890909172,0.4986819481082508,0.701098738389222,1,1,0,1
0,0.1482458527327241,0.43603391749161435,0.07431499903070728,0.3978439138821537,0,0,0,0
0,0.2089658593010133,0.49690270267190656,0.07431499903070728,0.701098738389222,0,0,0,1
0,0.2273393246301561,0.5660368454380259,0.07431499903070728,0.3978439138821537,0,1,0,0
0,0.27034351266824025,0.42122563522658074,0.5234187052694159,0.701098738389222,0,0,1,1
0,0.8525741522184557,0.4953093930411029,0.8761146978001559,0.37265323151672886,1,0,1,0
0,0.6056482121546753,0.4886364491867073,0.4472301288753701,0.3978439138821537,1,0,0,0
0,0.03633199575751018,0.18721283338312034,0.13655988961459878,0.15659063436336962,0,0,0,0
0,0.2511704133808729,0.313288746939855,0.07103470408429507,0.2909786896464161,0,0,0,0
0,0.9999546516398939,0.5616184270519246,0.9249893275964554,0.3978439138821537,1,1,1,0
0,0.010771173323644568,0.23768435895717294,0.07431499903070728,0.37265323151672886,0,0,0,0
0,0.21766818327274826,0.4563099850667507,0.13655988961459878,0.3978439138821537,0,0,0,0
1,0.8285745490421353,0.36850032605419947,0.8761146978001559,0.3978439138821537,1,0,1,0
0,0.18513189004390881,0.37527025585173635,0.13655988961459878,0.3978439138821537,0,0,0,0
0,0.012471610440742444,0.1279677655052952,0.07431499903070728,0.15659063436336962,0,0,0,0
0,0.3972832124977668,0.5971999213896959,0.07431499903070728,0.701098738389222,0,1,0,1
0,0.17027409445699573,0.4475818217099074,0.07431499903070728,0.701098738389222,0,0,0,1
1,0.968582450147895,0.8971411953186738,0.9602234262685618,0.9479097084107246,1,1,1,1
0,0.035695504831927974,0.1673113346008088,0.13655988961459878,0.15659063436336962,0,0,0,0
0,0.44850058195709425,0.642637664216897,0.5234187052694159,0.701098738389222,0,1,1,1
0,0.10199510741739876,0.3581707415922013,0.07431499903070728,0.3978439138821537,0,0,0,0
0,0.6308255110376983,0.46444423867576456,0.7119238007333535,0.701098738389222,1,0,1,1
1,0.9852584933563198,0.6770625263158491,0.9249893275964554,0.701098738389222,1,1,1,1
0,0.01297354944687559,0.12815767336844688,0.13655988961459878,0.15659063436336962,0,0,0,0
0,0.022792099298424705,0.17619575294697692,0.07431499903070728,0.23888391686748214,0,0,0,0
0,0.02896462349657748,0.13002879537424272,0.07103470408429507,0.15659063436336962,0,0,0,0
0,0.47321532858524346,0.5571430427719148,0.4472301288753701,0.808688118677574,0,1,0,1
0,0.7304053866986049,0.32486177656772064,0.7616858140337348,0.23888391686748214,1,0,1,0
0,0.12299257158651268,0.41512595873409025,0.07431499903070728,0.4568734218781583,0,0,0,0
0,0.551499264457023,0.5221918049930097,0.4472301288753701,0.3978439138821537,1,1,0,0
1,0.9708759312468159,0.9671929186636352,0.9369658288621653,0.9479097084107246,1,1,1,1
0,0.05554211815777845,0.21535773204519654,0.13655988961459878,0.15659063436336962,0,0,0,0
0,0.22381524075651132,0.41273828496192627,0.13655988961459878,0.2909786896464161,0,0,0,0
0,0.25067380380994037,0.40774781302195917,0.4472301288753701,0.3978439138821537,0,0,0,0
0,0.04180166088867087,0.2726062393474921,0.07431499903070728,0.3978439138821537,0,0,0,0
0,0.02286552906810562,0.15722247797560654,0.13655988961459878,0.15659063436336962,0,0,0,0
0,0.11341762127023276,0.26674974270935453,0.13655988961459878,0.2909786896464161,0,0,0,0
0,0.03569102151951045,0.18055275867734247,0.13655988961459878,0.15659063436336962,0,0,0,0
0,0.2530429806684905,0.4941902537156555,0.13655988961459878,0.3978439138821537,0,0,0,0
0,0.03936813337095316,0.19474131887357382,0.07431499903070728,0.15659063436336962,0,0,0,0
1,0.5592707743328147,0.63507422309631,0.5234187052694159,0.701098738389222,1,1,1,1
0,0.5204546452130179,0.4923003138001056,0.7119238007333535,0.6545986309349229,1,0,1,1
0,0.12113900601401706,0.393753625095103,0.5234187052694159,0.4568734218781583,0,0,1,0
0,0.018650931210370637,0.16233418028208443,0.07431499903070728,0.23888391686748214,0,0,0,0
0,0.4229458179155191,0.441181925095073,0.4472301288753701,0.3978439138821537,0,0,0,0
1,0.9199110840313256,0.9132265238416495,0.9602234262685618,0.9269601406234662,1,1,1,1
0,0.16679927627975233,0.4011814693146687,0.07431499903070728,0.701098738389222,0,0,0,1
0,0.028068777565869066,0.20571274771020476,0.07431499903070728,0.2909786896464161,0,0,0,0
0,0.26596809963956247,0.4577776737537532,0.07431499903070728,0.3978439138821537,0,0,0,0
0,0.29571552123444694,0.2649086626057762,0.2843241992058826,0.2909786896464161,0,0,0,0
0,0.29636193800523336,0.3127973001333061,0.4472301288753701,0.3978439138821537,0,0,0,0
1,0.5537503658514987,0.5002283063050137,0.5234187052694159,0.701098738389222,1,1,1,1
0,0.24099406855554345,0.39823788529886567,0.4472301288753701,0.3978439138821537,0,0,0,0
0,0.13868354361469368,0.35667022324103725,0.043146073851833694,0.2909786896464161,0,0,0,0
0,0.039962099556661815,0.18993505588678553,0.07431499903070728,0.15659063436336962,0,0,0,0
0,0.2682303355937722,0.3208005961368539,0.4472301288753701,0.3978439138821537,0,0,0,0
0,0.04586193639077678,0.2503314426714854,0.07431499903070728,0.23888391686748214,0,0,0,0
0,0.04295905345173279,0.2695981930694148,0.07431499903070728,0.2909786896464161,0,0,0,0
0,0.05418795012036368,0.3192736472757311,0.07431499903070728,0.15659063436336962,0,0,0,0
0,0.6681351869741501,0.6432229384493093,0.4472301288753701,0.3978439138821537,1,1,0,0
0,0.9156904848621467,0.9041166298255049,0.9369658288621653,0.9269601406234662,1,1,1,1
0,0.3479802508614979,0.49506176450359235,0.07431499903070728,0.3978439138821537,0,0,0,0
0,0.019197328454916035,0.12862219351183532,0.13655988961459878,0.15659063436336962,0,0,0,0
0,0.19095890005803828,0.4137404745313993,0.13655988961459878,0.3978439138821537,0,0,0,0
0,0.7363314474325555,0.6474705724045229,0.7119238007333535,0.4568734218781583,1,1,1,0
1,0.9465002180105668,0.9149915537721831,0.9602234262685618,0.9479097084107246,1,1,1,1
0,0.01633900726366513,0.18101541841169877,0.07431499903070728,0.2909786896464161,0,0,0,0
0,0.12096439020787056,0.31062886383260174,0.07431499903070728,0.3978439138821537,0,0,0,0
0,0.11206560403645403,0.4498770923682944,0.7119238007333535,0.4568734218781583,0,0,1,0
0,0.05062265178936375,0.2323153086473944,0.13655988961459878,0.2909786896464161,0,0,0,0
1,0.43528765468264086,0.6790800935550985,0.5234187052694159,0.701098738389222,0,1,1,1
0,0.517411010960892,0.5231119000104739,0.5234187052694159,0.701098738389222,1,1,1,1
1,0.6884535211114052,0.7628977569679475,0.7119238007333535,0.701098738389222,1,1,1,1
0,0.1655203848706274,0.44210284812310074,0.07431499903070728,0.3978439138821537,0,0,0,0
0,0.16405401594221608,0.4357450744681172,0.13655988961459878,0.3978439138821537,0,0,0,0
0,0.25478363912660623,0.4479780671182766,0.043146073851833694,0.2909786896464161,0,0,0,0
0,0.14997255439144377,0.5241680238008691,0.07431499903070728,0.3978439138821537,0,1,0,0
0,0.14947144232421988,0.44128548966391967,0.07431499903070728,0.3978439138821537,0,0,0,0
0,0.20180838677142274,0.3819995092485475,0.4472301288753701,0.3978439138821537,0,0,0,0
0,0.4495576796345284,0.5377101394260683,0.5234187052694159,0.701098738389222,0,1,1,1
0,0.9805968686448706,0.5635906902472874,0.9249893275964554,0.3978439138821537,1,1,1,0
0,0.09872645340370477,0.3999867374828687,0.07431499903070728,0.3978439138821537,0,0,0,0
0,0.04999804925459617,0.27100981208167146,0.07431499903070728,0.15659063436336962,0,0,0,0
0,0.048044457141257484,0.3854881846305003,0.07431499903070728,0.3978439138821537,0,0,0,0
0,0.0615430200031465,0.40725906467372514,0.07431499903070728,0.4568734218781583,0,0,0,0
0,0.02586174209228577,0.16114651545170594,0.13655988961459878,0.15659063436336962,0,0,0,0
0,0.06573405524145075,0.23457904996109932,0.043146073851833694,0.23888391686748214,0,0,0,0
0,0.025010093840168533,0.15277765744763086,0.13655988961459878,0.2909786896464161,0,0,0,0
1,0.8187950042472939,0.8136729117280928,0.7119238007333535,0.701098738389222,1,1,1,1
0,0.1606702766263075,0.4113039055070957,0.07431499903070728,0.3978439138821537,0,0,0,0
0,0.034660476214729154,0.15461939879161798,0.7119238007333535,0.37265323151672886,0,0,1,0
0,0.11015423130266254,0.41002802709374897,0.07431499903070728,0.23888391686748214,0,0,0,0
0,0.6637860925392082,0.7301738343623619,0.07431499903070728,0.701098738389222,1,1,0,1
0,0.6736940607526078,0.5207359474367347,0.4472301288753701,0.3978439138821537,1,1,0,0
0,0.1493898423459997,0.37569501347455087,0.043146073851833694,0.23888391686748214,0,0,0,0
0,0.48673545682091274,0.4955224261147813,0.7119238007333535,0.6545986309349229,0,0,1,1
0,0.33421735486066034,0.4734543313854337,0.5234187052694159,0.37265323151672886,0,0,1,0
0,0.763513502999874,0.707406457659122,0.5234187052694159,0.701098738389222,1,1,1,1
0,0.20658523622112357,0.44701052741820996,0.5234187052694159,0.701098738389222,0,0,1,1
0,0.04921536011259372,0.1738823741172938,0.07103470408429507,0.23888391686748214,0,0,0,0
0,0.46798717055917777,0.6333558380996194,0.07431499903070728,0.701098738389222,0,1,0,1
0,0.4446974734076358,0.3517870093594714,0.07103470408429507,0.2909786896464161,0,0,0,0
1,0.4361362872598103,0.35212906935424976,0.7849054919390522,0.3978439138821537,0,0,1,0
0,0.6412259893579026,0.35428897189892655,0.4472301288753701,0.3978439138821537,1,0,0,0
0,0.3818689860966602,0.5362309850594872,0.5234187052694159,0.701098738389222,0,1,1,1
0,0.2644085041577954,0.5250511905658363,0.5234187052694159,0.4568734218781583,0,1,1,0
0,0.014436451970298374,0.19515414081335986,0.07431499903070728,0.15659063436336962,0,0,0,0
0,0.10773680522265619,0.555312101154022,0.07431499903070728,0.4568734218781583,0,1,0,0
0,0.8026589913154414,0.8393120617019474,0.5234187052694159,0.701098738389222,1,1,1,1
0,0.02673350878134228,0.22853134304567613,0.07431499903070728,0.3978439138821537,0,0,0,0
0,0.12738891592573998,0.2254625064153011,0.07103470408429507,0.2909786896464161,0,0,0,0
0,0.07089873991207597,0.2950297552872442,0.13655988961459878,0.3978439138821537,0,0,0,0
1,0.9786159312780446,0.7145615353135663,0.8761146978001559,0.701098738389222,1,1,1,1
0,0.13238308939222715,0.38864077314412854,0.07431499903070728,0.3978439138821537,0,0,0,0
0,0.054651222207301633,0.2238879394944233,0.13655988961459878,0.2909786896464161,0,0,0,0
1,0.5829390538996772,0.5284737064886645,0.7119238007333535,0.701098738389222,1,1,1,1
0,0.7944350602170014,0.4530735644090223,0.7849054919390522,0.3978439138821537,1,0,1,0
1,0.9374406020849676,0.46277545601265135,0.8761146978001559,0.701098738389222,1,0,1,1
0,0.23167041664306573,0.43008934648064173,0.13655988961459878,0.3978439138821537,0,0,0,0
1,0.6081993020569327,0.702387993452748,0.5234187052694159,0.701098738389222,1,1,1,1
0,0.09810937684742607,0.27537380869450867,0.13655988961459878,0.3978439138821537,0,0,0,0
0,0.1258869120313554,0.4821935219939967,0.07431499903070728,0.701098738389222,0,0,0,1
0,0.4779523867415392,0.4487656597739872,0.4472301288753701,0.3978439138821537,0,0,0,0
0,0.0856674468496543,0.33835050572356845,0.07431499903070728,0.3978439138821537,0,0,0,0
0,0.3453571385836288,0.5067989347668514,0.4472301288753701,0.3978439138821537,0,1,0,0
0,0.024963081055869734,0.27947989130514495,0.07431499903070728,0.3978439138821537,0,0,0,0
0,0.2610880167094235,0.48855439735733347,0.5234187052694159,0.701098738389222,0,0,1,1
0,0.06261145375538679,0.28809135091271393,0.07431499903070728,0.23888391686748214,0,0,0,0
0,0.02014019838806584,0.20473246110211402,0.07431499903070728,0.2909786896464161,0,0,0,0
0,0.0644542831614109,0.37336126455870977,0.07431499903070728,0.23888391686748214,0,0,0,0
0,0.48408936414381937,0.4356915592536515,0.07103470408429507,0.23888391686748214,0,0,0,0
0,0.09192943791527941,0.41724837579620816,0.07431499903070728,0.3978439138821537,0,0,0,0
0,0.06399021000122099,0.299705289636881,0.07431499903070728,0.23888391686748214,0,0,0,0
0,0.35289391441607015,0.5075672276367053,0.07431499903070728,0.3978439138821537,0,1,0,0
0,0.026858624161371705,0.16512323813894028,0.13655988961459878,0.15659063436336962,0,0,0,0
0,0.0631667302040804,0.23828471838896312,0.13655988961459878,0.3978439138821537,0,0,0,0
0,0.9881954356224102,0.4559817120218892,0.9249893275964554,0.3978439138821537,1,0,1,0
0,0.13935104498806947,0.44573350739830025,0.07431499903070728,0.3978439138821537,0,0,0,0
0,0.703980349088829,0.7990951637163061,0.5234187052694159,0.701098738389222,1,1,1,1
0,0.7212281608124104,0.7388505687775141,0.5234187052694159,0.701098738389222,1,1,1,1
0,0.10506433167807183,0.4156657317234867,0.07431499903070728,0.4568734218781583,0,0,0,0
0,0.017013337213219074,0.19554863842801984,0.07431499903070728,0.15659063436336962,0,0,0,0
0,0.1393694814448979,0.4083183307323863,0.13655988961459878,0.3978439138821537,0,0,0,0
0,0.37634756088723353,0.44085223900774706,0.4472301288753701,0.3978439138821537,0,0,0,0
0,0.3504851457278211,0.6104071126272639,0.13655988961459878,0.3978439138821537,0,1,0,0
0,0.19189666560742627,0.4474152947482312,0.043146073851833694,0.23888391686748214,0,0,0,0
0,0.057031165304693335,0.26958175056017686,0.07431499903070728,0.15659063436336962,0,0,0,0
0,0.3891329773732486,0.4538841950465859,0.5234187052694159,0.701098738389222,0,0,1,1
0,0.09153624190320774,0.19043141299265853,0.07103470408429507,0.2909786896464161,0,0,0,0
0,0.12092807806244409,0.455699718696587,0.07431499903070728,0.37265323151672886,0,0,0,0
0,0.1015155512490923,0.18060022817708565,0.07103470408429507,0.15659063436336962,0,0,0,0
0,0.913655722058584,0.43766200854260306,0.8761146978001559,0.3978439138821537,1,0,1,0
0,0.17588477610107786,0.4874690719859803,0.07431499903070728,0.37265323151672886,0,0,0,0
0,0.8109572272711346,0.45011935221388316,0.7849054919390522,0.3978439138821537,1,0,1,0
0,0.1231491830885594,0.34359923240824614,0.07431499903070728,0.3978439138821537,0,0,0,0
0,0.038870052808300234,0.2198827219238285,0.07431499903070728,0.47969074013403357,0,0,0,0
1,0.9578055944093069,0.4159060690426666,0.9249893275964554,0.3978439138821537,1,0,1,0
0,0.7957040024619672,0.3057335711121573,0.7616858140337348,0.2909786896464161,1,0,1,0
0,0.5303934728733288,0.6184789942744819,0.5234187052694159,0.701098738389222,1,1,1,1
0,0.04146086259452053,0.3312312721072576,0.07431499903070728,0.3978439138821537,0,0,0,0
0,0.762000489882978,0.775399424206595,0.7119238007333535,0.701098738389222,1,1,1,1
0,0.12454566214039137,0.403672172676122,0.13655988961459878,0.3978439138821537,0,0,0,0
0,0.29225670173213086,0.4954147847977954,0.13655988961459878,0.3978439138821537,0,0,0,0
0,0.9190033318862294,0.19107172529037303,0.8797509975750424,0.15659063436336962,1,0,1,0
0,0.2742543515076037,0.4456984088381103,0.7119238007333535,0.4568734218781583,0,0,1,0
0,0.021946133663729533,0.24984279562415798,0.07431499903070728,0.37265323151672886,0,0,0,0
0,0.3899563191435555,0.5159445124926083,0.7119238007333535,0.4568734218781583,0,1,1,0
0,0.1316681054746229,0.28354652092346777,0.4472301288753701,0.3978439138821537,0,0,0,0
0,0.836092118339531,0.6194858881964955,0.4472301288753701,0.3978439138821537,1,1,0,0
0,0.40926064894482106,0.5145740321810581,0.5234187052694159,0.37265323151672886,0,1,1,0
0,0.032015930807623987,0.17804326442516083,0.07431499903070728,0.15659063436336962,0,0,0,0
0,0.16977395671535292,0.34815425578948633,0.13655988961459878,0.3978439138821537,0,0,0,0
0,0.061008693260166426,0.3320545145890613,0.07431499903070728,0.23888391686748214,0,0,0,0
1,0.9776125392753107,0.971046271259691,0.9369658288621653,0.9479097084107246,1,1,1,1
0,0.28085103816782586,0.5071607467460094,0.5234187052694159,0.6545986309349229,0,1,1,1
0,0.1458571772032615,0.3806155852059797,0.13655988961459878,0.3978439138821537,0,0,0,0
0,0.1240653043165486,0.46552243734497706,0.07431499903070728,0.4568734218781583,0,0,0,0
0,0.03320432540094525,0.19372992327590036,0.07431499903070728,0.2909786896464161,0,0,0,0
1,0.8352507304709335,0.5657794967473054,0.7849054919390522,0.3978439138821537,1,1,1,0
0,0.11821191382863319,0.314945144145003,0.043146073851833694,0.15659063436336962,0,0,0,0
0,0.4462292805056693,0.3817663795118317,0.7119238007333535,0.37265323151672886,0,0,1,0
0,0.5240666491800774,0.37363942519354465,0.7849054919390522,0.3978439138821537,1,0,1,0
0,0.061717789221817795,0.32617706262345775,0.07431499903070728,0.23888391686748214,0,0,0,0
0,0.03089752821076917,0.2817436352011964,0.07431499903070728,0.3978439138821537,0,0,0,0
0,0.8550225939422886,0.9089446816226169,0.7563345524221652,0.9479097084107246,1,1,1,1
1,0.5473853538499068,0.5527902850829753,0.5234187052694159,0.37265323151672886,1,1,1,0
0,0.06524192101587371,0.40264775724588536,0.07431499903070728,0.3978439138821537,0,0,0,0
0,0.14951525891016748,0.48936250270840476,0.07431499903070728,0.3978439138821537,0,0,0,0
0,0.02765041708106611,0.2015271627358655,0.07431499903070728,0.2909786896464161,0,0,0,0
0,0.8666520580123827,0.4472577697896928,0.8761146978001559,0.3978439138821537,1,0,1,0
1,0.6946086054392917,0.7185173156356669,0.5234187052694159,0.701098738389222,1,1,1,1
0,0.0651485150638013,0.2077325101391742,0.07103470408429507,0.2909786896464161,0,0,0,0
0,0.16010291465284915,0.35043788743286924,0.13655988961459878,0.3978439138821537,0,0,0,0
0,0.42524946724282947,0.44106043757223534,0.4472301288753701,0.3978439138821537,0,0,0,0
0,0.1404169829640326,0.22819674358282271,0.4472301288753701,0.3978439138821537,0,0,0,0
0,0.09438091270067758,0.239416483455116,0.13655988961459878,0.23888391686748214,0,0,0,0
0,0.1517405961758387,0.42354385748604056,0.07431499903070728,0.3978439138821537,0,0,0,0
0,0.9581098610554668,0.7896830199185579,0.7119238007333535,0.701098738389222,1,1,1,1
0,0.3104158954792337,0.4530998109336366,0.13655988961459878,0.3978439138821537,0,0,0,0
0,0.3095038051832481,0.417254132586139,0.07431499903070728,0.37265323151672886,0,0,0,0
0,0.7432265641804823,0.7264984196964136,0.7119238007333535,0.701098738389222,1,1,1,1
0,0.020630144278070226,0.19163276381712113,0.07431499903070728,0.15659063436336962,0,0,0,0
0,0.1636497662919367,0.33825888276006016,0.07431499903070728,0.701098738389222,0,0,0,1
0,0.026369737014088235,0.21873889712148992,0.07431499903070728,0.23888391686748214,0,0,0,0
0,0.11947660048941806,0.4475351230861445,0.07431499903070728,0.4568734218781583,0,0,0,0
0,0.08313912180044614,0.3170261273035103,0.13655988961459878,0.2909786896464161,0,0,0,0
0,0.3411276493091748,0.392915676768206,0.7119238007333535,0.37265323151672886,0,0,1,0
0,0.9881498462735331,0.37288814697450623,0.9249893275964554,0.3978439138821537,1,0,1,0
0,0.1977383159547009,0.437536375228113,0.07431499903070728,0.701098738389222,0,0,0,1
0,0.019199565708836987,0.2265220226266457,0.07431499903070728,0.23888391686748214,0,0,0,0
0,0.07385446996383062,0.23533175237861972,0.13655988961459878,0.2909786896464161,0,0,0,0
0,0.9137441596985464,0.9227486183129465,0.9369658288621653,0.9269601406234662,1,1,1,1
0,0.04285334537669331,0.2295004498780924,0.07431499903070728,0.2909786896464161,0,0,0,0
0,0.025973849666366237,0.169657086145752,0.13655988961459878,0.2909786896464161,0,0,0,0
1,0.856876866911362,0.5646845297917136,0.7849054919390522,0.701098738389222,1,1,1,1
0,0.6110104433743636,0.7704228936866658,0.5234187052694159,0.701098738389222,1,1,1,1
0,0.05146236268389855,0.2929621592674833,0.07431499903070728,0.37265323151672886,0,0,0,0
0,0.06015580663031895,0.32222684529055695,0.13655988961459878,0.3978439138821537,0,0,0,0
0,0.39836469972223093,0.6875330350063633,0.07431499903070728,0.701098738389222,0,1,0,1
0,0.3264541184561622,0.40042187404744145,0.07103470408429507,0.2909786896464161,0,0,0,0
0,0.04516469569255904,0.20978968861018787,0.13655988961459878,0.15659063436336962,0,0,0,0
0,0.3074116400018637,0.4878781597443204,0.5234187052694159,0.701098738389222,0,0,1,1
0,0.8740389974089197,0.3883861179864271,0.7616858140337348,0.2909786896464161,1,0,1,0
0,0.44270980444405617,0.6631591630867523,0.07431499903070728,0.701098738389222,0,1,0,1
0,0.03550067048284519,0.14544074837100207,0.07103470408429507,0.2909786896464161,0,0,0,0
0,0.12732212548250427,0.3099567881633065,0.043146073851833694,0.23888391686748214,0,0,0,0
0,0.29102194494340744,0.37810248404943964,0.07103470408429507,0.47969074013403357,0,0,0,0
1,0.6053715750394789,0.324638358400662,0.8761146978001559,0.3978439138821537,1,0,1,0
0,0.1318819394293366,0.4860332110311287,0.07431499903070728,0.701098738389222,0,0,0,1
1,0.7930528920240962,0.8559223536008632,0.9369658288621653,0.8342236211422674,1,1,1,1
1,0.8391093039992064,0.869619601651412,0.9369658288621653,0.8342236211422674,1,1,1,1
0,0.031518857924685575,0.2021636814087172,0.07431499903070728,0.2909786896464161,0,0,0,0
0,0.8601878358042914,0.8508161875512494,0.5234187052694159,0.701098738389222,1,1,1,1
0,0.22717319642949743,0.447946603197609,0.5234187052694159,0.701098738389222,0,0,1,1
0,0.9153964438166896,0.6473315605164974,0.7849054919390522,0.701098738389222,1,1,1,1
0,0.09258248489946323,0.18834422704892465,0.07103470408429507,0.15659063436336962,0,0,0,0
0,0.09218102769336092,0.35435370428640717,0.07431499903070728,0.37265323151672886,0,0,0,0
0,0.09148779706098231,0.3291879557507679,0.13655988961459878,0.3978439138821537,0,0,0,0
0,0.024222198415593182,0.21417099182028407,0.07431499903070728,0.15659063436336962,0,0,0,0
0,0.016754853955008826,0.14764727803041194,0.13655988961459878,0.15659063436336962,0,0,0,0
0,0.20245503835935882,0.4228845717546951,0.13655988961459878,0.3978439138821537,0,0,0,0
1,0.6934144797995605,0.5112539865167955,0.7849054919390522,0.4568734218781583,1,1,1,0
0,0.14123760515946787,0.2747608869961134,0.4472301288753701,0.3978439138821537,0,0,0,0
0,0.24476075252856425,0.5261932493049153,0.07431499903070728,0.3978439138821537,0,1,0,0
1,0.9666689991119409,0.5028914110816131,0.9249893275964554,0.37265323151672886,1,1,1,0
0,0.08676839904696736,0.4321200394407851,0.07431499903070728,0.2909786896464161,0,0,0,0
0,0.043569757345992687,0.31742032549487226,0.07431499903070728,0.3978439138821537,0,0,0,0
0,0.03570281039825931,0.3310088267779879,0.07431499903070728,0.3978439138821537,0,0,0,0
0,0.03564970468606349,0.157863426168364,0.13655988961459878,0.15659063436336962,0,0,0,0
0,0.11783884640741686,0.33368069107305137,0.13655988961459878,0.3978439138821537,0,0,0,0
0,0.13049462806464507,0.36517754349860676,0.07431499903070728,0.3978439138821537,0,0,0,0
0,0.016248535900188054,0.2620120645044637,0.07431499903070728,0.3978439138821537,0,0,0,0
0,0.15607425251134133,0.44815040418968194,0.07431499903070728,0.37265323151672886,0,0,0,0
0,0.043332794192671706,0.27182337392206,0.07431499903070728,0.23888391686748214,0,0,0,0
0,0.1056496461337924,0.4124354911959158,0.07431499903070728,0.37265323151672886,0,0,0,0
0,0.3648278026686221,0.3661613309021596,0.07103470408429507,0.2909786896464161,0,0,0,0
0,0.28699149761981885,0.5142891397861864,0.07431499903070728,0.3978439138821537,0,1,0,0
1,0.9226113279170574,0.9000671405394387,0.9602234262685618,0.9479097084107246,1,1,1,1
0,0.013538623595458666,0.16170106994229244,0.07431499903070728,0.15659063436336962,0,0,0,0
0,0.9968362180782916,0.5143262036621097,0.9249893275964554,0.4568734218781583,1,1,1,0
0,0.49240757216977626,0.44042403086001625,0.4472301288753701,0.3978439138821537,0,0,0,0
0,0.13855742518856165,0.33330520559288823,0.043146073851833694,0.23888391686748214,0,0,0,0
0,0.1473358848388369,0.25935772977875565,0.5234187052694159,0.701098738389222,0,0,1,1
0,0.2077254313263276,0.44809424029856404,0.13655988961459878,0.3978439138821537,0,0,0,0
0,0.7586546248999678,0.5097650536444276,0.4472301288753701,0.3978439138821537,1,1,0,0
0,0.046241082103993573,0.3433179008338844,0.07431499903070728,0.3978439138821537,0,0,0,0
0,0.2342970199370542,0.4989380924334854,0.07431499903070728,0.37265323151672886,0,0,0,0
1,0.6286326492737577,0.4979485398830362,0.4472301288753701,0.3978439138821537,1,0,0,0
0,0.8603079177319881,0.8490340343526712,0.9602234262685618,0.9269601406234662,1,1,1,1
0,0.9281759042324843,0.8099485315279227,0.7119238007333535,0.701098738389222,1,1,1,1
1,0.38210029470288115,0.5508357934129069,0.13655988961459878,0.3978439138821537,0,1,0,0
0,0.12553676355767857,0.4703650532150082,0.07431499903070728,0.3978439138821537,0,0,0,0
0,0.3979205793581678,0.5855172573981863,0.7119238007333535,0.701098738389222,0,1,1,1
0,0.3717828403266646,0.6535715357692833,0.5234187052694159,0.4568734218781583,0,1,1,0
0,0.0695830400095887,0.4077769434292133,0.07431499903070728,0.4568734218781583,0,0,0,0
0,0.03293785658709452,0.210664007154564,0.07431499903070728,0.2909786896464161,0,0,0,0
0,0.14242448243285405,0.43240398782208983,0.5234187052694159,0.4568734218781583,0,0,1,0
0,0.09853825797806681,0.3295924787461021,0.13655988961459878,0.3978439138821537,0,0,0,0
0,0.43407333324320097,0.5587896035180102,0.5234187052694159,0.37265323151672886,0,1,1,0
0,0.3308179396358777,0.5432278674444236,0.5234187052694159,0.701098738389222,0,1,1,1
0,0.5551719329133287,0.5812193321130156,0.5234187052694159,0.6545986309349229,1,1,1,1
0,0.24601462360439047,0.41328296495340866,0.5234187052694159,0.37265323151672886,0,0,1,0
0,0.16752926630779716,0.492923372820854,0.07431499903070728,0.3978439138821537,0,0,0,0
0,0.0428876606095945,0.27611495080280896,0.07431499903070728,0.3978439138821537,0,0,0,0
0,0.02345683287589187,0.18051116218455382,0.07431499903070728,0.15659063436336962,0,0,0,0
0,0.13391718254975146,0.3327458551539017,0.13655988961459878,0.2909786896464161,0,0,0,0
0,0.1588690443163237,0.38973576467946575,0.13655988961459878,0.3978439138821537,0,0,0,0
0,0.6141672903574545,0.5652674219702172,0.7119238007333535,0.701098738389222,1,1,1,1
1,0.6893783819759142,0.7850482084478542,0.9369658288621653,0.9269601406234662,1,1,1,1
0,0.6147620209817095,0.37275941986218253,0.7849054919390522,0.3978439138821537,1,0,1,0
0,0.3668278116705841,0.4181616811383774,0.4472301288753701,0.3978439138821537,0,0,0,0
0,0.541718272879852,0.5999245783415491,0.5234187052694159,0.701098738389222,1,1,1,1
1,0.8564436520716266,0.5960439879879252,0.7119238007333535,0.701098738389222,1,1,1,1
0,0.019810432040911274,0.17662451002906154,0.07431499903070728,0.15659063436336962,0,0,0,0
0,0.055111769669108066,0.12455138878254186,0.07103470408429507,0.15659063436336962,0,0,0,0
0,0.1383036551790562,0.25783363871178405,0.13655988961459878,0.3978439138821537,0,0,0,0
0,0.0755734259725374,0.24042956297674975,0.13655988961459878,0.2909786896464161,0,0,0,0
0,0.03586360926040961,0.29088747126121767,0.07431499903070728,0.3978439138821537,0,0,0,0
0,0.5936444818008714,0.5141180192365356,0.7119238007333535,0.37265323151672886,1,1,1,0
0,0.2774573539893397,0.4766374566428527,0.5234187052694159,0.37265323151672886,0,0,1,0
0,0.10469273375544189,0.3739575031721884,0.07431499903070728,0.3978439138821537,0,0,0,0
0,0.1279108888484705,0.49785485090809306,0.07431499903070728,0.3978439138821537,0,0,0,0
0,0.031270917181520794,0.12167388796568544,0.07103470408429507,0.15659063436336962,0,0,0,0
0,0.1703244122658519,0.4216344506119637,0.07431499903070728,0.3978439138821537,0,0,0,0
1,0.7561064038434381,0.8188612689831869,0.5234187052694159,0.701098738389222,1,1,1,1
0,0.14944717928523052,0.4838240086130734,0.07431499903070728,0.4568734218781583,0,0,0,0
0,0.25947602519247065,0.37591888172261584,0.13655988961459878,0.3978439138821537,0,0,0,0
0,0.2466498787681994,0.22671431441718137,0.07103470408429507,0.2909786896464161,0,0,0,0
0,0.17708162716813,0.3201642361321369,0.4472301288753701,0.3978439138821537,0,0,0,0
0,0.049025702646267544,0.20166993217745247,0.13655988961459878,0.2909786896464161,0,0,0,0
0,0.3753118080832862,0.5640053522646358,0.7119238007333535,0.4568734218781583,0,1,1,0
0,0.12714117548929205,0.4311894308268038,0.07431499903070728,0.3978439138821537,0,0,0,0
0,0.41880733581896257,0.3350954728387922,0.4472301288753701,0.3978439138821537,0,0,0,0
0,0.605455123508216,0.39396041683869937,0.7849054919390522,0.3978439138821537,1,0,1,0
0,0.033177788318173015,0.27173925682413036,0.07431499903070728,0.3978439138821537,0,0,0,0
0,0.013418699365547564,0.15291358100732078,0.07431499903070728,0.2909786896464161,0,0,0,0
0,0.09758174720768824,0.3448365876416508,0.13655988961459878,0.3978439138821537,0,0,0,0
0,0.04381598854206419,0.23808743316235856,0.07431499903070728,0.2909786896464161,0,0,0,0
0,0.5093194074078521,0.7895524399803393,0.186156446724178,0.701098738389222,1,1,0,1
0,0.8314737768273797,0.39215833672342804,0.8761146978001559,0.3978439138821537,1,0,1,0
0,0.2268474159976321,0.4184967316304623,0.5234187052694159,0.37265323151672886,0,0,1,0
1,0.5394197181065051,0.5492322488881245,0.5234187052694159,0.701098738389222,1,1,1,1
0,0.3172638898285708,0.4081020371313967,0.7119238007333535,0.37265323151672886,0,0,1,0
0,0.03942727510540009,0.1807935895005692,0.13655988961459878,0.15659063436336962,0,0,0,0
0,0.06045120139796273,0.2951276886027965,0.13655988961459878,0.3978439138821537,0,0,0,0
0,0.14192239348681493,0.38241299423359754,0.07431499903070728,0.3978439138821537,0,0,0,0
0,0.17500166853530136,0.40803359933535216,0.07431499903070728,0.3978439138821537,0,0,0,0
0,0.05152379780584168,0.1583680970209456,0.07103470408429507,0.15659063436336962,0,0,0,0
0,0.044879650565318334,0.3112153558504282,0.07431499903070728,0.3978439138821537,0,0,0,0
1,0.8868499106280019,0.4597195994026673,0.8761146978001559,0.6545986309349229,1,0,1,1
0,0.049970773865241847,0.18289402702650553,0.07103470408429507,0.2909786896464161,0,0,0,0
0,0.15264291641541528,0.4184895398136497,0.07431499903070728,0.37265323151672886,0,0,0,0
1,0.7885228077211756,0.7175839514891265,0.7119238007333535,0.701098738389222,1,1,1,1
0,0.40113840766447345,0.48469856538920386,0.4472301288753701,0.3978439138821537,0,0,0,0
0,0.07087920252886067,0.2643034663047685,0.13655988961459878,0.2909786896464161,0,0,0,0
0,0.04527743445319014,0.33990631786200104,0.07431499903070728,0.15659063436336962,0,0,0,0
0,0.26621682472576613,0.5371439160510878,0.07431499903070728,0.37265323151672886,0,1,0,0
0,0.096436829134658,0.3827944840232091,0.07431499903070728,0.37265323151672886,0,0,0,0
0,0.10494798828306995,0.23646273838495152,0.07103470408429507,0.2909786896464161,0,0,0,0
0,0.14516299724177387,0.5121315998263497,0.5234187052694159,0.4568734218781583,0,1,1,0
1,0.9958477112709049,0.920461534975919,0.8761146978001559,0.9479097084107246,1,1,1,1
0,0.8351809674977766,0.5536752513494191,0.7849054919390522,0.3978439138821537,1,1,1,0
0,0.9573013813035197,0.631098935946785,0.8761146978001559,0.701098738389222,1,1,1,1
0,0.6648491059276354,0.6588540672678768,0.7119238007333535,0.701098738389222,1,1,1,1
0,0.40340266761064836,0.4869506422690934,0.4472301288753701,0.3978439138821537,0,0,0,0
0,0.6150633459679963,0.5209090290020544,0.4472301288753701,0.3978439138821537,1,1,0,0
0,0.016227664387727173,0.12843722857730325,0.13655988961459878,0.15659063436336962,0,0,0,0
0,0.03922119939401536,0.31192695405629844,0.07431499903070728,0.4568734218781583,0,0,0,0
0,0.22109090456608047,0.456408358747616,0.043146073851833694,0.2909786896464161,0,0,0,0
0,0.43766001717269165,0.4975136167588486,0.13655988961459878,0.3978439138821537,0,0,0,0
0,0.05084124836671508,0.22703513909525702,0.13655988961459878,0.3978439138821537,0,0,0,0
0,0.1516633499322518,0.3779236972230918,0.13655988961459878,0.3978439138821537,0,0,0,0
0,0.052825784280515105,0.18120190411095852,0.07103470408429507,0.15659063436336962,0,0,0,0
0,0.30149775517607974,0.5344624267148133,0.13655988961459878,0.3978439138821537,0,1,0,0
0,0.0897141839008197,0.3203057081136352,0.07431499903070728,0.3978439138821537,0,0,0,0
0,0.2830384556794665,0.4807213608051503,0.5234187052694159,0.4568734218781583,0,0,1,0
0,0.4212946221174514,0.4557622106942434,0.7119238007333535,0.4568734218781583,0,0,1,0
0,0.23938133324288402,0.40679010029102564,0.5234187052694159,0.37265323151672886,0,0,1,0
0,0.08128708702074472,0.2999437847880873,0.043146073851833694,0.2909786896464161,0,0,0,0
0,0.7565116298626092,0.6943835753781363,0.4472301288753701,0.3978439138821537,1,1,0,0
0,0.07969391408792705,0.24513673236888514,0.13655988961459878,0.2909786896464161,0,0,0,0
1,0.7054207429975041,0.7337613218765675,0.5234187052694159,0.701098738389222,1,1,1,1
0,0.06553471427881813,0.21690560689677713,0.13655988961459878,0.2909786896464161,0,0,0,0
1,0.2692642149677573,0.4950379661304242,0.13655988961459878,0.3978439138821537,0,0,0,0
1,0.37937076598837366,0.6150297091275191,0.07431499903070728,0.701098738389222,0,1,0,1
0,0.05175816975389078,0.170925075383214,0.13655988961459878,0.15659063436336962,0,0,0,0
0,0.47390299572057837,0.5230869640847213,0.5234187052694159,0.701098738389222,0,1,1,1
0,0.08663123833173424,0.19185349959555156,0.07103470408429507,0.15659063436336962,0,0,0,0
0,0.07103015719966763,0.4024927577475921,0.07431499903070728,0.3978439138821537,0,0,0,0
0,0.32655854585829647,0.4356045622461604,0.4472301288753701,0.3978439138821537,0,0,0,0
0,0.14524751375191783,0.40079557027660073,0.07431499903070728,0.37265323151672886,0,0,0,0
0,0.27506175532590416,0.5537782488740742,0.07431499903070728,0.37265323151672886,0,1,0,0
0,0.005892687091338573,0.10133242232136722,0.07431499903070728,0.15659063436336962,0,0,0,0
0,0.38196832977722645,0.4689316112448387,0.07103470408429507,0.2909786896464161,0,0,0,0
0,0.9380926934648521,0.9168619768078061,0.9602234262685618,0.9479097084107246,1,1,1,1
0,0.0952041239889238,0.3547234423354734,0.13655988961459878,0.3978439138821537,0,0,0,0
0,0.03181165397978669,0.18104669768110407,0.13655988961459878,0.15659063436336962,0,0,0,0
0,0.4399607872599395,0.5988831513449991,0.13655988961459878,0.3978439138821537,0,1,0,0
0,0.06367551610219545,0.17994739464194065,0.13655988961459878,0.15659063436336962,0,0,0,0
0,0.8694096419063788,0.8958069151476712,0.9369658288621653,0.9479097084107246,1,1,1,1
1,0.9987483417524626,0.6683383384562646,0.9249893275964554,0.701098738389222,1,1,1,1
0,0.014103479153677293,0.16014203943603575,0.07431499903070728,0.15659063436336962,0,0,0,0
0,0.6751922094866268,0.3338663870390239,0.8761146978001559,0.3978439138821537,1,0,1,0
0,0.09777062764475271,0.31779705155112736,0.07431499903070728,0.3978439138821537,0,0,0,0
0,0.051683161739286394,0.19734423531759265,0.13655988961459878,0.2909786896464161,0,0,0,0
0,0.38477297845290426,0.3568571341102922,0.07103470408429507,0.23888391686748214,0,0,0,0
1,0.9794701085302716,0.9576292982649525,0.9369658288621653,0.9479097084107246,1,1,1,1
0,0.10412022565327535,0.1877140825630588,0.07103470408429507,0.15659063436336962,0,0,0,0
0,0.42186743252565795,0.5577840120635188,0.7119238007333535,0.4568734218781583,0,1,1,0
0,0.10321369411496284,0.43905781638164854,0.07431499903070728,0.3978439138821537,0,0,0,0
0,0.4862409870693775,0.2798202828344483,0.624061140007934,0.23888391686748214,0,0,1,0
0,0.13640165074275967,0.5086479534695196,0.07431499903070728,0.3978439138821537,0,1,0,0
1,0.919892261173726,0.4940254208306683,0.8761146978001559,0.3978439138821537,1,0,1,0
0,0.09287389630718407,0.15595563645217358,0.07103470408429507,0.15659063436336962,0,0,0,0
0,0.0491578027155375,0.19234465387824656,0.13655988961459878,0.15659063436336962,0,0,0,0
0,0.3376110255769244,0.3928431741742542,0.7119238007333535,0.37265323151672886,0,0,1,0
0,0.377832102694278,0.47051200588471287,0.7119238007333535,0.701098738389222,0,0,1,1
0,0.19540414438891676,0.5043236169413378,0.07431499903070728,0.701098738389222,0,1,0,1
0,0.4076175974172279,0.4539161182970493,0.7119238007333535,0.701098738389222,0,0,1,1
0,0.16122388982650213,0.45434621842030226,0.07431499903070728,0.37265323151672886,0,0,0,0
0,0.05192698802802696,0.2805047931059498,0.07431499903070728,0.15659063436336962,0,0,0,0
0,0.2871379616400568,0.5933832002814479,0.5234187052694159,0.4568734218781583,0,1,1,0
0,0.2852590595138186,0.5060388252177002,0.13655988961459878,0.3978439138821537,0,1,0,0
0,0.9102857841354994,0.6494899259677303,0.7119238007333535,0.701098738389222,1,1,1,1
0,0.03746023856052525,0.21040005546371612,0.13655988961459878,0.2909786896464161,0,0,0,0
0,0.08401044975700617,0.4552015270000284,0.07431499903070728,0.3978439138821537,0,0,0,0
0,0.04802766906822416,0.21829900204643507,0.13655988961459878,0.15659063436336962,0,0,0,0
1,0.7468002976336213,0.7789523416473034,0.5234187052694159,0.701098738389222,1,1,1,1
1,0.9380181749721721,0.9461701182115015,0.9369658288621653,0.9479097084107246,1,1,1,1
0,0.07186082934421277,0.3864494039737702,0.07431499903070728,0.701098738389222,0,0,0,1
1,0.974727186277687,0.5570374854263346,0.8761146978001559,0.3978439138821537,1,1,1,0
0,0.03705290425445739,0.30651046235116575,0.07431499903070728,0.3978439138821537,0,0,0,0
0,0.4150247241307783,0.36733467533667646,0.07103470408429507,0.2909786896464161,0,0,0,0
1,0.9994688088035246,0.9756423300024846,0.9249893275964554,0.9479097084107246,1,1,1,1
0,0.14344412411741814,0.3759528502654572,0.13655988961459878,0.3978439138821537,0,0,0,0
0,0.024017791079465126,0.19305476868203372,0.07431499903070728,0.15659063436336962,0,0,0,0
0,0.06173251138167654,0.3084477212006252,0.07431499903070728,0.3978439138821537,0,0,0,0
0,0.39762806960406233,0.35999540978233174,0.07103470408429507,0.2909786896464161,0,0,0,0
0,0.11349920299669168,0.2438740525092281,0.13655988961459878,0.3978439138821537,0,0,0,0
0,0.37392858330153506,0.47826717368700333,0.4472301288753701,0.3978439138821537,0,0,0,0
0,0.41396006605801927,0.5789514520879773,0.13655988961459878,0.3978439138821537,0,1,0,0
0,0.16254904445124868,0.4217729974121431,0.13655988961459878,0.3978439138821537,0,0,0,0
0,0.13735007602298807,0.3573189980002776,0.07431499903070728,0.2909786896464161,0,0,0,0
1,0.5901303144018217,0.7214758691280768,0.5234187052694159,0.701098738389222,1,1,1,1
0,0.07247981401310044,0.42741231250869566,0.07431499903070728,0.3978439138821537,0,0,0,0
0,0.018877192469192294,0.16848651669967352,0.13655988961459878,0.2909786896464161,0,0,0,0
0,0.1107081027463623,0.3803385669352529,0.07431499903070728,0.37265323151672886,0,0,0,0
0,0.030388093731787663,0.2634248899498539,0.07431499903070728,0.2909786896464161,0,0,0,0
0,0.06569363622669075,0.2775333360020847,0.07431499903070728,0.3978439138821537,0,0,0,0
0,0.1054263090369042,0.3811826685391804,0.07431499903070728,0.37265323151672886,0,0,0,0
0,0.1448596376512922,0.1804489526091653,0.07103470408429507,0.15659063436336962,0,0,0,0
0,0.8410934039828852,0.8058046078186083,0.7119238007333535,0.701098738389222,1,1,1,1
1,0.9454117602868983,0.962824675563325,0.9369658288621653,0.9269601406234662,1,1,1,1
0,0.7452126937410837,0.558447467574576,0.7849054919390522,0.4568734218781583,1,1,1,0
0,0.48012856579243385,0.5651203374401493,0.13655988961459878,0.3978439138821537,0,1,0,0
0,0.12194658634953814,0.19247192840872024,0.07103470408429507,0.2909786896464161,0,0,0,0
0,0.20268284071669307,0.16030951190554985,0.2843241992058826,0.15659063436336962,0,0,0,0
0,0.0346601547133501,0.26476920963038025,0.07431499903070728,0.3978439138821537,0,0,0,0
1,0.5839579639183206,0.3633609377520106,0.7849054919390522,0.3978439138821537,1,0,1,0
0,0.3614615254350264,0.48409747195153974,0.13655988961459878,0.3978439138821537,0,0,0,0
0,0.17656891212306156,0.4967488568100044,0.5234187052694159,0.37265323151672886,0,0,1,0
0,0.07665057245649308,0.4375088869894808,0.07431499903070728,0.3978439138821537,0,0,0,0
1,0.9806720257810932,0.9586007930602388,0.9602234262685618,0.9479097084107246,1,1,1,1
0,0.24511445824626332,0.32304834161585744,0.07103470408429507,0.23888391686748214,0,0,0,0
0,0.8779312979428003,0.3562813882561672,0.9249893275964554,0.4568734218781583,1,0,1,0
0,0.9643768323013066,0.5862092751940859,0.9249893275964554,0.3978439138821537,1,1,1,0
0,0.11485899350391864,0.4420919294688691,0.07431499903070728,0.3978439138821537,0,0,0,0
0,0.36431454361880583,0.47527976203904215,0.4472301288753701,0.3978439138821537,0,0,0,0
0,0.09842934317981773,0.3417752763519459,0.07431499903070728,0.37265323151672886,0,0,0,0
0,0.017454755359425412,0.19017263020136288,0.07431499903070728,0.23888391686748214,0,0,0,0
0,0.4850495648192858,0.5098869528688312,0.7119238007333535,0.701098738389222,0,1,1,1
0,0.9519062337315729,0.3926752712172681,0.9249893275964554,0.3978439138821537,1,0,1,0
0,0.03981741408616478,0.23018647254124522,0.07431499903070728,0.15659063436336962,0,0,0,0
0,0.35465115485954884,0.5723690510761097,0.5234187052694159,0.6545986309349229,0,1,1,1
0,0.20648147203709988,0.35995118249057617,0.5234187052694159,0.37265323151672886,0,0,1,0
0,0.4884539359757734,0.5011599267325139,0.4472301288753701,0.3978439138821537,0,1,0,0
0,0.018902184009038207,0.18589161625192818,0.07431499903070728,0.15659063436336962,0,0,0,0
0,0.09832020170883143,0.2889547331752441,0.13655988961459878,0.2909786896464161,0,0,0,0
0,0.3581681966498956,0.4835097421920303,0.13655988961459878,0.3978439138821537,0,0,0,0
0,0.248659079952775,0.4086653024717919,0.4472301288753701,0.3978439138821537,0,0,0,0
0,0.27617955858749393,0.4874422503302259,0.13655988961459878,0.3978439138821537,0,0,0,0
0,0.015210317725104694,0.13745344944935728,0.07431499903070728,0.15659063436336962,0,0,0,0
1,0.7686540120340267,0.41788313558469575,0.7849054919390522,0.3978439138821537,1,0,1,0
0,0.2585202395824701,0.5668501294816787,0.13655988961459878,0.3978439138821537,0,1,0,0
0,0.04249302231203123,0.19836313360001623,0.13655988961459878,0.15659063436336962,0,0,0,0
0,0.08164854703133814,0.3332888384266436,0.07431499903070728,0.37265323151672886,0,0,0,0
0,0.48395807768953686,0.3380071323869322,0.4472301288753701,0.3978439138821537,0,0,0,0
0,0.2226718134578407,0.5578594337848769,0.07431499903070728,0.4568734218781583,0,1,0,0
1,0.544859266814182,0.44562867444189663,0.7119238007333535,0.4568734218781583,1,0,1,0
0,0.9715592357770518,0.958939334212654,0.9369658288621653,0.9479097084107246,1,1,1,1
0,0.05277005693702356,0.3479992062552022,0.07431499903070728,0.37265323151672886,0,0,0,0
0,0.4545082593787966,0.44790323999419684,0.4472301288753701,0.3978439138821537,0,0,0,0
0,0.07261097820371448,0.24229001549246681,0.7119238007333535,0.4568734218781583,0,0,1,0
0,0.8634808929119001,0.5961713531001045,0.7849054919390522,0.4568734218781583,1,1,1,0
0,0.31409825180089895,0.5535119204577492,0.5234187052694159,0.37265323151672886,0,1,1,0
1,0.8713418784478922,0.8518992782979913,0.5234187052694159,0.701098738389222,1,1,1,1
0,0.4713295735862859,0.49443102960734886,0.07103470408429507,0.2909786896464161,0,0,0,0
0,0.1944537620872426,0.3892817731732926,0.5234187052694159,0.6545986309349229,0,0,1,1
1,0.9960160027971248,0.5225399314473941,0.9249893275964554,0.6545986309349229,1,1,1,1
0,0.04307649489183668,0.20255005886260213,0.07431499903070728,0.15659063436336962,0,0,0,0
0,0.35966047697728853,0.4121643542243615,0.07103470408429507,0.2909786896464161,0,0,0,0
0,0.23474700910561963,0.40033353830403795,0.4472301288753701,0.3978439138821537,0,0,0,0
0,0.03386350724209625,0.21472584831335215,0.07431499903070728,0.2909786896464161,0,0,0,0
0,0.9016123544581423,0.3021202341550191,0.9249893275964554,0.4568734218781583,1,0,1,0
0,0.20778296043588004,0.4477887064156869,0.5234187052694159,0.4568734218781583,0,0,1,0
0,0.3186681381207993,0.46273399165499246,0.4472301288753701,0.3978439138821537,0,0,0,0
0,0.08293703076441987,0.12971022907070973,0.07103470408429507,0.15659063436336962,0,0,0,0
0,0.017386006745300994,0.1863671682144899,0.07431499903070728,0.15659063436336962,0,0,0,0
0,0.01769240199082223,0.2504369934034102,0.07431499903070728,0.37265323151672886,0,0,0,0
0,0.02352304188137915,0.16481669360512521,0.07431499903070728,0.23888391686748214,0,0,0,0
0,0.03672108033166097,0.26334600653444945,0.07431499903070728,0.23888391686748214,0,0,0,0
0,0.06619193282374701,0.39399204041474223,0.07431499903070728,0.3978439138821537,0,0,0,0
0,0.6970270636920227,0.3970767919577631,0.7849054919390522,0.701098738389222,1,0,1,1
0,0.04168154091631947,0.3650203193946076,0.07431499903070728,0.23888391686748214,0,0,0,0
0,0.6406977674772256,0.4764277635458009,0.4472301288753701,0.3978439138821537,1,0,0,0
0,0.10216435346178608,0.37561888750145317,0.07431499903070728,0.37265323151672886,0,0,0,0
0,0.13756323257173952,0.42315293696130235,0.07431499903070728,0.6545986309349229,0,0,0,1
0,0.09856765931610643,0.44341779504090945,0.13655988961459878,0.3978439138821537,0,0,0,0
0,0.6103727072231561,0.19439239088014754,0.7616858140337348,0.2909786896464161,1,0,1,0
1,0.9215637709164334,0.9369024505921965,0.9369658288621653,0.9269601406234662,1,1,1,1
0,0.02458979094673347,0.19542997351637248,0.07431499903070728,0.15659063436336962,0,0,0,0
0,0.8134844981511774,0.8364712088250502,0.5234187052694159,0.701098738389222,1,1,1,1
0,0.315924238119432,0.4066061998764841,0.07103470408429507,0.2909786896464161,0,0,0,0
0,0.4956247061931176,0.509349687976662,0.7119238007333535,0.37265323151672886,0,1,1,0
0,0.017776197427524284,0.2177291312852174,0.07431499903070728,0.2909786896464161,0,0,0,0
0,0.14983078857437623,0.26995664636076,0.07103470408429507,0.23888391686748214,0,0,0,0
0,0.060322850254260166,0.37789346486080555,0.07431499903070728,0.3978439138821537,0,0,0,0
0,0.4321046926729837,0.5747252444866149,0.5234187052694159,0.701098738389222,0,1,1,1
0,0.08879051881326691,0.24794257837278963,0.07103470408429507,0.2909786896464161,0,0,0,0
1,0.9748338637978073,0.5733073576640658,0.9249893275964554,0.3978439138821537,1,1,1,0
0,0.31364485288643584,0.3430842167711614,0.4472301288753701,0.3978439138821537,0,0,0,0
1,0.22382116056005036,0.4736779437384958,0.07431499903070728,0.701098738389222,0,0,0,1
0,0.2666729827595403,0.5257776399713893,0.07431499903070728,0.3978439138821537,0,1,0,0
0,0.008788287372811754,0.1218845666280748,0.07431499903070728,0.15659063436336962,0,0,0,0
0,0.013379979461754633,0.12702357621435306,0.13655988961459878,0.15659063436336962,0,0,0,0
0,0.774828181641242,0.7305671097946975,0.5234187052694159,0.701098738389222,1,1,1,1
0,0.07275085937521372,0.374875670267296,0.07431499903070728,0.3978439138821537,0,0,0,0
0,0.17785838827920492,0.47441937403712453,0.07431499903070728,0.37265323151672886,0,0,0,0
0,0.025673320722623308,0.1679931385355689,0.13655988961459878,0.15659063436336962,0,0,0,0
0,0.11014581369251683,0.4839364951148855,0.07431499903070728,0.3978439138821537,0,0,0,0
0,0.032970009594475,0.2504422260033429,0.07431499903070728,0.15659063436336962,0,0,0,0
0,0.6193113032796723,0.3123809847335298,0.8761146978001559,0.3978439138821537,1,0,1,0
0,0.06240273209701925,0.34326564773325635,0.07431499903070728,0.3978439138821537,0,0,0,0
0,0.5620028199261833,0.5483337196698537,0.7119238007333535,0.37265323151672886,1,1,1,0
0,0.04135287010794448,0.3347228104212943,0.07431499903070728,0.3978439138821537,0,0,0,0
0,0.09973583690010027,0.3444302550754354,0.043146073851833694,0.23888391686748214,0,0,0,0
0,0.02271889543904931,0.1280021341028827,0.13655988961459878,0.15659063436336962,0,0,0,0
0,0.08860118616308942,0.3350412044119764,0.13655988961459878,0.3978439138821537,0,0,0,0
0,0.2762153510635267,0.4420444607997535,0.07103470408429507,0.2909786896464161,0,0,0,0
0,0.4605235327769157,0.20224440764355966,0.7616858140337348,0.15659063436336962,0,0,1,0
0,0.38280737748746846,0.3494768262712738,0.4472301288753701,0.3978439138821537,0,0,0,0
0,0.18108429548681274,0.3879330645823061,0.13655988961459878,0.3978439138821537,0,0,0,0
0,0.1720312163434791,0.4323663731570583,0.13655988961459878,0.3978439138821537,0,0,0,0
0,0.32420398646984955,0.4393377830746544,0.7119238007333535,0.37265323151672886,0,0,1,0
0,0.04280145717220038,0.3394315290761564,0.07431499903070728,0.3978439138821537,0,0,0,0
0,0.11077960837116282,0.380481559585145,0.13655988961459878,0.3978439138821537,0,0,0,0
0,0.29594666321422036,0.5893454358095196,0.5234187052694159,0.4568734218781583,0,1,1,0
0,0.3711523322796216,0.3155622558788934,0.07103470408429507,0.23888391686748214,0,0,0,0
0,0.02375471025275451,0.18733319451189903,0.07431499903070728,0.23888391686748214,0,0,0,0
0,0.332274320508016,0.3975082181235502,0.7119238007333535,0.37265323151672886,0,0,1,0
0,0.14299936240360916,0.4553320660139468,0.07431499903070728,0.37265323151672886,0,0,0,0
1,0.5765395120096795,0.7088886226892167,0.07431499903070728,0.3978439138821537,1,1,0,0
0,0.18945135324170323,0.4409356707214261,0.07431499903070728,0.701098738389222,0,0,0,1
0,0.10368973644221713,0.3390104053379208,0.07431499903070728,0.37265323151672886,0,0,0,0
1,0.870349412671018,0.7758058100338023,0.7119238007333535,0.701098738389222,1,1,1,1
0,0.06935872686460418,0.33089316440413385,0.07431499903070728,0.23888391686748214,0,0,0,0
0,0.7268082097747116,0.6259506294342412,0.4472301288753701,0.808688118677574,1,1,0,1
0,0.12826317443505608,0.42073948767638647,0.07431499903070728,0.37265323151672886,0,0,0,0
1,0.49519979449731366,0.569325217381716,0.13655988961459878,0.3978439138821537,0,1,0,0
0,0.3137645338342659,0.5123036940866326,0.13655988961459878,0.3978439138821537,0,1,0,0
0,0.9278636946884865,0.8926167262991972,0.4986819481082508,0.701098738389222,1,1,0,1
0,0.014992103988778229,0.1439743256854711,0.13655988961459878,0.15659063436336962,0,0,0,0
0,0.31580968867483405,0.3310941516897505,0.13655988961459878,0.3978439138821537,0,0,0,0
0,0.16817453822063186,0.4589959869766348,0.07431499903070728,0.37265323151672886,0,0,0,0
0,0.5909336195351078,0.5948111659336293,0.5234187052694159,0.701098738389222,1,1,1,1
0,0.14531346598673106,0.45172469408592925,0.07431499903070728,0.37265323151672886,0,0,0,0
0,0.18510560150029648,0.4799626799594711,0.07431499903070728,0.37265323151672886,0,0,0,0
0,0.5195371648395564,0.39381712601183877,0.07103470408429507,0.23888391686748214,1,0,0,0
0,0.7804803011201454,0.9026831054152106,0.9369658288621653,0.9269601406234662,1,1,1,1
0,0.05316000588849942,0.23347917734160153,0.13655988961459878,0.47969074013403357,0,0,0,0
1,0.40326089219944555,0.6287266045575115,0.5234187052694159,0.701098738389222,0,1,1,1
0,0.17156950946065871,0.3927391644042413,0.13655988961459878,0.23888391686748214,0,0,0,0
0,0.21975937268853124,0.5463491115912901,0.13655988961459878,0.3978439138821537,0,1,0,0
0,0.5463497210095797,0.4592453021805243,0.4472301288753701,0.3978439138821537,1,0,0,0
0,0.37488874654667154,0.4504692220072229,0.7119238007333535,0.701098738389222,0,0,1,1
0,0.20106029726946786,0.6353759483369694,0.07431499903070728,0.3978439138821537,0,1,0,0
0,0.8520308503972388,0.6530600163512942,0.7119238007333535,0.701098738389222,1,1,1,1
0,0.15079044157441918,0.4759957927693065,0.07431499903070728,0.37265323151672886,0,0,0,0
0,0.20175401493737463,0.5755195114208345,0.07431499903070728,0.701098738389222,0,1,0,1
1,0.5102560082702153,0.672084026483284,0.7119238007333535,0.4568734218781583,1,1,1,0
0,0.1971691777440413,0.4347792708664008,0.07431499903070728,0.3978439138821537,0,0,0,0
0,0.1348033981851772,0.43733717481966206,0.07431499903070728,0.3978439138821537,0,0,0,0
0,0.06293230871177415,0.43748703539511336,0.07431499903070728,0.3978439138821537,0,0,0,0
0,0.31611803401752675,0.27546076005081765,0.2843241992058826,0.2909786896464161,0,0,0,0
0,0.11747389778038554,0.3094367628315706,0.13655988961459878,0.3978439138821537,0,0,0,0
0,0.03616777320118064,0.17890756335057034,0.13655988961459878,0.15659063436336962,0,0,0,0
0,0.2696339297851255,0.4444577039316225,0.7119238007333535,0.4568734218781583,0,0,1,0
0,0.02643108506785041,0.25407875179966605,0.07431499903070728,0.2909786896464161,0,0,0,0
0,0.30213077801107696,0.36621394296084675,0.4472301288753701,0.3978439138821537,0,0,0,0
0,0.10844467823269868,0.3851554263766162,0.07431499903070728,0.23888391686748214,0,0,0,0
0,0.17841857854012638,0.4247237874815573,0.13655988961459878,0.3978439138821537,0,0,0,0
0,0.8194601345717017,0.7014041046773656,0.7119238007333535,0.701098738389222,1,1,1,1
0,0.9011794968217121,0.5265431115874586,0.7849054919390522,0.3978439138821537,1,1,1,0
0,0.040402947781019445,0.10629120598173122,0.07103470408429507,0.15659063436336962,0,0,0,0
0,0.0351488491916975,0.29275754993766945,0.07431499903070728,0.37265323151672886,0,0,0,0
0,0.20487943557079158,0.36176591529963076,0.7119238007333535,0.37265323151672886,0,0,1,0
0,0.990067986228281,0.42192407524795605,0.9249893275964554,0.3978439138821537,1,0,1,0
0,0.07915868234789664,0.3379153898686339,0.07431499903070728,0.3978439138821537,0,0,0,0
0,0.413846694850064,0.5711484847371046,0.5234187052694159,0.701098738389222,0,1,1,1
0,0.09135486406013227,0.36496157656667416,0.07431499903070728,0.15659063436336962,0,0,0,0
1,0.7285265898041737,0.548597328679791,0.7849054919390522,0.3978439138821537,1,1,1,0
1,0.7441972942134527,0.6395971749173888,0.4472301288753701,0.8919618540568964,1,1,0,1
0,0.21792158166774203,0.5354080704959008,0.13655988961459878,0.3978439138821537,0,1,0,0
0,0.11527049392493385,0.24062822741213427,0.07103470408429507,0.2909786896464161,0,0,0,0
0,0.07010009758716501,0.2391479244752787,0.043146073851833694,0.15659063436336962,0,0,0,0
0,0.04149057605436496,0.19567365107885185,0.13655988961459878,0.2909786896464161,0,0,0,0
0,0.08708852877575696,0.41971457627080444,0.07431499903070728,0.3978439138821537,0,0,0,0
0,0.3227842632509334,0.4290139018269764,0.4472301288753701,0.3978439138821537,0,0,0,0
1,0.9566869269941373,0.9396750556274969,0.9602234262685618,0.9269601406234662,1,1,1,1
0,0.16459747074983158,0.15469993454546083,0.33476237395442404,0.15659063436336962,0,0,0,0
0,0.04596945072411417,0.24113994582883314,0.07431499903070728,0.2909786896464161,0,0,0,0
0,0.30909958635294427,0.6410134583382562,0.07431499903070728,0.6545986309349229,0,1,0,1
0,0.9977578410377266,0.9598982930297836,0.8761146978001559,0.9479097084107246,1,1,1,1
0,0.05536402814704606,0.3679999953087242,0.07431499903070728,0.23888391686748214,0,0,0,0
0,0.0418964755569972,0.11516214655487492,0.07103470408429507,0.15659063436336962,0,0,0,0
0,0.05657787594444826,0.37210871452563926,0.07431499903070728,0.3978439138821537,0,0,0,0
1,0.8909598857098667,0.8198013065740964,0.5234187052694159,0.701098738389222,1,1,1,1
0,0.05455954420116003,0.2762299911155786,0.07431499903070728,0.23888391686748214,0,0,0,0
0,0.09099447757036865,0.36705829487739844,0.13655988961459878,0.3978439138821537,0,0,0,0
0,0.7465765695058542,0.5519620650778596,0.7119238007333535,0.37265323151672886,1,1,1,0
0,0.41636350762004104,0.4536384008465505,0.7119238007333535,0.6545986309349229,0,0,1,1
0,0.03696732336607199,0.19169402967524066,0.043146073851833694,0.15659063436336962,0,0,0,0
0,0.02197891178133958,0.2716597587178307,0.07431499903070728,0.3978439138821537,0,0,0,0
0,0.3150984237771218,0.4088660101358262,0.4472301288753701,0.3978439138821537,0,0,0,0
0,0.9438758377203142,0.43504122290586783,0.9249893275964554,0.4568734218781583,1,0,1,0
0,0.038467991346028664,0.1928860102231302,0.13655988961459878,0.15659063436336962,0,0,0,0
1,0.9750454735096752,0.714048353139667,0.8761146978001559,0.701098738389222,1,1,1,1
0,0.3724946251891766,0.5899823116504287,0.5234187052694159,0.701098738389222,0,1,1,1
0,0.8322718462957769,0.4270638431158372,0.8761146978001559,0.6545986309349229,1,0,1,1
1,0.40454264741470214,0.39383110276587396,0.4472301288753701,0.3978439138821537,0,0,0,0
0,0.08817888750541063,0.46229087577239414,0.07431499903070728,0.3978439138821537,0,0,0,0
0,0.1102206618083292,0.4599640765425626,0.07431499903070728,0.4568734218781583,0,0,0,0
0,0.09280079499722779,0.21735992808899793,0.07103470408429507,0.15659063436336962,0,0,0,0
0,0.19705490919130733,0.4104559479376074,0.5234187052694159,0.37265323151672886,0,0,1,0
0,0.8810500692892513,0.6088418625194036,0.4472301288753701,0.3978439138821537,1,1,0,0
0,0.3195074749114155,0.2760545600091465,0.7849054919390522,0.3978439138821537,0,0,1,0
0,0.6308671055935832,0.6253360648576793,0.7119238007333535,0.701098738389222,1,1,1,1
0,0.9984277145157214,0.49301465114380677,0.9249893275964554,0.701098738389222,1,0,1,1
0,0.01849190334082712,0.28335449199875756,0.07431499903070728,0.3978439138821537,0,0,0,0
0,0.05163407487304012,0.3647913281569495,0.07431499903070728,0.3978439138821537,0,0,0,0
0,0.07465154125786885,0.39354042991377125,0.07431499903070728,0.37265323151672886,0,0,0,0
0,0.3351874854832778,0.4122987697939276,0.4472301288753701,0.3978439138821537,0,0,0,0
0,0.2256622865075851,0.29985494999687645,0.4472301288753701,0.3978439138821537,0,0,0,0
0,0.19510519336709362,0.4047354156615383,0.13655988961459878,0.3978439138821537,0,0,0,0
0,0.3995580114503952,0.5856249522209643,0.5234187052694159,0.4568734218781583,0,1,1,0
1,0.5628499856349741,0.6397683278041384,0.4472301288753701,0.3978439138821537,1,1,0,0
0,0.1360834280790904,0.5132607484088595,0.07431499903070728,0.3978439138821537,0,1,0,0
0,0.10752859331788532,0.3749766846069445,0.07431499903070728,0.2909786896464161,0,0,0,0
0,0.924546942887478,0.26868614482258435,0.8797509975750424,0.23888391686748214,1,0,1,0
0,0.1625761843424102,0.5069542336662011,0.07431499903070728,0.3978439138821537,0,1,0,0
0,0.042351436840646274,0.163601117697752,0.13655988961459878,0.15659063436336962,0,0,0,0
0,0.005163383554623585,0.14181469688067552,0.07431499903070728,0.3978439138821537,0,0,0,0
0,0.4954797993255505,0.5877257851995256,0.4472301288753701,0.808688118677574,0,1,0,1
0,0.6075473417789846,0.284206581845849,0.7849054919390522,0.3978439138821537,1,0,1,0
0,0.3414093738527281,0.33703026437738964,0.13655988961459878,0.3978439138821537,0,0,0,0
0,0.07906339404795346,0.18807227946978536,0.07103470408429507,0.15659063436336962,0,0,0,0
0,0.09729003558468001,0.20071410071154214,0.07103470408429507,0.2909786896464161,0,0,0,0
1,0.9976101757381562,0.6022534643379045,0.8797509975750424,0.2909786896464161,1,1,1,0
0,0.2544658769022575,0.49940487473950457,0.13655988961459878,0.3978439138821537,0,0,0,0
0,0.1092772958145852,0.4190862315748352,0.13655988961459878,0.3978439138821537,0,0,0,0
1,0.887125114266654,0.9136205826989748,0.9602234262685618,0.9479097084107246,1,1,1,1
1,0.899416185151792,0.8008022978708293,0.9602234262685618,0.9269601406234662,1,1,1,1
0,0.13721127882375345,0.45033733766230216,0.07431499903070728,0.3978439138821537,0,0,0,0
0,0.03268136684119388,0.31979700382333337,0.07431499903070728,0.4568734218781583,0,0,0,0
0,0.1334951066018137,0.37162408362957144,0.4472301288753701,0.3978439138821537,0,0,0,0
0,0.21539742500044443,0.48711052787278286,0.5234187052694159,0.701098738389222,0,0,1,1
0,0.07155926857259017,0.3380389926770558,0.07431499903070728,0.3978439138821537,0,0,0,0
0,0.2112349417469695,0.42054998631220025,0.4472301288753701,0.3978439138821537,0,0,0,0
0,0.052748490085177395,0.31613229564821865,0.07431499903070728,0.23888391686748214,0,0,0,0
1,0.6271130927686782,0.4231071145715022,0.7849054919390522,0.3978439138821537,1,0,1,0
0,0.21334581363644156,0.2779469951795915,0.07103470408429507,0.23888391686748214,0,0,0,0
0,0.18844310794095298,0.37194592872485926,0.7119238007333535,0.4568734218781583,0,0,1,0
0,0.1025491528368134,0.21789588054880688,0.07103470408429507,0.15659063436336962,0,0,0,0
0,0.07287723900307469,0.2981430617963868,0.13655988961459878,0.3978439138821537,0,0,0,0
0,0.08636723650020477,0.5850082329331519,0.07431499903070728,0.4568734218781583,0,1,0,0
0,0.09916591639065139,0.49244637210829867,0.07431499903070728,0.3978439138821537,0,0,0,0
0,0.12927728303742314,0.4535259665891791,0.07431499903070728,0.3978439138821537,0,0,0,0
0,0.168371270034289,0.490397698182568,0.07431499903070728,0.37265323151672886,0,0,0,0
0,0.03362051554849251,0.18651145853552512,0.07431499903070728,0.15659063436336962,0,0,0,0
0,0.00872791972436695,0.16605386772871183,0.07431499903070728,0.2909786896464161,0,0,0,0
1,0.8423925449724191,0.44858874513896363,0.8761146978001559,0.6545986309349229,1,0,1,1
0,0.023148233552243803,0.23217316796471602,0.07431499903070728,0.15659063436336962,0,0,0,0
0,0.09111468529952942,0.3711759570711476,0.07431499903070728,0.3978439138821537,0,0,0,0
0,0.6123170084029906,0.579507684736716,0.5234187052694159,0.701098738389222,1,1,1,1
1,0.9165115753856838,0.7227204983263699,0.7119238007333535,0.701098738389222,1,1,1,1
0,0.16320560507623189,0.40737254992663624,0.5234187052694159,0.6545986309349229,0,0,1,1
0,0.020940630987314184,0.170680869284585,0.07431499903070728,0.2909786896464161,0,0,0,0
0,0.860377540234082,0.4428895436162726,0.8761146978001559,0.3978439138821537,1,0,1,0
0,0.07335323989559868,0.38948944254825907,0.07431499903070728,0.4568734218781583,0,0,0,0
0,0.03662937529669725,0.1884120975563461,0.07431499903070728,0.15659063436336962,0,0,0,0
0,0.13432212327487109,0.23304940832926266,0.07103470408429507,0.2909786896464161,0,0,0,0
1,0.9733896043503049,0.9397921406974997,0.9602234262685618,0.9479097084107246,1,1,1,1
0,0.11094488037058112,0.28398122255823666,0.13655988961459878,0.3978439138821537,0,0,0,0
1,0.35443050804815357,0.28204061543174613,0.641289481962736,0.2909786896464161,0,0,1,0
0,0.03453510768271035,0.15524090161308599,0.13655988961459878,0.15659063436336962,0,0,0,0
0,0.24584363147782812,0.4186290595622136,0.4472301288753701,0.3978439138821537,0,0,0,0
0,0.4920722442262745,0.3646270746974161,0.7849054919390522,0.4568734218781583,0,0,1,0
1,0.9494737253377422,0.9147717639242332,0.9602234262685618,0.9479097084107246,1,1,1,1
0,0.018490163995725888,0.13187614600633338,0.13655988961459878,0.2909786896464161,0,0,0,0
0,0.2604224531327562,0.5290473803350491,0.07431499903070728,0.3978439138821537,0,1,0,0
0,0.31183597012587994,0.43652379532788826,0.13655988961459878,0.3978439138821537,0,0,0,0
0,0.9518233961451732,0.9583402303112732,0.9369658288621653,0.9269601406234662,1,1,1,1
0,0.5878046664358555,0.36960171119700314,0.33476237395442404,0.23888391686748214,1,0,0,0
0,0.5174706938654443,0.5731930594560631,0.13655988961459878,0.3978439138821537,1,1,0,0
0,0.03855768815793801,0.222228466459366,0.07431499903070728,0.15659063436336962,0,0,0,0
0,0.12396929994438424,0.3892029593799077,0.07431499903070728,0.3978439138821537,0,0,0,0
0,0.12948459217809866,0.312222438896437,0.043146073851833694,0.2909786896464161,0,0,0,0
0,0.2201459988341656,0.42515891696789493,0.5234187052694159,0.37265323151672886,0,0,1,0
0,0.3096531085423584,0.5536777465952949,0.13655988961459878,0.3978439138821537,0,1,0,0
0,0.014091892654127205,0.1584545639198735,0.07431499903070728,0.15659063436336962,0,0,0,0
0,0.18613030848047976,0.43094486223091133,0.13655988961459878,0.3978439138821537,0,0,0,0
0,0.1498584168562052,0.3883163932783684,0.7119238007333535,0.4568734218781583,0,0,1,0
0,0.016434506535062732,0.13995118405165657,0.13655988961459878,0.2909786896464161,0,0,0,0
0,0.042444732984885714,0.12064159006059053,0.07103470408429507,0.15659063436336962,0,0,0,0
0,0.29956346825025115,0.6016628740014867,0.043146073851833694,0.23888391686748214,0,1,0,0
0,0.21394987330514337,0.4358523114210106,0.13655988961459878,0.3978439138821537,0,0,0,0
0,0.45389367091559485,0.4575719341048679,0.7119238007333535,0.4568734218781583,0,0,1,0
0,0.16131445741999031,0.5090381856385725,0.07431499903070728,0.701098738389222,0,1,0,1
0,0.2881990415775394,0.2261253682573611,0.4472301288753701,0.3978439138821537,0,0,0,0
0,0.49259405721719646,0.30114989340693055,0.641289481962736,0.2909786896464161,0,0,1,0
0,0.18806070514810025,0.28591695252557736,0.07103470408429507,0.2909786896464161,0,0,0,0
0,0.15897759202939846,0.32481507113050945,0.7119238007333535,0.4568734218781583,0,0,1,0
0,0.4733536276217709,0.4137843603406519,0.7119238007333535,0.37265323151672886,0,0,1,0
0,0.0767810576683725,0.2959143304375791,0.07431499903070728,0.37265323151672886,0,0,0,0
0,0.6192593831724963,0.4809225159249229,0.4472301288753701,0.3978439138821537,1,0,0,0
0,0.1975493285345241,0.4855875122032389,0.07431499903070728,0.37265323151672886,0,0,0,0
0,0.2771253177516431,0.514888674144575,0.13655988961459878,0.3978439138821537,0,1,0,0
0,0.028977878372968335,0.26818248083987983,0.07431499903070728,0.3978439138821537,0,0,0,0
1,0.9704078709937521,0.8807332483039274,0.9602234262685618,0.9479097084107246,1,1,1,1
0,0.2506634061742316,0.3967034201215729,0.5234187052694159,0.701098738389222,0,0,1,1
0,0.03479097544199639,0.169220357959142,0.043146073851833694,0.15659063436336962,0,0,0,0
0,0.15241375375267185,0.5030123684590055,0.07431499903070728,0.2909786896464161,0,1,0,0
0,0.17241921280595426,0.3211544220419916,0.4472301288753701,0.3978439138821537,0,0,0,0
0,0.15481136343442745,0.23335404362594642,0.07103470408429507,0.2909786896464161,0,0,0,0
0,0.026065157213848306,0.17860029901012903,0.07431499903070728,0.15659063436336962,0,0,0,0
0,0.24333967181383187,0.5850874635966842,0.07431499903070728,0.4568734218781583,0,1,0,0
0,0.14905229060712946,0.37724683477011073,0.13655988961459878,0.3978439138821537,0,0,0,0
0,0.1641776077861112,0.2501099820596721,0.07103470408429507,0.23888391686748214,0,0,0,0
0,0.23779849196807853,0.31166945279585945,0.7119238007333535,0.37265323151672886,0,0,1,0
0,0.12756735709618766,0.3830850137127155,0.07431499903070728,0.3978439138821537,0,0,0,0
1,0.8959407736103266,0.4691172638774305,0.8761146978001559,0.3978439138821537,1,0,1,0
0,0.1095263202456215,0.27321049462020147,0.13655988961459878,0.2909786896464161,0,0,0,0
0,0.14233795795996823,0.4293716415166985,0.07431499903070728,0.3978439138821537,0,0,0,0
0,0.0703513820316912,0.3183976878071063,0.07431499903070728,0.3978439138821537,0,0,0,0
0,0.2497935535475519,0.43967100900592204,0.4472301288753701,0.3978439138821537,0,0,0,0
0,0.5440449341167949,0.6367115172069391,0.5234187052694159,0.701098738389222,1,1,1,1
0,0.3010646218054346,0.5116667652911688,0.5234187052694159,0.701098738389222,0,1,1,1
0,0.04011589449247019,0.18570722456331795,0.13655988961459878,0.2909786896464161,0,0,0,0
0,0.17312708817657277,0.38725953290781584,0.07431499903070728,0.3978439138821537,0,0,0,0
1,0.9733774504508262,0.9637082294132121,0.9369658288621653,0.9479097084107246,1,1,1,1
0,0.14918191921326904,0.36747601964361765,0.13655988961459878,0.3978439138821537,0,0,0,0
0,0.769899788353804,0.5388833695736179,0.4472301288753701,0.3978439138821537,1,1,0,0
1,0.7777306347312072,0.8357267796502074,0.4986819481082508,0.701098738389222,1,1,0,1
0,0.16983420353495063,0.40505990823078647,0.5234187052694159,0.37265323151672886,0,0,1,0
0,0.5795132022438565,0.6780464432854926,0.5234187052694159,0.701098738389222,1,1,1,1
0,0.2215021051028994,0.54690258042296,0.07431499903070728,0.37265323151672886,0,1,0,0
0,0.38166428501852656,0.4977256838159734,0.5234187052694159,0.701098738389222,0,0,1,1
0,0.024254531401364833,0.16705757274097843,0.5234187052694159,0.37265323151672886,0,0,1,0
0,0.6869811267396203,0.6091262555029403,0.7119238007333535,0.701098738389222,1,1,1,1
0,0.24249396959149164,0.5512814916557098,0.07431499903070728,0.3978439138821537,0,1,0,0
0,0.3115463648024938,0.5775874564455383,0.07431499903070728,0.701098738389222,0,1,0,1
0,0.1908163567770455,0.38700168242087457,0.043146073851833694,0.23888391686748214,0,0,0,0
0,0.03088614248918475,0.16016626794137712,0.07103470408429507,0.2909786896464161,0,0,0,0
0,0.08949173014160695,0.2219905907533105,0.07103470408429507,0.15659063436336962,0,0,0,0
0,0.0379389075169914,0.28152431041250103,0.07431499903070728,0.15659063436336962,0,0,0,0
0,0.04743685877497278,0.336940868962704,0.07431499903070728,0.2909786896464161,0,0,0,0
0,0.7373291107325557,0.5857498523828034,0.7119238007333535,0.37265323151672886,1,1,1,0
0,0.28871723749873246,0.5391597437339645,0.07431499903070728,0.3978439138821537,0,1,0,0
0,0.01842478664117454,0.2611605171360752,0.07431499903070728,0.3978439138821537,0,0,0,0
0,0.43231066997761364,0.3190099970242716,0.641289481962736,0.23888391686748214,0,0,1,0
0,0.14457077188468223,0.5119322792601841,0.4986819481082508,0.9235318144521436,0,1,0,1
0,0.045975802216496366,0.27550476839925403,0.07431499903070728,0.3978439138821537,0,0,0,0
0,0.06453951835690457,0.3711631109739386,0.07431499903070728,0.4568734218781583,0,0,0,0
0,0.20874336763645182,0.43691817001298405,0.13655988961459878,0.3978439138821537,0,0,0,0
0,0.08417249693116594,0.41210631893951954,0.07431499903070728,0.4568734218781583,0,0,0,0
0,0.7176263942111539,0.7819824003257102,0.5234187052694159,0.701098738389222,1,1,1,1
0,0.24230913609059238,0.4222492567155296,0.4472301288753701,0.3978439138821537,0,0,0,0
0,0.6126361902963412,0.26591602852345364,0.7849054919390522,0.3978439138821537,1,0,1,0
0,0.433631449484368,0.4964130298233357,0.4472301288753701,0.3978439138821537,0,0,0,0
0,0.010513046505572646,0.1537738469827627,0.07431499903070728,0.15659063436336962,0,0,0,0
0,0.07321878684107239,0.33408888442120493,0.07431499903070728,0.2909786896464161,0,0,0,0
0,0.47049625997643807,0.6075962307753866,0.5234187052694159,0.37265323151672886,0,1,1,0
0,0.15832815575172413,0.2790197462004995,0.07103470408429507,0.23888391686748214,0,0,0,0
0,0.39537805262063264,0.3711441801345698,0.4472301288753701,0.3978439138821537,0,0,0,0
0,0.28179948554088613,0.45716795853324055,0.043146073851833694,0.23888391686748214,0,0,0,0
1,0.9623517000395494,0.4986212372189021,0.9249893275964554,0.701098738389222,1,0,1,1
0,0.16824932039742296,0.4542453061946582,0.5234187052694159,0.4568734218781583,0,0,1,0
0,0.08627119040428698,0.35693880170996467,0.07431499903070728,0.3978439138821537,0,0,0,0
0,0.9863134578255248,0.5876239695736978,0.9249893275964554,0.701098738389222,1,1,1,1
1,0.345053575474052,0.45994032059264095,0.4472301288753701,0.3978439138821537,0,0,0,0
0,0.34671627370798586,0.29220857899018765,0.07103470408429507,0.23888391686748214,0,0,0,0
0,0.06384652154123939,0.30364568580059004,0.07431499903070728,0.37265323151672886,0,0,0,0
0,0.23959094437806766,0.32830150618849924,0.07103470408429507,0.2909786896464161,0,0,0,0
0,0.025190427346699993,0.1882361212063716,0.07431499903070728,0.15659063436336962,0,0,0,0
0,0.07410025112526973,0.25137829222417435,0.13655988961459878,0.3978439138821537,0,0,0,0
0,0.2929037075505834,0.29620207322138725,0.07103470408429507,0.2909786896464161,0,0,0,0
0,0.15921398206145826,0.29840944512207823,0.4472301288753701,0.3978439138821537,0,0,0,0
0,0.04544717711704366,0.3226321085249677,0.07431499903070728,0.3978439138821537,0,0,0,0
0,0.1636130318864473,0.4655026059758145,0.5234187052694159,0.4568734218781583,0,0,1,0
0,0.4533386681895515,0.6021813161646138,0.07431499903070728,0.701098738389222,0,1,0,1
0,0.0765909776449557,0.4326095583275886,0.07431499903070728,0.3978439138821537,0,0,0,0
0,0.7399687794389952,0.8257082344703254,0.5234187052694159,0.701098738389222,1,1,1,1
0,0.05945514432957989,0.24362660679220635,0.7119238007333535,0.4568734218781583,0,0,1,0
0,0.22744180336416592,0.4784980008396833,0.5234187052694159,0.37265323151672886,0,0,1,0
0,0.9999200747183614,0.40277303382763074,0.9249893275964554,0.4568734218781583,1,0,1,0
0,0.1032191365819309,0.3527309379501519,0.07431499903070728,0.37265323151672886,0,0,0,0
0,0.42272056903584093,0.4967442192748045,0.13655988961459878,0.3978439138821537,0,0,0,0
0,0.20129198004933632,0.23178048626214354,0.641289481962736,0.2909786896464161,0,0,1,0
0,0.08585693413134338,0.32222048151215116,0.5234187052694159,0.4568734218781583,0,0,1,0
0,0.00918095187401337,0.14519542230850574,0.07431499903070728,0.15659063436336962,0,0,0,0
0,0.06934460988390966,0.22667915970189736,0.13655988961459878,0.2909786896464161,0,0,0,0
0,0.21113768559891877,0.44621427796451085,0.13655988961459878,0.3978439138821537,0,0,0,0
0,0.16312809305411952,0.2663898217996504,0.07103470408429507,0.23888391686748214,0,0,0,0
0,0.04936498302803463,0.25821247501988465,0.07431499903070728,0.3978439138821537,0,0,0,0
0,0.3124725844580206,0.5965825330159765,0.07431499903070728,0.701098738389222,0,1,0,1
0,0.4752744562055359,0.5095472518676514,0.4472301288753701,0.3978439138821537,0,1,0,0
1,0.13018350403878312,0.33107803534398605,0.13655988961459878,0.3978439138821537,0,0,0,0
0,0.9738268867146126,0.26163181916894895,0.9249893275964554,0.3978439138821537,1,0,1,0
0,0.5907298861417447,0.44242953996911444,0.641289481962736,0.2909786896464161,1,0,1,0
0,0.013670336766285752,0.18596875428510265,0.07431499903070728,0.15659063436336962,0,0,0,0
1,0.8712648248920322,0.27700792910026606,0.9249893275964554,0.3978439138821537,1,0,1,0
0,0.29970625417907365,0.49239988664204004,0.5234187052694159,0.701098738389222,0,0,1,1
0,0.09915183576170143,0.3576868818796517,0.07431499903070728,0.3978439138821537,0,0,0,0
0,0.10121602671370432,0.3570119242692721,0.5234187052694159,0.4568734218781583,0,0,1,0
0,0.8555275434046317,0.6785473337795123,0.7119238007333535,0.701098738389222,1,1,1,1
1,0.8543414872028487,0.6140491432394815,0.4472301288753701,0.808688118677574,1,1,0,1
0,0.7732541817539199,0.5379248516066598,0.7119238007333535,0.701098738389222,1,1,1,1
0,0.034203539456883994,0.30239223476990545,0.07431499903070728,0.23888391686748214,0,0,0,0
0,0.1580219712674793,0.4514818074901878,0.5234187052694159,0.37265323151672886,0,0,1,0
0,0.49189972041860186,0.44838652214363905,0.7119238007333535,0.701098738389222,0,0,1,1
0,0.16747811278102864,0.4341768113516922,0.07431499903070728,0.2909786896464161,0,0,0,0
0,0.08922456510385288,0.3430307469527089,0.13655988961459878,0.3978439138821537,0,0,0,0
0,0.2484079237711595,0.539558558398683,0.07431499903070728,0.2909786896464161,0,1,0,0
0,0.18322365166281446,0.5046173155094711,0.07431499903070728,0.23888391686748214,0,1,0,0
0,0.01552469087987652,0.13844555508662842,0.07431499903070728,0.2909786896464161,0,0,0,0
0,0.5389085482284334,0.7370026385778089,0.07431499903070728,0.701098738389222,1,1,0,1
0,0.13823106809669064,0.3525931149662593,0.043146073851833694,0.23888391686748214,0,0,0,0
0,0.20696579197095955,0.3563333602686364,0.7119238007333535,0.4568734218781583,0,0,1,0
0,0.8280011721145895,0.8320504154190582,0.5234187052694159,0.701098738389222,1,1,1,1
0,0.06554760809059391,0.24919462626231334,0.13655988961459878,0.3978439138821537,0,0,0,0
0,0.4115121876981522,0.41780973370516694,0.7119238007333535,0.37265323151672886,0,0,1,0
0,0.7048138479181291,0.6808904631335522,0.13655988961459878,0.3978439138821537,1,1,0,0
0,0.023542626559361166,0.2115817514424947,0.07431499903070728,0.3978439138821537,0,0,0,0
0,0.7768944370728713,0.481737522097833,0.4472301288753701,0.3978439138821537,1,0,0,0
0,0.8924552340656449,0.29026361482907115,0.8797509975750424,0.23888391686748214,1,0,1,0
0,0.2734780424695407,0.33839868024026515,0.07103470408429507,0.2909786896464161,0,0,0,0
0,0.11547684062691314,0.3015011923340279,0.13655988961459878,0.3978439138821537,0,0,0,0
0,0.0333042210892845,0.1725680792285244,0.13655988961459878,0.15659063436336962,0,0,0,0
0,0.11319961741256435,0.48703818758844153,0.07431499903070728,0.2909786896464161,0,0,0,0
0,0.047394246807475386,0.40161213885686475,0.07431499903070728,0.4568734218781583,0,0,0,0
0,0.1630367125436376,0.4582266582160683,0.13655988961459878,0.3978439138821537,0,0,0,0
0,0.8723407368489718,0.5004137283698645,0.7849054919390522,0.3978439138821537,1,1,1,0
0,0.14137152270681583,0.3299004824868542,0.4472301288753701,0.3978439138821537,0,0,0,0
0,0.13024963485516958,0.39882036011436484,0.5234187052694159,0.4568734218781583,0,0,1,0
1,0.6897027899420621,0.6962589782270485,0.5234187052694159,0.701098738389222,1,1,1,1
0,0.2077631513227012,0.22758685120450992,0.07103470408429507,0.2909786896464161,0,0,0,0
0,0.09844947899931299,0.28778632419034955,0.13655988961459878,0.23888391686748214,0,0,0,0
1,0.9324726947604797,0.8138859134226099,0.7119238007333535,0.701098738389222,1,1,1,1
0,0.17476094052017804,0.4286793790828388,0.13655988961459878,0.3978439138821537,0,0,0,0
0,0.0418082595809175,0.2697294631793558,0.07431499903070728,0.2909786896464161,0,0,0,0
0,0.07930745176714148,0.49352145478362774,0.07431499903070728,0.4568734218781583,0,0,0,0
0,0.5273116946800189,0.6543437765739873,0.5234187052694159,0.701098738389222,1,1,1,1
0,0.11625540956372564,0.36782333055397987,0.07431499903070728,0.3978439138821537,0,0,0,0
0,0.34034285931259795,0.5577563084769078,0.7119238007333535,0.4568734218781583,0,1,1,0
0,0.13078266310021122,0.38461926969939675,0.07431499903070728,0.23888391686748214,0,0,0,0
0,0.48573660405277874,0.4918414563029701,0.4472301288753701,0.3978439138821537,0,0,0,0
0,0.5457846818088427,0.5272658784124545,0.7119238007333535,0.4568734218781583,1,1,1,0
0,0.9327194610309045,0.8801992177805201,0.5234187052694159,0.701098738389222,1,1,1,1
0,0.16755893473510095,0.4547298575599415,0.5234187052694159,0.4568734218781583,0,0,1,0
0,0.2184584975195839,0.46123903519594134,0.043146073851833694,0.23888391686748214,0,0,0,0
0,0.025033631472822407,0.18088216339608484,0.07431499903070728,0.15659063436336962,0,0,0,0
0,0.2033303641484996,0.47947660360019984,0.07431499903070728,0.37265323151672886,0,0,0,0
0,0.15061936542867913,0.47703632604011065,0.07431499903070728,0.37265323151672886,0,0,0,0
0,0.19951499786948934,0.23628108938440248,0.07103470408429507,0.15659063436336962,0,0,0,0
0,0.076777013596545,0.18983839067566413,0.07103470408429507,0.2909786896464161,0,0,0,0
0,0.09745499307196885,0.3715035884300858,0.07431499903070728,0.37265323151672886,0,0,0,0
0,0.12023306040193503,0.41308631149338304,0.07431499903070728,0.3978439138821537,0,0,0,0
0,0.08189609806922953,0.20284511173122893,0.07103470408429507,0.23888391686748214,0,0,0,0
0,0.15430750144475716,0.44133854155985275,0.07431499903070728,0.23888391686748214,0,0,0,0
0,0.2835231832050638,0.3612606345791921,0.4472301288753701,0.3978439138821537,0,0,0,0
0,0.07055034050987549,0.30335535287046655,0.5234187052694159,0.37265323151672886,0,0,1,0
0,0.07363843712575316,0.46937740892835195,0.07431499903070728,0.3978439138821537,0,0,0,0
0,0.9161465716664213,0.8126884777435553,0.7119238007333535,0.701098738389222,1,1,1,1
0,0.07477511644371947,0.3058301155027181,0.07431499903070728,0.4568734218781583,0,0,0,0
1,0.9990121202258799,0.21461878787323946,0.8797509975750424,0.2909786896464161,1,0,1,0
0,0.520608131195785,0.5895704277271627,0.4472301288753701,0.3978439138821537,1,1,0,0
0,0.09331053073729308,0.3076328878437426,0.13655988961459878,0.3978439138821537,0,0,0,0
0,0.18051092318339812,0.1942019428358144,0.07103470408429507,0.2909786896464161,0,0,0,0
0,0.34123562421440307,0.3187615566822837,0.07103470408429507,0.2909786896464161,0,0,0,0
0,0.5816719336291081,0.4681788356939132,0.4472301288753701,0.3978439138821537,1,0,0,0
0,0.28428778266292526,0.450245619496532,0.4472301288753701,0.3978439138821537,0,0,0,0
0,0.23992150896632103,0.4018834960085655,0.7119238007333535,0.4568734218781583,0,0,1,0
0,0.2078085878603059,0.2006492805701564,0.2843241992058826,0.2909786896464161,0,0,0,0
0,0.026959269453700002,0.2605030776665543,0.07431499903070728,0.3978439138821537,0,0,0,0
0,0.049251989164571255,0.3780404089421911,0.07431499903070728,0.3978439138821537,0,0,0,0
0,0.7305647179512705,0.3294361010127513,0.7616858140337348,0.23888391686748214,1,0,1,0
0,0.2602975092039119,0.4517207679935958,0.043146073851833694,0.23888391686748214,0,0,0,0
0,0.09916653344291519,0.3709814463668562,0.07431499903070728,0.3978439138821537,0,0,0,0
0,0.22039527027371136,0.3931803970428231,0.043146073851833694,0.2909786896464161,0,0,0,0
1,0.6878496827764483,0.545831846705584,0.4472301288753701,0.3978439138821537,1,1,0,0
0,0.3984183477921739,0.6031196151409906,0.07431499903070728,0.808688118677574,0,1,0,1
0,0.35703357727308094,0.5397808274311694,0.7119238007333535,0.4568734218781583,0,1,1,0
0,0.10755402786184677,0.4034076580585056,0.07431499903070728,0.3978439138821537,0,0,0,0
0,0.0490193798763616,0.26749769807192514,0.07431499903070728,0.15659063436336962,0,0,0,0
0,0.22468361360156147,0.524291587233528,0.13655988961459878,0.3978439138821537,0,1,0,0
0,0.050526656985696264,0.15894496407149875,0.07103470408429507,0.15659063436336962,0,0,0,0
0,0.4031729846753675,0.5065855318997565,0.13655988961459878,0.3978439138821537,0,1,0,0
0,0.40253438171343564,0.5013809790672624,0.4472301288753701,0.3978439138821537,0,1,0,0
0,0.2827690592131519,0.554719054360297,0.07431499903070728,0.701098738389222,0,1,0,1
0,0.6195191267255179,0.7544879977464718,0.5234187052694159,0.701098738389222,1,1,1,1
0,0.4740844917388183,0.49482698639258904,0.07103470408429507,0.2909786896464161,0,0,0,0
0,0.48695260013090036,0.5156665115098501,0.5234187052694159,0.701098738389222,0,1,1,1
0,0.06987649081012905,0.23544322668886178,0.13655988961459878,0.3978439138821537,0,0,0,0
0,0.17793120368948612,0.438452192050549,0.5234187052694159,0.37265323151672886,0,0,1,0
0,0.0256983239653297,0.18758143927655166,0.07431499903070728,0.15659063436336962,0,0,0,0
0,0.02144575357394513,0.11030534056878515,0.13655988961459878,0.15659063436336962,0,0,0,0
0,0.05023824780466861,0.18631134909173128,0.13655988961459878,0.15659063436336962,0,0,0,0
0,0.04565624951242315,0.23823675870464592,0.07431499903070728,0.23888391686748214,0,0,0,0
0,0.03816853139657427,0.21068712966943381,0.13655988961459878,0.15659063436336962,0,0,0,0
0,0.063877487346181,0.4461589265118694,0.07431499903070728,0.4568734218781583,0,0,0,0
0,0.011445581325372035,0.13916756099372135,0.07431499903070728,0.15659063436336962,0,0,0,0
0,0.4301778998989256,0.41312984230322847,0.4472301288753701,0.3978439138821537,0,0,0,0
0,0.12875487317028622,0.18565579178654354,0.07103470408429507,0.15659063436336962,0,0,0,0
0,0.08881783770049947,0.3768159202542035,0.07431499903070728,0.3978439138821537,0,0,0,0
0,0.0573604964201415,0.17637405968978986,0.07103470408429507,0.2909786896464161,0,0,0,0
0,0.29342513968618217,0.5203775282151669,0.13655988961459878,0.3978439138821537,0,1,0,0
0,0.4186679017053491,0.37132884505828034,0.4472301288753701,0.3978439138821537,0,0,0,0
1,0.7980799684327683,0.6559964289736744,0.7119238007333535,0.701098738389222,1,1,1,1
0,0.14937545455548001,0.3141443188766032,0.4472301288753701,0.3978439138821537,0,0,0,0
0,0.42258950786027427,0.6135153688073242,0.5234187052694159,0.701098738389222,0,1,1,1
1,0.9997182130632608,0.43423675484371954,0.9249893275964554,0.3978439138821537,1,0,1,0
0,0.21257795375855773,0.42440716495527736,0.043146073851833694,0.2909786896464161,0,0,0,0
0,0.13208651394493962,0.45713257584042843,0.07431499903070728,0.37265323151672886,0,0,0,0
1,0.9196994159218019,0.9343312422031792,0.9369658288621653,0.9269601406234662,1,1,1,1
0,0.7360961390892801,0.887185696372657,0.9369658288621653,0.8342236211422674,1,1,1,1
0,0.13193754871354899,0.39744545384705815,0.07431499903070728,0.37265323151672886,0,0,0,0
0,0.25809277860882024,0.447936169015346,0.043146073851833694,0.23888391686748214,0,0,0,0
0,0.9552283832172332,0.7703230844784078,0.7849054919390522,0.701098738389222,1,1,1,1
0,0.7694425035001856,0.6147842931684936,0.4472301288753701,0.3978439138821537,1,1,0,0
0,0.10416625440277975,0.30976721947009667,0.13655988961459878,0.3978439138821537,0,0,0,0
1,0.7571175017047709,0.5997267706431862,0.7119238007333535,0.6545986309349229,1,1,1,1
0,0.5923887726254622,0.5508873331364128,0.7119238007333535,0.37265323151672886,1,1,1,0
1,0.5696559667508205,0.753500145637144,0.5234187052694159,0.701098738389222,1,1,1,1
0,0.018654542227739553,0.20615446358690834,0.07431499903070728,0.3978439138821537,0,0,0,0
1,0.5919041387100579,0.49533850178952443,0.4472301288753701,0.3978439138821537,1,0,0,0
0,0.26319451881130485,0.5498216073452981,0.5234187052694159,0.4568734218781583,0,1,1,0
0,0.01772071673758937,0.17182842095066578,0.07431499903070728,0.15659063436336962,0,0,0,0
0,0.059017866334688474,0.19032543787609915,0.07103470408429507,0.15659063436336962,0,0,0,0
0,0.05919218332961162,0.1970019353003188,0.13655988961459878,0.15659063436336962,0,0,0,0
0,0.060737709456008565,0.2685723093351654,0.043146073851833694,0.2909786896464161,0,0,0,0
0,0.10479327825895003,0.35298561271125045,0.07431499903070728,0.3978439138821537,0,0,0,0
0,0.08807798528720451,0.4470349602696522,0.07431499903070728,0.3978439138821537,0,0,0,0
0,0.09771572417184168,0.43819961452868117,0.07431499903070728,0.23888391686748214,0,0,0,0
0,0.16762263690206025,0.359777579610812,0.07431499903070728,0.3978439138821537,0,0,0,0
0,0.05418146713454218,0.20219017564170466,0.13655988961459878,0.2909786896464161,0,0,0,0
0,0.07734797355230622,0.29608656031315067,0.13655988961459878,0.2909786896464161,0,0,0,0
0,0.23352205141304325,0.47846699773869494,0.13655988961459878,0.3978439138821537,0,0,0,0
0,0.14413620768427163,0.49839417133761404,0.07431499903070728,0.3978439138821537,0,0,0,0
1,0.9839366707533155,0.8163351340428017,0.7849054919390522,0.701098738389222,1,1,1,1
0,0.08892031623641733,0.39277985798990167,0.07431499903070728,0.3978439138821537,0,0,0,0
0,0.26176693311778026,0.41688473615721655,0.13655988961459878,0.3978439138821537,0,0,0,0
0,0.8486019171856232,0.5914786779042097,0.7849054919390522,0.701098738389222,1,1,1,1
0,0.012605765491698253,0.10797372601463122,0.13655988961459878,0.15659063436336962,0,0,0,0
1,0.8486514923582221,0.6386888368095871,0.7119238007333535,0.37265323151672886,1,1,1,0
0,0.07617773631200149,0.2686021480238871,0.13655988961459878,0.3978439138821537,0,0,0,0
0,0.5851041793023456,0.48166459438194353,0.7119238007333535,0.37265323151672886,1,0,1,0
0,0.10559630771713832,0.36258009934948593,0.07431499903070728,0.23888391686748214,0,0,0,0
0,0.07352310558108645,0.27817967383965375,0.07431499903070728,0.3978439138821537,0,0,0,0
0,0.05804822022630964,0.44321333935518925,0.07431499903070728,0.3978439138821537,0,0,0,0
0,0.11127134183861119,0.4348301281256192,0.07431499903070728,0.37265323151672886,0,0,0,0
0,0.045060955163263174,0.27575707482719786,0.07431499903070728,0.23888391686748214,0,0,0,0
0,0.4598165473868361,0.48449754067154244,0.13655988961459878,0.3978439138821537,0,0,0,0
0,0.2890078828573579,0.17694086242920837,0.624061140007934,0.15659063436336962,0,0,1,0
0,0.1002684574075719,0.30976084222076855,0.13655988961459878,0.3978439138821537,0,0,0,0
0,0.11367131826961094,0.37151800219067505,0.07431499903070728,0.37265323151672886,0,0,0,0
0,0.7205632229508104,0.8017307961909049,0.7512025309012217,0.3978439138821537,1,1,1,0
1,0.23667288772838554,0.4682928457642852,0.5234187052694159,0.37265323151672886,0,0,1,0
0,0.7168443970246823,0.3715604978398701,0.33476237395442404,0.23888391686748214,1,0,0,0
1,0.7742716231965411,0.8338585578141717,0.5234187052694159,0.701098738389222,1,1,1,1
0,0.16209343049124236,0.4199013655211975,0.13655988961459878,0.3978439138821537,0,0,0,0
0,0.3980263398289677,0.4531126378323565,0.5234187052694159,0.701098738389222,0,0,1,1
1,0.9782731445654338,0.964766824379962,0.9369658288621653,0.9479097084107246,1,1,1,1
0,0.8979322129331532,0.7123113839485974,0.7849054919390522,0.701098738389222,1,1,1,1
0,0.0706435566717597,0.29353826085263124,0.13655988961459878,0.2909786896464161,0,0,0,0
0,0.38646854380017215,0.5715714944938785,0.07431499903070728,0.3978439138821537,0,1,0,0
0,0.07346083024016721,0.35954806711496534,0.07431499903070728,0.2909786896464161,0,0,0,0
0,0.20392155081664584,0.33622402066819357,0.4472301288753701,0.3978439138821537,0,0,0,0
0,0.7127069304842678,0.7978274155133825,0.5234187052694159,0.701098738389222,1,1,1,1
0,0.18514189757942173,0.3676663468029655,0.4472301288753701,0.3978439138821537,0,0,0,0
0,0.03817030107737666,0.1810574392361411,0.13655988961459878,0.2909786896464161,0,0,0,0
0,0.9803864569991961,0.49177712178900856,0.9249893275964554,0.6545986309349229,1,0,1,1
0,0.9323087849128333,0.6293757183361256,0.8761146978001559,0.701098738389222,1,1,1,1
0,0.7859060535041839,0.631009893005474,0.7119238007333535,0.701098738389222,1,1,1,1
0,0.13876624198742266,0.43537185872241946,0.5234187052694159,0.4568734218781583,0,0,1,0
0,0.11609790635274736,0.20676194986151927,0.07103470408429507,0.2909786896464161,0,0,0,0
0,0.7651637210984371,0.33882582346103063,0.8761146978001559,0.3978439138821537,1,0,1,0
0,0.09613350215166323,0.4279117262020491,0.07431499903070728,0.37265323151672886,0,0,0,0
1,0.7697969666171547,0.6094458908208819,0.7119238007333535,0.6545986309349229,1,1,1,1
0,0.05467436318207868,0.19153835881597991,0.4472301288753701,0.3978439138821537,0,0,0,0
0,0.21514799916106286,0.39330149911642076,0.043146073851833694,0.2909786896464161,0,0,0,0
0,0.009134232210144148,0.16171073593832574,0.07431499903070728,0.23888391686748214,0,0,0,0
0,0.06859971022100297,0.20618428213062448,0.13655988961459878,0.3978439138821537,0,0,0,0
0,0.851685839221298,0.3234373127038858,0.9249893275964554,0.3978439138821537,1,0,1,0
0,0.10603424735555604,0.4603943640133711,0.07431499903070728,0.4568734218781583,0,0,0,0
0,0.0893790496815018,0.29607674177278315,0.07431499903070728,0.23888391686748214,0,0,0,0
0,0.21763402676470658,0.4426990522879703,0.5234187052694159,0.6545986309349229,0,0,1,1
0,0.03875537020603905,0.22329482397849013,0.07431499903070728,0.2909786896464161,0,0,0,0
0,0.235292203358439,0.48424808586763574,0.5234187052694159,0.37265323151672886,0,0,1,0
1,0.5327464764174318,0.5755020034811816,0.5234187052694159,0.701098738389222,1,1,1,1
0,0.014027322279754454,0.11045296228966184,0.13655988961459878,0.2909786896464161,0,0,0,0
0,0.09838332011565544,0.3633915173267293,0.07431499903070728,0.37265323151672886,0,0,0,0
0,0.0035957297749159177,0.11434388941453426,0.07431499903070728,0.23888391686748214,0,0,0,0
0,0.3143188646046257,0.4051406554060711,0.7119238007333535,0.37265323151672886,0,0,1,0
0,0.05046354478581938,0.20059401045370845,0.13655988961459878,0.2909786896464161,0,0,0,0
1,0.8917841913709357,0.8813561007470441,0.9369658288621653,0.9479097084107246,1,1,1,1
0,0.20274633699218242,0.24515792646155068,0.07103470408429507,0.23888391686748214,0,0,0,0
0,0.9772656350032152,0.8260180680055531,0.7849054919390522,0.701098738389222,1,1,1,1
0,0.25595650011141746,0.5536355245697979,0.5234187052694159,0.37265323151672886,0,1,1,0
0,0.039090063084891026,0.20814390110139316,0.07431499903070728,0.15659063436336962,0,0,0,0
0,0.017156782999112035,0.2188652421182582,0.07431499903070728,0.37265323151672886,0,0,0,0
0,0.14217062014281398,0.37435632789077394,0.043146073851833694,0.23888391686748214,0,0,0,0
0,0.0443237313874473,0.20181743334127908,0.13655988961459878,0.2909786896464161,0,0,0,0
0,0.6784964534503612,0.4106237275640548,0.624061140007934,0.23888391686748214,1,0,1,0
0,0.11099666426845384,0.4400124030344972,0.07431499903070728,0.37265323151672886,0,0,0,0
0,0.07534614639696566,0.31937308715213725,0.07431499903070728,0.3978439138821537,0,0,0,0
0,0.1488279178760352,0.4475230790017896,0.13655988961459878,0.3978439138821537,0,0,0,0
0,0.036740448975894395,0.17422857706798295,0.13655988961459878,0.15659063436336962,0,0,0,0
0,0.03264552735761851,0.2439195832987046,0.07431499903070728,0.2909786896464161,0,0,0,0
0,0.07387039550627611,0.3907158295992473,0.07431499903070728,0.23888391686748214,0,0,0,0
0,0.033762737127183355,0.29770099132451966,0.07431499903070728,0.23888391686748214,0,0,0,0
0,0.2027031670032603,0.5701256369955695,0.07431499903070728,0.3978439138821537,0,1,0,0
0,0.13430568577027668,0.31601387770523093,0.4472301288753701,0.3978439138821537,0,0,0,0
0,0.1733120579685367,0.5134555966949517,0.07431499903070728,0.3978439138821537,0,1,0,0
0,0.37316582470714194,0.37906521800792903,0.4472301288753701,0.3978439138821537,0,0,0,0
0,0.03898813973170484,0.15017904598076767,0.13655988961459878,0.15659063436336962,0,0,0,0
0,0.39285212145183956,0.6189002046085876,0.13655988961459878,0.3978439138821537,0,1,0,0
0,0.416005281372669,0.30188938052006475,0.7119238007333535,0.37265323151672886,0,0,1,0
0,0.3592585741432396,0.4708840787948686,0.7119238007333535,0.37265323151672886,0,0,1,0
0,0.24512066916120448,0.19713643515060536,0.2843241992058826,0.15659063436336962,0,0,0,0
0,0.5728942080037059,0.32686918639298945,0.7849054919390522,0.3978439138821537,1,0,1,0
1,0.9996236982226393,0.6190715566805672,0.9249893275964554,0.3978439138821537,1,1,1,0
0,0.021076773749765822,0.1841589307328864,0.07431499903070728,0.15659063436336962,0,0,0,0
0,0.7808124030665549,0.7921303091259964,0.5234187052694159,0.701098738389222,1,1,1,1
0,0.5141880767603795,0.5105879239743659,0.5234187052694159,0.37265323151672886,1,1,1,0
0,0.9941270799693669,0.6608995457701472,0.9249893275964554,0.701098738389222,1,1,1,1
0,0.0992756112063861,0.338242899920128,0.13655988961459878,0.3978439138821537,0,0,0,0
1,0.88493042498154,0.4207447953416668,0.8761146978001559,0.701098738389222,1,0,1,1
0,0.11850394772419459,0.44076050561108115,0.07431499903070728,0.3978439138821537,0,0,0,0
0,0.13996589497668577,0.3531780530010936,0.7119238007333535,0.4568734218781583,0,0,1,0
0,0.04612853793317364,0.3695357810534225,0.07431499903070728,0.4568734218781583,0,0,0,0
1,0.4125171825350721,0.5883756187357245,0.7119238007333535,0.701098738389222,0,1,1,1
1,0.348448134766832,0.49388302995745603,0.5234187052694159,0.6545986309349229,0,0,1,1
0,0.047494623430259654,0.22480991306326942,0.13655988961459878,0.47969074013403357,0,0,0,0
0,0.22162525061824262,0.5583102948663411,0.07431499903070728,0.701098738389222,0,1,0,1
0,0.2909408799137398,0.5170779495180162,0.07431499903070728,0.701098738389222,0,1,0,1
0,0.4475534236799338,0.31799315891567714,0.33476237395442404,0.23888391686748214,0,0,0,0
1,0.9096861067876729,0.7912943077812299,0.4472301288753701,0.3978439138821537,1,1,0,0
0,0.38851833068675085,0.34521048727818043,0.07103470408429507,0.23888391686748214,0,0,0,0
0,0.04280557030022839,0.22857741539975876,0.043146073851833694,0.23888391686748214,0,0,0,0
0,0.8832977243679695,0.6366514989278211,0.7119238007333535,0.701098738389222,1,1,1,1
0,0.42865432842804996,0.3953853337074713,0.4472301288753701,0.3978439138821537,0,0,0,0
0,0.23559747206830103,0.504455172762908,0.13655988961459878,0.3978439138821537,0,1,0,0
0,0.1877511889486433,0.41091604199995824,0.13655988961459878,0.3978439138821537,0,0,0,0
0,0.2358112889995953,0.4152893621841602,0.5234187052694159,0.701098738389222,0,0,1,1
0,0.33246870479685625,0.5584709273314253,0.5234187052694159,0.701098738389222,0,1,1,1
0,0.057880006862397394,0.18873293679518235,0.13655988961459878,0.15659063436336962,0,0,0,0
0,0.09289207832204935,0.4078169517021186,0.5234187052694159,0.4568734218781583,0,0,1,0
0,0.07818802271732564,0.3551149550454488,0.07431499903070728,0.3978439138821537,0,0,0,0
0,0.08316008127199906,0.3428677136013806,0.13655988961459878,0.3978439138821537,0,0,0,0
0,0.1372743958903381,0.4333816195537768,0.07431499903070728,0.37265323151672886,0,0,0,0
0,0.33193005026079053,0.46897841983520944,0.13655988961459878,0.3978439138821537,0,0,0,0
0,0.3012227857817467,0.5512777137307554,0.07431499903070728,0.3978439138821537,0,1,0,0
1,0.7055672889699881,0.3739820520019146,0.624061140007934,0.23888391686748214,1,0,1,0
0,0.10946787449312771,0.3276742727106913,0.13655988961459878,0.2909786896464161,0,0,0,0
0,0.5722302509590299,0.7595448093209156,0.07431499903070728,0.701098738389222,1,1,0,1
0,0.052135378676038846,0.2829362714489885,0.07431499903070728,0.3978439138821537,0,0,0,0
0,0.029888193220689516,0.25897033721301393,0.07431499903070728,0.23888391686748214,0,0,0,0
0,0.02550052750895543,0.18443741541124184,0.07431499903070728,0.15659063436336962,0,0,0,0
0,0.2791458797200723,0.39180970741016435,0.4472301288753701,0.3978439138821537,0,0,0,0
0,0.23170659249427192,0.37422786388609613,0.13655988961459878,0.3978439138821537,0,0,0,0
0,0.10797949091299767,0.41112998112201216,0.13655988961459878,0.3978439138821537,0,0,0,0
0,0.35799831676689187,0.5299515242057274,0.5234187052694159,0.701098738389222,0,1,1,1
0,0.37709504266462984,0.5165312118598611,0.13655988961459878,0.808688118677574,0,1,0,1
0,0.20595834137809566,0.32752395155717795,0.13655988961459878,0.3978439138821537,0,0,0,0
0,0.18304118377440465,0.38859384000475483,0.5234187052694159,0.701098738389222,0,0,1,1
0,0.7006862111240265,0.547248536045732,0.4472301288753701,0.3978439138821537,1,1,0,0
0,0.5989927898712868,0.3569538870467095,0.7849054919390522,0.3978439138821537,1,0,1,0
0,0.0636159535633586,0.36042037491682183,0.07431499903070728,0.3978439138821537,0,0,0,0
0,0.24468959243587482,0.3718651154104317,0.07103470408429507,0.2909786896464161,0,0,0,0
0,0.5658562895045184,0.9182797326684485,0.5234187052694159,0.701098738389222,1,1,1,1
0,0.3459911763382141,0.620385977539342,0.5234187052694159,0.6545986309349229,0,1,1,1
0,0.08204744465672147,0.1717233657784661,0.07103470408429507,0.15659063436336962,0,0,0,0
0,0.11067108209496501,0.2236131732928465,0.07103470408429507,0.2909786896464161,0,0,0,0
0,0.22509958151451218,0.47783170584280565,0.5234187052694159,0.37265323151672886,0,0,1,0
0,0.0539312375205995,0.3346133162517268,0.07431499903070728,0.3978439138821537,0,0,0,0
0,0.09716648828047289,0.3361417150461261,0.13655988961459878,0.3978439138821537,0,0,0,0
0,0.09539362107644282,0.39181766138360774,0.07431499903070728,0.4568734218781583,0,0,0,0
1,0.9879427677601533,0.8647350009346254,0.8761146978001559,0.701098738389222,1,1,1,1
0,0.02558467481958543,0.27809047155668193,0.07431499903070728,0.4568734218781583,0,0,0,0
0,0.20542473068226078,0.5087529466596568,0.07431499903070728,0.37265323151672886,0,1,0,0
0,0.7938486876979568,0.38175042836223544,0.8761146978001559,0.3978439138821537,1,0,1,0
0,0.050407129530642705,0.2780242908396822,0.07431499903070728,0.23888391686748214,0,0,0,0
0,0.4799213640411359,0.5230149070475466,0.4472301288753701,0.3978439138821537,0,1,0,0
0,0.09144227521588649,0.3244213699559869,0.13655988961459878,0.3978439138821537,0,0,0,0
1,0.7284222529544533,0.29535846691366835,0.7616858140337348,0.2909786896464161,1,0,1,0
0,0.20773643194420224,0.4528217012419381,0.13655988961459878,0.3978439138821537,0,0,0,0
0,0.03335652784009848,0.1911889026016055,0.07431499903070728,0.15659063436336962,0,0,0,0
0,0.09834105904056707,0.36311698153140004,0.5234187052694159,0.4568734218781583,0,0,1,0
0,0.014470483105986327,0.192175998959938,0.07431499903070728,0.2909786896464161,0,0,0,0
0,0.5689569811036234,0.6666638496499769,0.5234187052694159,0.701098738389222,1,1,1,1
0,0.15725497656558282,0.5036223861429836,0.07431499903070728,0.4568734218781583,0,1,0,0
0,0.013878817464633786,0.16557644163348603,0.07431499903070728,0.23888391686748214,0,0,0,0
1,0.9484402600023963,0.8881797997876192,0.9602234262685618,0.9479097084107246,1,1,1,1
0,0.33225094980752146,0.5308072830901076,0.07431499903070728,0.3978439138821537,0,1,0,0
1,0.8023986966915074,0.41820808188900344,0.8761146978001559,0.4568734218781583,1,0,1,0
0,0.02566906496096372,0.20498077568643502,0.07431499903070728,0.23888391686748214,0,0,0,0
0,0.7134265843439773,0.7105025137687144,0.7119238007333535,0.701098738389222,1,1,1,1
0,0.10941021224404313,0.4731018378885692,0.07431499903070728,0.4568734218781583,0,0,0,0
0,0.4640298112366507,0.4080418765836869,0.4472301288753701,0.3978439138821537,0,0,0,0
0,0.0995670499780943,0.3598369846584454,0.5234187052694159,0.4568734218781583,0,0,1,0
1,0.9598803281907954,0.7330618098353882,0.7849054919390522,0.701098738389222,1,1,1,1
0,0.1603908013583674,0.21087664121792218,0.07103470408429507,0.15659063436336962,0,0,0,0
0,0.15486461978849278,0.22043219573742914,0.07103470408429507,0.2909786896464161,0,0,0,0
0,0.036610955530668426,0.18065921428130835,0.4472301288753701,0.3978439138821537,0,0,0,0
0,0.20249414077551384,0.5395396011391872,0.07431499903070728,0.37265323151672886,0,1,0,0
0,0.030396580797688668,0.20242359961830536,0.07431499903070728,0.2909786896464161,0,0,0,0
0,0.13932075596116172,0.46102534319260696,0.07431499903070728,0.37265323151672886,0,0,0,0
0,0.012449686013970755,0.1621178784989695,0.07431499903070728,0.15659063436336962,0,0,0,0
0,0.19826901285181614,0.2997479040813481,0.07103470408429507,0.2909786896464161,0,0,0,0
0,0.09209905019009858,0.3682606027381356,0.07431499903070728,0.23888391686748214,0,0,0,0
1,0.8639941656028065,0.9098583040314673,0.7563345524221652,0.9479097084107246,1,1,1,1
0,0.5525966549831863,0.4388268303358217,0.4472301288753701,0.3978439138821537,1,0,0,0
0,0.0819786029679082,0.3842737467996004,0.07431499903070728,0.3978439138821537,0,0,0,0
0,0.13391904620691847,0.5743375762004176,0.07431499903070728,0.4568734218781583,0,1,0,0
0,0.06177908367803963,0.36639726539982176,0.07431499903070728,0.3978439138821537,0,0,0,0
0,0.5707885327991594,0.6911292749940948,0.07431499903070728,0.701098738389222,1,1,0,1
0,0.05349427843656776,0.18330003973082554,0.07103470408429507,0.2909786896464161,0,0,0,0
1,0.9928996775916868,0.23205939658003555,0.8797509975750424,0.23888391686748214,1,0,1,0
0,0.09218797389963704,0.224145076083201,0.07103470408429507,0.2909786896464161,0,0,0,0
0,0.1770300481313241,0.5243244587743251,0.07431499903070728,0.37265323151672886,0,1,0,0
0,0.018321042034841126,0.13199310147418483,0.13655988961459878,0.15659063436336962,0,0,0,0
1,0.8117962832871565,0.735527073328438,0.7119238007333535,0.701098738389222,1,1,1,1
0,0.02028124426098456,0.17263165248991968,0.07431499903070728,0.15659063436336962,0,0,0,0
0,0.5522420944789542,0.4035446543061491,0.7119238007333535,0.701098738389222,1,0,1,1
0,0.7365135878073902,0.5103119728818764,0.7119238007333535,0.701098738389222,1,1,1,1
0,0.4466695670910802,0.40776584984021413,0.7119238007333535,0.701098738389222,0,0,1,1
1,0.8953202348466646,0.5199464482329148,0.8761146978001559,0.4568734218781583,1,1,1,0
0,0.25329632635671634,0.5946398850269536,0.07431499903070728,0.3978439138821537,0,1,0,0
0,0.099372671176791,0.45434566512912217,0.07431499903070728,0.4568734218781583,0,0,0,0
0,0.7592354852308985,0.3718782123263804,0.7616858140337348,0.2909786896464161,1,0,1,0
0,0.09617247901365629,0.5085573950007922,0.07431499903070728,0.4568734218781583,0,1,0,0
0,0.3782002960946572,0.5425216166278544,0.13655988961459878,0.3978439138821537,0,1,0,0
0,0.20465132177663586,0.4371633319294301,0.07431499903070728,0.701098738389222,0,0,0,1
0,0.6187422566296387,0.5420867564095013,0.4472301288753701,0.3978439138821537,1,1,0,0
0,0.17910395935505152,0.5104233259382744,0.07431499903070728,0.37265323151672886,0,1,0,0
0,0.08735075824112505,0.33963471274603085,0.07431499903070728,0.23888391686748214,0,0,0,0
0,0.12278321005356893,0.3685455711503392,0.13655988961459878,0.3978439138821537,0,0,0,0
0,0.5638792849178318,0.736667578568109,0.07431499903070728,0.701098738389222,1,1,0,1
0,0.5694001293204105,0.19632299866578554,0.7616858140337348,0.15659063436336962,1,0,1,0
0,0.0557702207002478,0.21841139823849962,0.7119238007333535,0.37265323151672886,0,0,1,0
0,0.008065841023018085,0.11938766515463498,0.07431499903070728,0.15659063436336962,0,0,0,0
0,0.02800777407312709,0.22510489268471232,0.07431499903070728,0.2909786896464161,0,0,0,0
1,0.8462711503586172,0.8535248653283316,0.5234187052694159,0.701098738389222,1,1,1,1
0,0.2664995006292623,0.4679847081874121,0.07431499903070728,0.3978439138821537,0,0,0,0
0,0.1019788768857795,0.15945748241041502,0.07103470408429507,0.15659063436336962,0,0,0,0
0,0.776133291389653,0.45532530729175685,0.4472301288753701,0.3978439138821537,1,0,0,0
0,0.04821971383780107,0.35526426828175733,0.07431499903070728,0.701098738389222,0,0,0,1
0,0.17033593947660616,0.4497404832071109,0.07431499903070728,0.3978439138821537,0,0,0,0
0,0.02073907251633253,0.20593335144647998,0.07431499903070728,0.15659063436336962,0,0,0,0
0,0.43449117509813395,0.508868819205596,0.5234187052694159,0.701098738389222,0,1,1,1
0,0.14395691619755785,0.37038611908475,0.5234187052694159,0.4568734218781583,0,0,1,0
0,0.14642992776545768,0.3855267362393269,0.07431499903070728,0.3978439138821537,0,0,0,0
0,0.07906567067306161,0.12867891715975543,0.641289481962736,0.23888391686748214,0,0,1,0
0,0.06351206471336246,0.3000229845067585,0.07431499903070728,0.2909786896464161,0,0,0,0
0,0.015451691732966032,0.24126070242044995,0.07431499903070728,0.3978439138821537,0,0,0,0
0,0.20310264360321936,0.6463944253334963,0.4986819481082508,0.2909786896464161,0,1,0,0
0,0.08127562090569863,0.39964750405441435,0.07431499903070728,0.4568734218781583,0,0,0,0
0,0.03210540445826193,0.1913095760355316,0.13655988961459878,0.15659063436336962,0,0,0,0
0,0.14098713568847526,0.4007664745102384,0.13655988961459878,0.3978439138821537,0,0,0,0
0,0.3222774909296042,0.5555729174509074,0.07431499903070728,0.3978439138821537,0,1,0,0
0,0.6260042244037246,0.5484156975661747,0.4472301288753701,0.3978439138821537,1,1,0,0
0,0.23183956389031452,0.4861062011602031,0.07431499903070728,0.37265323151672886,0,0,0,0
0,0.7033284251172337,0.7008303607415468,0.7119238007333535,0.701098738389222,1,1,1,1
0,0.13630616421001757,0.4822374218164936,0.07431499903070728,0.4568734218781583,0,0,0,0
0,0.038969830805362114,0.14482892200060857,0.07103470408429507,0.2909786896464161,0,0,0,0
0,0.18521942887799758,0.2753282889657067,0.7119238007333535,0.37265323151672886,0,0,1,0
0,0.17452607951984098,0.4825583709627886,0.07431499903070728,0.37265323151672886,0,0,0,0
0,0.6239403372123292,0.7972364043470211,0.7512025309012217,0.701098738389222,1,1,1,1
0,0.04970529153113834,0.216622041240755,0.13655988961459878,0.2909786896464161,0,0,0,0
0,0.03866937240370083,0.12144341243535639,0.07103470408429507,0.15659063436336962,0,0,0,0
0,0.4673841723955283,0.5818053763542284,0.13655988961459878,0.3978439138821537,0,1,0,0
1,0.9941779193562977,0.9724338967016647,0.9602234262685618,0.9479097084107246,1,1,1,1
0,0.7084467767718241,0.4195584957645716,0.7849054919390522,0.3978439138821537,1,0,1,0
0,0.189293055522108,0.3669553764634184,0.07103470408429507,0.23888391686748214,0,0,0,0
1,0.6942825769639235,0.1536171293691005,0.8797509975750424,0.15659063436336962,1,0,1,0
0,0.22663522702191413,0.46327747902141664,0.13655988961459878,0.3978439138821537,0,0,0,0
0,0.33708842234559117,0.6383191857922007,0.07431499903070728,0.701098738389222,0,1,0,1
0,0.3342063963724593,0.48329839997030294,0.5234187052694159,0.37265323151672886,0,0,1,0
1,0.9998343423079497,0.20109501954632691,0.8797509975750424,0.2909786896464161,1,0,1,0
1,0.1927135822935811,0.3350915176441087,0.4472301288753701,0.3978439138821537,0,0,0,0
0,0.20529624573300215,0.5209986127483098,0.07431499903070728,0.701098738389222,0,1,0,1
0,0.3409465258169803,0.3897851237800734,0.7119238007333535,0.37265323151672886,0,0,1,0
0,0.5811526087426185,0.44446288098495074,0.7119238007333535,0.701098738389222,1,0,1,1
0,0.189530533318399,0.39487439484686326,0.07431499903070728,0.3978439138821537,0,0,0,0
0,0.2051699397352178,0.3047189823010234,0.7119238007333535,0.4568734218781583,0,0,1,0
0,0.02898159768423337,0.1518871637576027,0.13655988961459878,0.15659063436336962,0,0,0,0
0,0.8257523196966099,0.7770214871401241,0.7119238007333535,0.701098738389222,1,1,1,1
0,0.13461932731159812,0.5472854561196031,0.07431499903070728,0.3978439138821537,0,1,0,0
0,0.09251358462286859,0.4029718812612889,0.07431499903070728,0.3978439138821537,0,0,0,0
0,0.522804134945785,0.5949720099775988,0.7119238007333535,0.4568734218781583,1,1,1,0
0,0.030570895509042698,0.12279841392679915,0.07103470408429507,0.15659063436336962,0,0,0,0
0,0.34981806410765187,0.5386598751477372,0.13655988961459878,0.3978439138821537,0,1,0,0
0,0.0667156024000916,0.36366064515873586,0.07431499903070728,0.37265323151672886,0,0,0,0
0,0.7331282937107889,0.3458231668743628,0.7849054919390522,0.701098738389222,1,0,1,1
0,0.14696927739100055,0.4570718136010108,0.07431499903070728,0.37265323151672886,0,0,0,0
0,0.2828190598507203,0.5563257112601869,0.07431499903070728,0.701098738389222,0,1,0,1
1,0.3044961088960141,0.24127643959136083,0.641289481962736,0.23888391686748214,0,0,1,0
0,0.29757104742981305,0.48727262274849015,0.13655988961459878,0.3978439138821537,0,0,0,0
0,0.9812804329716626,0.43644852838718384,0.9249893275964554,0.4568734218781583,1,0,1,0
0,0.05848723377390119,0.3405532482193078,0.07431499903070728,0.2909786896464161,0,0,0,0
0,0.1561144877032074,0.40958747349850316,0.13655988961459878,0.3978439138821537,0,0,0,0
0,0.1814717819900057,0.43817658254620706,0.07431499903070728,0.6545986309349229,0,0,0,1
0,0.0910196970886959,0.3745662096526503,0.5234187052694159,0.4568734218781583,0,0,1,0
0,0.021757204875561664,0.26920451620208796,0.07431499903070728,0.23888391686748214,0,0,0,0
0,0.9212502883176585,0.25305508795463266,0.8797509975750424,0.2909786896464161,1,0,1,0
0,0.8676129028956101,0.6399851694813518,0.7849054919390522,0.701098738389222,1,1,1,1
0,0.5442556786439537,0.6339723009091858,0.5234187052694159,0.701098738389222,1,1,1,1
0,0.2489950231405771,0.2839642327323359,0.07103470408429507,0.15659063436336962,0,0,0,0
0,0.19595667599115663,0.38624752005677215,0.13655988961459878,0.3978439138821537,0,0,0,0
0,0.23183580496560854,0.4199155087393879,0.7119238007333535,0.4568734218781583,0,0,1,0
0,0.21550383963921713,0.4010533032441118,0.13655988961459878,0.2909786896464161,0,0,0,0
1,0.36647828345929917,0.43722050876780283,0.07103470408429507,0.23888391686748214,0,0,0,0
0,0.027489144818361993,0.15389412944704695,0.13655988961459878,0.15659063436336962,0,0,0,0
0,0.9587565113906421,0.4079863844304649,0.9249893275964554,0.37265323151672886,1,0,1,0
1,0.9124871916545274,0.5504029114088067,0.8761146978001559,0.37265323151672886,1,1,1,0
0,0.04304949951192542,0.14920029031088516,0.13655988961459878,0.15659063436336962,0,0,0,0
0,0.23673984577647836,0.39334848601773187,0.5234187052694159,0.701098738389222,0,0,1,1
0,0.08452109375365714,0.3889136657112244,0.07431499903070728,0.3978439138821537,0,0,0,0
0,0.06178357326730587,0.2633526436584845,0.13655988961459878,0.3978439138821537,0,0,0,0
0,0.06329811602714143,0.3770124812017369,0.07431499903070728,0.37265323151672886,0,0,0,0
0,0.24321778076334016,0.14879589126391726,0.624061140007934,0.23888391686748214,0,0,1,0
0,0.34860944096295865,0.554852774314558,0.07431499903070728,0.3978439138821537,0,1,0,0
0,0.1759889288590699,0.4792238030676504,0.07431499903070728,0.701098738389222,0,0,0,1
0,0.026904688458241895,0.10830310085837358,0.07103470408429507,0.15659063436336962,0,0,0,0
0,0.1738323977133551,0.44654566467124474,0.5234187052694159,0.37265323151672886,0,0,1,0
0,0.04580784927277164,0.23714194439072442,0.13655988961459878,0.23888391686748214,0,0,0,0
0,0.023563738395217363,0.20076542276760231,0.07431499903070728,0.2909786896464161,0,0,0,0
1,0.5536995415588057,0.3627947064174871,0.7849054919390522,0.37265323151672886,1,0,1,0
0,0.07711150669413191,0.3728035841335366,0.13655988961459878,0.3978439138821537,0,0,0,0
0,0.47077073289988486,0.4064909973542898,0.4472301288753701,0.3978439138821537,0,0,0,0
0,0.2026030107630092,0.5582493783406112,0.07431499903070728,0.37265323151672886,0,1,0,0
0,0.36757291007664844,0.5445469681101258,0.4472301288753701,0.3978439138821537,0,1,0,0
0,0.29068101236282406,0.16535686051524126,0.624061140007934,0.15659063436336962,0,0,1,0
0,0.787837501471653,0.592651986870445,0.5234187052694159,0.701098738389222,1,1,1,1
0,0.0665423256111801,0.43103307611595487,0.07431499903070728,0.3978439138821537,0,0,0,0
0,0.03314277058420851,0.182079510304863,0.043146073851833694,0.15659063436336962,0,0,0,0
0,0.04384981693634952,0.2969426412509263,0.07431499903070728,0.2909786896464161,0,0,0,0
0,0.18962545743913306,0.38401451125469915,0.13655988961459878,0.3978439138821537,0,0,0,0
0,0.8053238042656788,0.6977244354319417,0.7119238007333535,0.701098738389222,1,1,1,1
0,0.021162869182062307,0.20733080716513064,0.07431499903070728,0.15659063436336962,0,0,0,0
0,0.14217007308396767,0.42099208123100423,0.07431499903070728,0.3978439138821537,0,0,0,0
0,0.027035299864231848,0.17195534845708424,0.13655988961459878,0.15659063436336962,0,0,0,0
1,0.8879223783052669,0.9388093279241672,0.0,0.0,1,1,0,0
0,0.30560708748658927,0.44271626367770817,0.13655988961459878,0.3978439138821537,0,0,0,0
0,0.1620984591980068,0.3967423181914044,0.07431499903070728,0.701098738389222,0,0,0,1
0,0.17842890729983826,0.4820261148868541,0.13655988961459878,0.3978439138821537,0,0,0,0
0,0.14609430299839837,0.4392875555883674,0.5234187052694159,0.4568734218781583,0,0,1,0
0,0.018081970881178248,0.19090632136228927,0.07431499903070728,0.15659063436336962,0,0,0,0
0,0.0028888898805963133,0.13766788017272327,0.07431499903070728,0.3978439138821537,0,0,0,0
0,0.07011721568992858,0.40802027026520005,0.07431499903070728,0.3978439138821537,0,0,0,0
1,0.7905332940633096,0.8411378964290133,0.5234187052694159,0.701098738389222,1,1,1,1
0,0.02934124844063713,0.16925439021600686,0.13655988961459878,0.15659063436336962,0,0,0,0
0,0.008582806414918832,0.13241164217818355,0.07431499903070728,0.15659063436336962,0,0,0,0
0,0.5142538362710294,0.6467056162134595,0.07431499903070728,0.3978439138821537,1,1,0,0
0,0.019123077342595215,0.19729173000844769,0.5234187052694159,0.37265323151672886,0,0,1,0
0,0.20880416567458224,0.5254207549538605,0.07431499903070728,0.701098738389222,0,1,0,1
0,0.053773605538291566,0.27398454177576104,0.07431499903070728,0.23888391686748214,0,0,0,0
0,0.24396577829633606,0.479341444369177,0.5234187052694159,0.4568734218781583,0,0,1,0
0,0.7091246955181557,0.4850600783433551,0.4472301288753701,0.3978439138821537,1,0,0,0
0,0.30764980868629505,0.2728302846843143,0.2843241992058826,0.2909786896464161,0,0,0,0
0,0.02216224596333975,0.20392600320643595,0.07431499903070728,0.15659063436336962,0,0,0,0
0,0.5303629807388216,0.808674678084671,0.07431499903070728,0.701098738389222,1,1,0,1
0,0.13490683996556302,0.48619972236892234,0.07431499903070728,0.4568734218781583,0,0,0,0
0,0.05981689196656083,0.31658722376208853,0.07431499903070728,0.3978439138821537,0,0,0,0
0,0.027560794090486427,0.314113023507904,0.07431499903070728,0.3978439138821537,0,0,0,0
0,0.07559149231999016,0.3194182283428542,0.07431499903070728,0.3978439138821537,0,0,0,0
0,0.24526433569650555,0.4123776153413365,0.13655988961459878,0.3978439138821537,0,0,0,0
1,0.9511339674467035,0.3649717526493104,0.9249893275964554,0.701098738389222,1,0,1,1
0,0.4057891347908239,0.40073919516486634,0.07103470408429507,0.2909786896464161,0,0,0,0
0,0.6069066430967358,0.8068929602954718,0.07431499903070728,0.701098738389222,1,1,0,1
0,0.7459615108240221,0.5483454547809715,0.7119238007333535,0.701098738389222,1,1,1,1
0,0.33028339001099055,0.5830197998587864,0.4986819481082508,0.3978439138821537,0,1,0,0
0,0.058339254413344845,0.3509888502776923,0.07431499903070728,0.3978439138821537,0,0,0,0
0,0.2151411063501484,0.49593237452973765,0.07431499903070728,0.37265323151672886,0,0,0,0
0,0.0062590657990596816,0.12034034281135511,0.07431499903070728,0.15659063436336962,0,0,0,0
0,0.668832267141947,0.4561774240776703,0.624061140007934,0.2909786896464161,1,0,1,0
0,0.35830589583300937,0.43698000305959217,0.7119238007333535,0.37265323151672886,0,0,1,0
1,0.9555272933352819,0.9403566906003786,0.9602234262685618,0.9269601406234662,1,1,1,1
0,0.6141968870089393,0.7112071575154612,0.07431499903070728,0.701098738389222,1,1,0,1
0,0.0050921218033594335,0.10420798693975272,0.07431499903070728,0.15659063436336962,0,0,0,0
0,0.2678521987400397,0.5522926034382662,0.07431499903070728,0.37265323151672886,0,1,0,0
0,0.9694228855128347,0.8951338876032333,0.7119238007333535,0.701098738389222,1,1,1,1
0,0.04748309776292042,0.18621298517326756,0.13655988961459878,0.2909786896464161,0,0,0,0
0,0.17529323019822457,0.5350576244150126,0.07431499903070728,0.3978439138821537,0,1,0,0
0,0.06372492302474381,0.1674726795169358,0.07103470408429507,0.15659063436336962,0,0,0,0
0,0.026412347947915832,0.15578280657853288,0.13655988961459878,0.15659063436336962,0,0,0,0
0,0.1929342541843601,0.4764169056232736,0.13655988961459878,0.3978439138821537,0,0,0,0
0,0.0843830961391019,0.27385395392604783,0.07431499903070728,0.3978439138821537,0,0,0,0
0,0.021464813776788202,0.21358539399777537,0.07431499903070728,0.37265323151672886,0,0,0,0
0,0.7465820164193789,0.46504876802239997,0.7849054919390522,0.4568734218781583,1,0,1,0
0,0.08767127040684883,0.30705320628185284,0.13655988961459878,0.2909786896464161,0,0,0,0
0,0.16558768849206007,0.3868793563903425,0.5234187052694159,0.37265323151672886,0,0,1,0
0,0.1253872982438284,0.3694409671275208,0.07431499903070728,0.3978439138821537,0,0,0,0
1,0.9852146386233157,0.9756930054689408,0.9369658288621653,0.9479097084107246,1,1,1,1
0,0.05925259026984971,0.3731760213678343,0.07431499903070728,0.4568734218781583,0,0,0,0
0,0.02254227618359844,0.232058028038583,0.07431499903070728,0.2909786896464161,0,0,0,0
0,0.5895169766888844,0.6099284070529476,0.7119238007333535,0.4568734218781583,1,1,1,0
0,0.12356586744695197,0.38266279760063066,0.13655988961459878,0.3978439138821537,0,0,0,0
0,0.9060624281464328,0.8192601987255956,0.7119238007333535,0.701098738389222,1,1,1,1
0,0.5930927797450134,0.7260164355603702,0.5234187052694159,0.701098738389222,1,1,1,1
1,0.8748782421514247,0.374287261344987,0.8761146978001559,0.3978439138821537,1,0,1,0
1,0.9999865193158504,0.35582904524409015,0.9249893275964554,0.3978439138821537,1,0,1,0
0,0.2639591692058583,0.4722252919880976,0.13655988961459878,0.3978439138821537,0,0,0,0
0,0.3339992329224475,0.4992628369436661,0.13655988961459878,0.3978439138821537,0,0,0,0
0,0.15985190722568382,0.6300113923489465,0.07431499903070728,0.701098738389222,0,1,0,1
0,0.030909815200944123,0.16918771655080028,0.13655988961459878,0.15659063436336962,0,0,0,0
0,0.17959916388556818,0.4341533903023697,0.043146073851833694,0.2909786896464161,0,0,0,0
0,0.06836589914235312,0.3474841034494628,0.07431499903070728,0.3978439138821537,0,0,0,0
0,0.07484743892196528,0.24529825204347713,0.07431499903070728,0.3978439138821537,0,0,0,0
0,0.05595025922370901,0.28861489033704574,0.07431499903070728,0.3978439138821537,0,0,0,0
1,0.7758710655193956,0.576898535153453,0.7849054919390522,0.4568734218781583,1,1,1,0
0,0.1831771249932838,0.4743728993470224,0.13655988961459878,0.3978439138821537,0,0,0,0
0,0.18340502689761629,0.4104026863449757,0.5234187052694159,0.37265323151672886,0,0,1,0
0,0.32495412321043327,0.4477208073453174,0.13655988961459878,0.3978439138821537,0,0,0,0
0,0.22323211870790283,0.3292270524088616,0.07103470408429507,0.23888391686748214,0,0,0,0
0,0.048262635574574046,0.3691187884346895,0.07431499903070728,0.2909786896464161,0,0,0,0
0,0.11865379461492649,0.36987775260382133,0.07431499903070728,0.23888391686748214,0,0,0,0
0,0.07129313789642402,0.3757851081094767,0.07431499903070728,0.3978439138821537,0,0,0,0
0,0.04676266825127679,0.17594275706411705,0.13655988961459878,0.15659063436336962,0,0,0,0
0,0.019996272032466317,0.16124533766321741,0.07431499903070728,0.15659063436336962,0,0,0,0
0,0.3256374079337004,0.5578608733136646,0.07431499903070728,0.3978439138821537,0,1,0,0
0,0.886577356915652,0.5671089968246239,0.7849054919390522,0.701098738389222,1,1,1,1
0,0.0484069350543125,0.2548211436141107,0.07431499903070728,0.15659063436336962,0,0,0,0
0,0.07678363978195629,0.41396852572585424,0.07431499903070728,0.3978439138821537,0,0,0,0
0,0.6661484203861735,0.5006306838822533,0.7119238007333535,0.37265323151672886,1,1,1,0
0,0.08783156060008017,0.3609949722787969,0.07431499903070728,0.701098738389222,0,0,0,1
0,0.09052602475743904,0.27962730222499416,0.13655988961459878,0.23888391686748214,0,0,0,0
1,0.346821701462867,0.5450687982503268,0.13655988961459878,0.3978439138821537,0,1,0,0
0,0.5637733510831195,0.7092173891164832,0.07431499903070728,0.701098738389222,1,1,0,1
0,0.12048999261302915,0.40592411677225443,0.07431499903070728,0.3978439138821537,0,0,0,0
0,0.09005077536780352,0.19101537396526724,0.07103470408429507,0.15659063436336962,0,0,0,0
0,0.8414848351867553,0.6798517269081898,0.7119238007333535,0.701098738389222,1,1,1,1
0,0.4034776629698869,0.4103298541039358,0.7119238007333535,0.4568734218781583,0,0,1,0
0,0.2864668564153207,0.5373971258450085,0.07431499903070728,0.701098738389222,0,1,0,1
0,0.23416689590908413,0.43140036571231105,0.5234187052694159,0.701098738389222,0,0,1,1
0,0.22981086919741067,0.4719845135478715,0.13655988961459878,0.3978439138821537,0,0,0,0
0,0.6024837368513601,0.30011394952584264,0.8761146978001559,0.3978439138821537,1,0,1,0
0,0.03326349122824227,0.16905691703499823,0.13655988961459878,0.15659063436336962,0,0,0,0
0,0.24162467376026417,0.38715342940513664,0.13655988961459878,0.3978439138821537,0,0,0,0
0,0.08502442260999715,0.22870424708265355,0.13655988961459878,0.2909786896464161,0,0,0,0
0,0.11204283971582861,0.3456601694961624,0.13655988961459878,0.3978439138821537,0,0,0,0
0,0.08144805992508912,0.3373572838829303,0.5234187052694159,0.37265323151672886,0,0,1,0
0,0.01955067040043631,0.16836000685130922,0.07431499903070728,0.15659063436336962,0,0,0,0
0,0.3115417798285252,0.3577722052311203,0.07103470408429507,0.23888391686748214,0,0,0,0
1,0.6060226125882807,0.7192958642472171,0.5234187052694159,0.701098738389222,1,1,1,1
0,0.14982241818890168,0.38315017050384986,0.07431499903070728,0.3978439138821537,0,0,0,0
1,0.9221376533218414,0.2743308211767668,0.9249893275964554,0.3978439138821537,1,0,1,0
0,0.6854984201642941,0.4811244980907881,0.7849054919390522,0.4568734218781583,1,0,1,0
0,0.029220392215497173,0.27263413296882566,0.07431499903070728,0.3978439138821537,0,0,0,0
1,0.8846608365896943,0.9034419952329321,0.9369658288621653,0.9479097084107246,1,1,1,1
0,0.061718189334626285,0.37388763871728087,0.07431499903070728,0.2909786896464161,0,0,0,0
0,0.21007315262204174,0.4266363929104882,0.5234187052694159,0.701098738389222,0,0,1,1
0,0.07268333607015717,0.3898679171716254,0.07431499903070728,0.3978439138821537,0,0,0,0
0,0.07995813229717445,0.17531677661143094,0.07103470408429507,0.15659063436336962,0,0,0,0
0,0.008478790509630752,0.18426634683061513,0.07431499903070728,0.3978439138821537,0,0,0,0
0,0.25209404310280814,0.5828783425095974,0.07431499903070728,0.3978439138821537,0,1,0,0
0,0.14310640119236145,0.4897795633922273,0.07431499903070728,0.4568734218781583,0,0,0,0
0,0.18195820421735065,0.4670305455261306,0.07431499903070728,0.37265323151672886,0,0,0,0
0,0.05604460471215457,0.27313618916225446,0.07431499903070728,0.23888391686748214,0,0,0,0
0,0.40469161895355615,0.19929676138430893,0.7616858140337348,0.15659063436336962,0,0,1,0
1,0.32305667195869664,0.40555598877772164,0.4472301288753701,0.3978439138821537,0,0,0,0
0,0.19511506800255812,0.3905578467537289,0.13655988961459878,0.3978439138821537,0,0,0,0
0,0.17084981938679694,0.5496196742575552,0.07431499903070728,0.701098738389222,0,1,0,1
0,0.8255589285515345,0.3605526071791857,0.8761146978001559,0.3978439138821537,1,0,1,0
0,0.3505006241491259,0.49881985880256086,0.4472301288753701,0.3978439138821537,0,0,0,0
0,0.9795134189316029,0.15279842119276188,0.8797509975750424,0.15659063436336962,1,0,1,0
0,0.18520538313625223,0.5214137445244031,0.07431499903070728,0.4568734218781583,0,1,0,0
0,0.25452898246423034,0.5169197890049267,0.5234187052694159,0.37265323151672886,0,1,1,0
0,0.03333353578592123,0.18734069296585876,0.07431499903070728,0.15659063436336962,0,0,0,0
0,0.023761413076315917,0.24840243352790742,0.07431499903070728,0.2909786896464161,0,0,0,0
0,0.19929829836616364,0.3590218689351409,0.13655988961459878,0.3978439138821537,0,0,0,0
0,0.8077484539770958,0.5688848097181766,0.7119238007333535,0.701098738389222,1,1,1,1
0,0.05692031056139107,0.32219023851012046,0.07431499903070728,0.3978439138821537,0,0,0,0
0,0.1604523200724125,0.384816832521898,0.13655988961459878,0.3978439138821537,0,0,0,0
0,0.0553127558629451,0.2501184319109433,0.07431499903070728,0.23888391686748214,0,0,0,0
0,0.1638256166506173,0.3756334028423388,0.07431499903070728,0.3978439138821537,0,0,0,0
0,0.4301011542138656,0.2587836605601567,0.7849054919390522,0.3978439138821537,0,0,1,0
0,0.09710879330992384,0.30016322660914296,0.7119238007333535,0.4568734218781583,0,0,1,0
0,0.19590389412842493,0.35546765136014424,0.043146073851833694,0.23888391686748214,0,0,0,0
0,0.2646150618148484,0.4291597971976765,0.5234187052694159,0.37265323151672886,0,0,1,0
0,0.4022155303109012,0.5316004037598147,0.4472301288753701,0.3978439138821537,0,1,0,0
0,0.4437393295249148,0.4371836132120899,0.4472301288753701,0.3978439138821537,0,0,0,0
0,0.44454425572314815,0.5785382765425411,0.13655988961459878,0.3978439138821537,0,1,0,0
0,0.21708669414105336,0.47411538506978324,0.07431499903070728,0.701098738389222,0,0,0,1
0,0.5813725959178342,0.5940948192654704,0.07431499903070728,0.3978439138821537,1,1,0,0
0,0.9705506837362136,0.5650047731916139,0.8761146978001559,0.3978439138821537,1,1,1,0
0,0.04576677246507726,0.3235948359671216,0.07431499903070728,0.3978439138821537,0,0,0,0
1,0.5817506745214204,0.6029095363723923,0.7119238007333535,0.701098738389222,1,1,1,1
1,0.39116300430641804,0.36674834252186456,0.7119238007333535,0.701098738389222,0,0,1,1
0,0.13652291962091356,0.37743413884966964,0.5234187052694159,0.37265323151672886,0,0,1,0
0,0.9028171048726885,0.955663551501936,0.7563345524221652,0.9479097084107246,1,1,1,1
0,0.3766241566206749,0.5612940875379206,0.5234187052694159,0.6545986309349229,0,1,1,1
0,0.03869318368454765,0.25208402059422647,0.07431499903070728,0.15659063436336962,0,0,0,0
0,0.09784623768093191,0.30061102608508095,0.13655988961459878,0.2909786896464161,0,0,0,0
1,0.9344977830378115,0.9376945134622287,0.9369658288621653,0.9479097084107246,1,1,1,1
0,0.21856988970434527,0.48158734504721745,0.07431499903070728,0.37265323151672886,0,0,0,0
0,0.01129779986921824,0.14869316996648307,0.07431499903070728,0.15659063436336962,0,0,0,0
0,0.5315925168491794,0.781664831650505,0.07431499903070728,0.701098738389222,1,1,0,1
0,0.10187366106995396,0.33747711965727173,0.07431499903070728,0.23888391686748214,0,0,0,0
0,0.07079479034713548,0.2858735559092351,0.07431499903070728,0.701098738389222,0,0,0,1
0,0.11047925462327904,0.3793724117530393,0.07431499903070728,0.3978439138821537,0,0,0,0
0,0.9287085031247212,0.48204064006132513,0.8761146978001559,0.3978439138821537,1,0,1,0
0,0.33011527820614545,0.5882152008885588,0.5234187052694159,0.701098738389222,0,1,1,1
0,0.04907862544633365,0.22626639466272877,0.13655988961459878,0.2909786896464161,0,0,0,0
0,0.6148652129241308,0.6990733683930802,0.5234187052694159,0.701098738389222,1,1,1,1
0,0.9093173062494736,0.3533532108983827,0.8797509975750424,0.23888391686748214,1,0,1,0
1,0.9656752112968296,0.9671293435520096,0.9369658288621653,0.9479097084107246,1,1,1,1
0,0.0896067542163735,0.4337672120843739,0.5234187052694159,0.4568734218781583,0,0,1,0
1,0.7273563653651315,0.6468620881486103,0.7119238007333535,0.701098738389222,1,1,1,1
0,0.12684660557175634,0.5026305732486621,0.07431499903070728,0.701098738389222,0,1,0,1
0,0.4617808932885742,0.6723822911178808,0.5234187052694159,0.4568734218781583,0,1,1,0
0,0.18521853492530932,0.40090470130186473,0.5234187052694159,0.37265323151672886,0,0,1,0
0,0.25811605484873373,0.3826882701766469,0.7119238007333535,0.701098738389222,0,0,1,1
0,0.18684090497986774,0.5230064766486006,0.07431499903070728,0.37265323151672886,0,1,0,0
0,0.3418965530315693,0.5743027490988448,0.5234187052694159,0.701098738389222,0,1,1,1
0,0.025738910544943604,0.25675601222629063,0.07431499903070728,0.23888391686748214,0,0,0,0
0,0.01706803251031441,0.1611381110496144,0.07431499903070728,0.15659063436336962,0,0,0,0
0,0.19821541659342065,0.44670352312284795,0.5234187052694159,0.37265323151672886,0,0,1,0
0,0.9407880028721742,0.7483580432588735,0.7849054919390522,0.701098738389222,1,1,1,1
0,0.15730929525021706,0.36722265367299045,0.5234187052694159,0.37265323151672886,0,0,1,0
0,0.0922189277748474,0.4159394889459764,0.07431499903070728,0.37265323151672886,0,0,0,0
0,0.15621010614439584,0.37975203012322445,0.13655988961459878,0.3978439138821537,0,0,0,0
0,0.5447356973129329,0.49718424243150267,0.7119238007333535,0.4568734218781583,1,0,1,0
0,0.08438245757099042,0.18494444156903517,0.07103470408429507,0.23888391686748214,0,0,0,0
0,0.046770316786687124,0.3058987974998543,0.5234187052694159,0.4568734218781583,0,0,1,0
0,0.2434518427293671,0.5175041020034595,0.07431499903070728,0.3978439138821537,0,1,0,0
0,0.11626401283164937,0.23957166479252268,0.07103470408429507,0.2909786896464161,0,0,0,0
0,0.0324920513159645,0.2496164598781354,0.07431499903070728,0.2909786896464161,0,0,0,0
1,0.8788298017777508,0.5063699073350918,0.8761146978001559,0.3978439138821537,1,1,1,0
1,0.6166948629163792,0.637860684614363,0.13655988961459878,0.3978439138821537,1,1,0,0
0,0.19047418644464922,0.35084277231803496,0.7119238007333535,0.4568734218781583,0,0,1,0
0,0.038686660208594424,0.2274889581481407,0.07431499903070728,0.3978439138821537,0,0,0,0
0,0.49328251727241956,0.41523604492862737,0.4472301288753701,0.3978439138821537,0,0,0,0
0,0.08996399549182202,0.28140938846873315,0.13655988961459878,0.3978439138821537,0,0,0,0
0,0.034057261799963955,0.17306257286770435,0.13655988961459878,0.15659063436336962,0,0,0,0
0,0.1933664795489297,0.35544747040143776,0.13655988961459878,0.3978439138821537,0,0,0,0
0,0.4024863651548942,0.38040687079654545,0.7119238007333535,0.4568734218781583,0,0,1,0
0,0.3005741876831485,0.4815057938935404,0.13655988961459878,0.3978439138821537,0,0,0,0
0,0.1216789928452672,0.37223859381323027,0.07431499903070728,0.3978439138821537,0,0,0,0
1,0.41301920170599854,0.5601737086873676,0.5234187052694159,0.6545986309349229,0,1,1,1
0,0.11911950372409254,0.33941185557950276,0.13655988961459878,0.3978439138821537,0,0,0,0
0,0.18979521832304827,0.48072347016300093,0.07431499903070728,0.37265323151672886,0,0,0,0
0,0.01998714381153674,0.15037769833209655,0.13655988961459878,0.15659063436336962,0,0,0,0
0,0.5341984917662845,0.5981480466814197,0.5234187052694159,0.37265323151672886,1,1,1,0
0,0.590147261560032,0.4957124704364359,0.07103470408429507,0.2909786896464161,1,0,0,0
0,0.1915741048525923,0.18463749621061773,0.07103470408429507,0.15659063436336962,0,0,0,0
0,0.14642851444557492,0.4080600782750507,0.07431499903070728,0.37265323151672886,0,0,0,0
0,0.20707179544828153,0.5650045367883567,0.5234187052694159,0.4568734218781583,0,1,1,0
0,0.02608130944160689,0.23170913335689441,0.07431499903070728,0.15659063436336962,0,0,0,0
0,0.05181752860653718,0.31961913486273597,0.07431499903070728,0.3978439138821537,0,0,0,0
0,0.11045745140273922,0.3669100497830087,0.07431499903070728,0.3978439138821537,0,0,0,0
0,0.6468759629668719,0.34836167688839215,0.624061140007934,0.2909786896464161,1,0,1,0
0,0.26975619931802347,0.6818975205072774,0.07431499903070728,0.701098738389222,0,1,0,1
0,0.05374791423262584,0.34686082040733823,0.07431499903070728,0.3978439138821537,0,0,0,0
0,0.11340130264659816,0.4503008920445837,0.13655988961459878,0.3978439138821537,0,0,0,0
0,0.09033343807540217,0.19146807390762668,0.07103470408429507,0.15659063436336962,0,0,0,0
0,0.05177328701018326,0.3489805923917117,0.07431499903070728,0.3978439138821537,0,0,0,0
0,0.3295664654061382,0.5047239545760688,0.5234187052694159,0.701098738389222,0,1,1,1
0,0.3685220884719007,0.36661001220654327,0.07103470408429507,0.2909786896464161,0,0,0,0
0,0.040431344694781046,0.194392349807939,0.13655988961459878,0.23888391686748214,0,0,0,0
0,0.06354936478215831,0.3434898749853548,0.07431499903070728,0.2909786896464161,0,0,0,0
0,0.1246828231473221,0.23240908945656125,0.07103470408429507,0.2909786896464161,0,0,0,0
0,0.32835151670866436,0.5470214685285282,0.07431499903070728,0.3978439138821537,0,1,0,0
0,0.7214824554757396,0.8001496956732544,0.5234187052694159,0.701098738389222,1,1,1,1
1,0.9407622450810246,0.9561760488662279,0.9369658288621653,0.9479097084107246,1,1,1,1
0,0.06975568076292295,0.29243121756047463,0.13655988961459878,0.3978439138821537,0,0,0,0
0,0.22086284790066313,0.32761487067124384,0.4472301288753701,0.3978439138821537,0,0,0,0
0,0.9045069023863471,0.5735956664066497,0.7849054919390522,0.701098738389222,1,1,1,1
0,0.56630753297042,0.24665515247840727,0.7616858140337348,0.23888391686748214,1,0,1,0
0,0.03399342481561679,0.18124455253835406,0.13655988961459878,0.15659063436336962,0,0,0,0
0,0.36895774838025824,0.5721932373393911,0.07431499903070728,0.701098738389222,0,1,0,1
0,0.06741931970053708,0.3109513662190446,0.07431499903070728,0.3978439138821537,0,0,0,0
0,0.8329938129612916,0.8834747677107403,0.9369658288621653,0.9479097084107246,1,1,1,1
0,0.13025423088586832,0.1666824890585042,0.2843241992058826,0.15659063436336962,0,0,0,0
0,0.055066983489550234,0.2003677807625422,0.13655988961459878,0.2909786896464161,0,0,0,0
0,0.13442091981582172,0.3795370943923758,0.07431499903070728,0.23888391686748214,0,0,0,0
0,0.10168440992337387,0.3087450035176546,0.07431499903070728,0.3978439138821537,0,0,0,0
0,0.2427682891645493,0.46595010844820245,0.5234187052694159,0.37265323151672886,0,0,1,0
0,0.0964118815767611,0.26517462526490565,0.13655988961459878,0.3978439138821537,0,0,0,0
0,0.03934475709327312,0.13049902793696203,0.07103470408429507,0.15659063436336962,0,0,0,0
1,0.2954782800897309,0.1583056395080896,0.7616858140337348,0.2909786896464161,0,0,1,0
0,0.5229129535602369,0.3795047678273116,0.4472301288753701,0.3978439138821537,1,0,0,0
0,0.028761408917251444,0.31699539037686447,0.07431499903070728,0.4568734218781583,0,0,0,0
0,0.5807987578178009,0.5434952057120929,0.7119238007333535,0.701098738389222,1,1,1,1
0,0.02885751799842238,0.17871591133440443,0.07431499903070728,0.15659063436336962,0,0,0,0
0,0.5183504374289621,0.6984567588614097,0.5234187052694159,0.701098738389222,1,1,1,1
0,0.15695818880855766,0.41496945750586595,0.07431499903070728,0.701098738389222,0,0,0,1
0,0.8970164586410412,0.41163704343867064,0.8761146978001559,0.37265323151672886,1,0,1,0
0,0.08942496512306979,0.3636430511038855,0.07431499903070728,0.3978439138821537,0,0,0,0
0,0.089389169718079,0.3927528565790891,0.07431499903070728,0.37265323151672886,0,0,0,0
0,0.3678211555402964,0.4956750670990519,0.13655988961459878,0.3978439138821537,0,0,0,0
0,0.15865777756474783,0.3008654649077185,0.7119238007333535,0.37265323151672886,0,0,1,0
0,0.31923143258835934,0.540210590739899,0.07431499903070728,0.701098738389222,0,1,0,1
0,0.3539612959104888,0.5416753992459211,0.13655988961459878,0.3978439138821537,0,1,0,0
0,0.19037410662548773,0.44474904107497776,0.07431499903070728,0.2909786896464161,0,0,0,0
0,0.12817348454893615,0.22597291086044696,0.07103470408429507,0.15659063436336962,0,0,0,0
0,0.39487272712803506,0.46804938331961354,0.13655988961459878,0.3978439138821537,0,0,0,0
0,0.05885754719764579,0.2688549287750629,0.043146073851833694,0.2909786896464161,0,0,0,0
0,0.20880688917502402,0.4397884478227828,0.13655988961459878,0.3978439138821537,0,0,0,0
1,0.6644424920212008,0.8255143088314462,0.7512025309012217,0.701098738389222,1,1,1,1
0,0.9699529849771914,0.7035851767251691,0.8761146978001559,0.701098738389222,1,1,1,1
0,0.9120782304867864,0.355987206040134,0.8761146978001559,0.3978439138821537,1,0,1,0
0,0.23043416475310002,0.17307082764473522,0.624061140007934,0.15659063436336962,0,0,1,0
0,0.2562561235869114,0.6276633554452448,0.07431499903070728,0.701098738389222,0,1,0,1
0,0.03126282538073237,0.16462998344584828,0.13655988961459878,0.15659063436336962,0,0,0,0
0,0.42042193264088723,0.4398650222956506,0.4472301288753701,0.3978439138821537,0,0,0,0
0,0.22944597351165388,0.5530511939416003,0.07431499903070728,0.37265323151672886,0,1,0,0
0,0.4010336118124713,0.6093962914908418,0.07431499903070728,0.701098738389222,0,1,0,1
0,0.021836229234112457,0.27001830933185633,0.07431499903070728,0.2909786896464161,0,0,0,0
0,0.6748761145271347,0.43506758475104407,0.7849054919390522,0.3978439138821537,1,0,1,0
1,0.6581339268071432,0.6521842743623604,0.7119238007333535,0.701098738389222,1,1,1,1
0,0.10820783708163068,0.24662476338222042,0.07103470408429507,0.2909786896464161,0,0,0,0
0,0.06931384297144398,0.2947073239199844,0.13655988961459878,0.3978439138821537,0,0,0,0
0,0.22440341495186808,0.4555081499119978,0.07431499903070728,0.2909786896464161,0,0,0,0
0,0.6424989017569398,0.5388330812162179,0.7119238007333535,0.6545986309349229,1,1,1,1
0,0.8477127123109115,0.8464221205448359,0.5234187052694159,0.701098738389222,1,1,1,1
0,0.11717877531581479,0.45149334559225085,0.13655988961459878,0.3978439138821537,0,0,0,0
0,0.06947423864375196,0.2521058279580158,0.13655988961459878,0.23888391686748214,0,0,0,0
0,0.5378623759885169,0.1727463074139867,0.7616858140337348,0.15659063436336962,1,0,1,0
0,0.08401239302214948,0.4554341188345079,0.07431499903070728,0.3978439138821537,0,0,0,0
0,0.1775993524901859,0.31177962209624843,0.7119238007333535,0.4568734218781583,0,0,1,0
0,0.5140151966018367,0.6141754251000151,0.5234187052694159,0.701098738389222,1,1,1,1
0,0.019677534846980375,0.14625909723457015,0.13655988961459878,0.2909786896464161,0,0,0,0
0,0.3957780445841437,0.6360031842111187,0.07431499903070728,0.701098738389222,0,1,0,1
0,0.24308421805003702,0.39913127966056866,0.7119238007333535,0.6545986309349229,0,0,1,1
0,0.04862350183878485,0.26856469697628393,0.07431499903070728,0.23888391686748214,0,0,0,0
0,0.08120640944252926,0.24208795583850512,0.13655988961459878,0.2909786896464161,0,0,0,0
0,0.10778911462080168,0.3466562473737825,0.07431499903070728,0.3978439138821537,0,0,0,0
0,0.25304762583328133,0.3731075052193329,0.4472301288753701,0.3978439138821537,0,0,0,0
0,0.1587340498184727,0.47515332877434246,0.07431499903070728,0.37265323151672886,0,0,0,0
1,0.5940210821519499,0.4373901053554754,0.7119238007333535,0.701098738389222,1,0,1,1
0,0.4110694004512537,0.6696970641628706,0.07431499903070728,0.701098738389222,0,1,0,1
0,0.23419767675369252,0.4886826695872797,0.13655988961459878,0.3978439138821537,0,0,0,0
0,0.00931949904404,0.11652846312593121,0.07431499903070728,0.15659063436336962,0,0,0,0
0,0.06029807978693225,0.40604382005270373,0.07431499903070728,0.3978439138821537,0,0,0,0
0,0.12822960577822107,0.5068200960391137,0.07431499903070728,0.3978439138821537,0,1,0,0
0,0.11691693478173679,0.39558655462095876,0.07431499903070728,0.4568734218781583,0,0,0,0
0,0.8649257101460639,0.6764432369251725,0.7119238007333535,0.701098738389222,1,1,1,1
0,0.28677581919274886,0.5551538644743557,0.07431499903070728,0.37265323151672886,0,1,0,0
0,0.2630302070606132,0.3847042390306926,0.7119238007333535,0.37265323151672886,0,0,1,0
0,0.8490903880679241,0.8937688725093528,0.9369658288621653,0.9479097084107246,1,1,1,1
0,0.1889413900102406,0.33128143447952524,0.043146073851833694,0.2909786896464161,0,0,0,0
0,0.6632940951556185,0.3967540867102959,0.7849054919390522,0.37265323151672886,1,0,1,0
0,0.163757048632639,0.4041985060992442,0.13655988961459878,0.3978439138821537,0,0,0,0
0,0.04051086955258527,0.33848248184003255,0.07431499903070728,0.3978439138821537,0,0,0,0
0,0.24986865085234475,0.5773763775585823,0.5234187052694159,0.4568734218781583,0,1,1,0
0,0.0825337509862061,0.19783983589149667,0.13655988961459878,0.3978439138821537,0,0,0,0
0,0.4329709741403415,0.3298925814215891,0.4472301288753701,0.3978439138821537,0,0,0,0
0,0.4186608317771967,0.3392429281204163,0.641289481962736,0.2909786896464161,0,0,1,0
0,0.19805099491894265,0.29631722653786124,0.4472301288753701,0.3978439138821537,0,0,0,0
0,0.13200196255236124,0.3277555148063956,0.043146073851833694,0.23888391686748214,0,0,0,0
0,0.9954653503308927,0.8173071568384207,0.9249893275964554,0.701098738389222,1,1,1,1
0,0.22327768815157747,0.5413449568751688,0.07431499903070728,0.701098738389222,0,1,0,1
0,0.24063324631007418,0.5435717908119189,0.07431499903070728,0.37265323151672886,0,1,0,0
0,0.19609788732846023,0.5844346597829684,0.07431499903070728,0.701098738389222,0,1,0,1
0,0.9862019594321878,0.7755219634273175,0.9249893275964554,0.9269601406234662,1,1,1,1
0,0.21489177417700028,0.41611978150036466,0.13655988961459878,0.3978439138821537,0,0,0,0
0,0.19498819419969612,0.42991168576548827,0.5234187052694159,0.37265323151672886,0,0,1,0
0,0.15154764418913835,0.49316356602867334,0.07431499903070728,0.4568734218781583,0,0,0,0
0,0.2665527067965136,0.5004721588152926,0.5234187052694159,0.6545986309349229,0,1,1,1
0,0.017097007958827185,0.16665836011527232,0.07431499903070728,0.23888391686748214,0,0,0,0
0,0.1254424174436973,0.2864617647405303,0.043146073851833694,0.23888391686748214,0,0,0,0
0,0.7181078735539015,0.45759895332253775,0.7849054919390522,0.701098738389222,1,0,1,1
0,0.34386288478635174,0.4157847785367942,0.7119238007333535,0.701098738389222,0,0,1,1
0,0.2617141208087608,0.5735964201142906,0.07431499903070728,0.808688118677574,0,1,0,1
0,0.020235854042531674,0.16143080393447706,0.07431499903070728,0.15659063436336962,0,0,0,0
0,0.26340890029645553,0.6379623326785219,0.07431499903070728,0.3978439138821537,0,1,0,0
1,0.9218313167051216,0.42723812450110416,0.9249893275964554,0.37265323151672886,1,0,1,0
0,0.1516863929144666,0.3163609784097968,0.043146073851833694,0.2909786896464161,0,0,0,0
0,0.8176592151544041,0.38761143969538825,0.7616858140337348,0.23888391686748214,1,0,1,0
0,0.43214767736265647,0.5278613279655298,0.13655988961459878,0.3978439138821537,0,1,0,0
0,0.08443023575421364,0.39954923193172576,0.07431499903070728,0.37265323151672886,0,0,0,0
1,0.9169410469053545,0.4297706941192656,0.8797509975750424,0.23888391686748214,1,0,1,0
0,0.9648086328886312,0.878217663971145,0.7119238007333535,0.701098738389222,1,1,1,1
0,0.4556169855375405,0.588594074875763,0.07431499903070728,0.701098738389222,0,1,0,1
0,0.010457595876422867,0.21742107691988122,0.07431499903070728,0.4568734218781583,0,0,0,0
0,0.3253203684792161,0.4799829145336166,0.07431499903070728,0.701098738389222,0,0,0,1
0,0.09437466812762836,0.3899011819546426,0.07431499903070728,0.3978439138821537,0,0,0,0
0,0.11521087621823398,0.39787840683608156,0.13655988961459878,0.3978439138821537,0,0,0,0
0,0.2130953928730854,0.5032483740485302,0.13655988961459878,0.3978439138821537,0,1,0,0
0,0.12654270762472383,0.1791547129831603,0.07103470408429507,0.15659063436336962,0,0,0,0
0,0.12077687993114551,0.18640694353738624,0.07103470408429507,0.2909786896464161,0,0,0,0
0,0.5309907489823948,0.6884059900564203,0.07431499903070728,0.701098738389222,1,1,0,1
0,0.08497515965203235,0.34055160693992526,0.13655988961459878,0.3978439138821537,0,0,0,0
0,0.8445363216909944,0.8989706381486894,0.7563345524221652,0.9479097084107246,1,1,1,1
0,0.23380612005634535,0.4946742795531578,0.07431499903070728,0.2909786896464161,0,0,0,0
0,0.21749252934703633,0.15714925276506345,0.624061140007934,0.15659063436336962,0,0,1,0
0,0.09073411543796889,0.3742842688837746,0.07431499903070728,0.37265323151672886,0,0,0,0
0,0.07557315882255228,0.4128099401178839,0.07431499903070728,0.3978439138821537,0,0,0,0
0,0.08282652516747606,0.35630267118344117,0.5234187052694159,0.37265323151672886,0,0,1,0
0,0.3648409134330309,0.42521640272494454,0.4472301288753701,0.3978439138821537,0,0,0,0
1,0.9953186092011088,0.7788267468433312,0.9249893275964554,0.701098738389222,1,1,1,1
0,0.13102610758512084,0.19140606125462312,0.07103470408429507,0.15659063436336962,0,0,0,0
0,0.739630475618257,0.8422726501077368,0.4986819481082508,0.701098738389222,1,1,0,1
0,0.5036724178528382,0.6622197290685995,0.13655988961459878,0.3978439138821537,1,1,0,0
0,0.6233728225608337,0.4924986237250286,0.4472301288753701,0.3978439138821537,1,0,0,0
0,0.042593054164762584,0.1323073988288525,0.07103470408429507,0.15659063436336962,0,0,0,0
0,0.5622126410257143,0.3866252588724356,0.4472301288753701,0.3978439138821537,1,0,0,0
0,0.20971967969448768,0.2631048344977805,0.07103470408429507,0.15659063436336962,0,0,0,0
0,0.12218431037544313,0.3975465854802785,0.07431499903070728,0.37265323151672886,0,0,0,0
0,0.22612545904975104,0.47425805749055605,0.5234187052694159,0.4568734218781583,0,0,1,0
0,0.30307564688884486,0.4866247228727253,0.5234187052694159,0.701098738389222,0,0,1,1
0,0.17503517592135243,0.4284914935147964,0.13655988961459878,0.3978439138821537,0,0,0,0
0,0.12590027065838777,0.3424115150246177,0.5234187052694159,0.37265323151672886,0,0,1,0
0,0.06335774033314229,0.34453431459285827,0.07431499903070728,0.2909786896464161,0,0,0,0
0,0.02974341737620632,0.30753147245305734,0.07431499903070728,0.3978439138821537,0,0,0,0
0,0.2859259630301626,0.4858921513199997,0.5234187052694159,0.37265323151672886,0,0,1,0
0,0.10554481091015475,0.26656406315944176,0.13655988961459878,0.15659063436336962,0,0,0,0
1,0.9988951322583459,0.3949225733537066,0.9249893275964554,0.3978439138821537,1,0,1,0
0,0.22608369914763346,0.44532775691675325,0.07431499903070728,0.3978439138821537,0,0,0,0
0,0.07696914097764396,0.31729561614321833,0.07431499903070728,0.3978439138821537,0,0,0,0
0,0.673347633032332,0.5801688621789616,0.7119238007333535,0.701098738389222,1,1,1,1
0,0.11984209001702607,0.37466336384718385,0.5234187052694159,0.4568734218781583,0,0,1,0
0,0.14483301113314012,0.368538360342144,0.13655988961459878,0.3978439138821537,0,0,0,0
0,0.1509939242895246,0.40854647843808334,0.07431499903070728,0.37265323151672886,0,0,0,0
0,0.049826113500287074,0.23809637311218204,0.13655988961459878,0.23888391686748214,0,0,0,0
0,0.4812751063944085,0.33565178867725487,0.2843241992058826,0.2909786896464161,0,0,0,0
0,0.12486793723157572,0.3705460198774486,0.07431499903070728,0.23888391686748214,0,0,0,0
0,0.35492596315961616,0.4124821769488333,0.13655988961459878,0.3978439138821537,0,0,0,0
0,0.17426008600656337,0.27826995777476826,0.4472301288753701,0.3978439138821537,0,0,0,0
0,0.22432401377480884,0.5281651294796608,0.07431499903070728,0.3978439138821537,0,1,0,0
0,0.012170849277812222,0.16175270213381476,0.07431499903070728,0.15659063436336962,0,0,0,0
0,0.1367934608782426,0.39068069855911464,0.5234187052694159,0.4568734218781583,0,0,1,0
0,0.32851090104836705,0.2872292895339484,0.4472301288753701,0.3978439138821537,0,0,0,0
0,0.7364763580064355,0.5879278139592998,0.4472301288753701,0.3978439138821537,1,1,0,0
0,0.7858906466515486,0.3762400761185388,0.7616858140337348,0.23888391686748214,1,0,1,0
0,0.5795296003837378,0.49978484221082375,0.4472301288753701,0.3978439138821537,1,0,0,0
1,0.967141116337479,0.3962850638277673,0.8797509975750424,0.23888391686748214,1,0,1,0
0,0.10714229675978655,0.3620655323418798,0.07431499903070728,0.701098738389222,0,0,0,1
1,0.7972323262769911,0.8901586284725687,0.7563345524221652,0.9479097084107246,1,1,1,1
0,0.09945868805638584,0.4539952982058696,0.07431499903070728,0.3978439138821537,0,0,0,0
0,0.28731857667690386,0.40036295822913825,0.4472301288753701,0.3978439138821537,0,0,0,0
0,0.1826508527204843,0.5272237459303292,0.07431499903070728,0.3978439138821537,0,1,0,0
1,0.5561578220370144,0.42292550306032384,0.7849054919390522,0.3978439138821537,1,0,1,0
0,0.16105946153696404,0.31132121582090294,0.7119238007333535,0.4568734218781583,0,0,1,0
0,0.14388333093586236,0.5037911526613521,0.07431499903070728,0.4568734218781583,0,1,0,0
0,0.0469634691416656,0.33216865048457833,0.07431499903070728,0.3978439138821537,0,0,0,0
0,0.18270529364365287,0.41083452404335336,0.13655988961459878,0.3978439138821537,0,0,0,0
1,0.8869309893164682,0.9163174414725409,0.9369658288621653,0.9479097084107246,1,1,1,1
0,0.3966019135695316,0.5252346403671024,0.07431499903070728,0.3978439138821537,0,1,0,0
0,0.233614311231486,0.40715379193612394,0.07431499903070728,0.3978439138821537,0,0,0,0
0,0.2186586533481699,0.3504828639654066,0.4472301288753701,0.3978439138821537,0,0,0,0
0,0.6200720870846643,0.3665232271808637,0.4472301288753701,0.3978439138821537,1,0,0,0
0,0.6319199493109169,0.34264938331658407,0.7849054919390522,0.3978439138821537,1,0,1,0
0,0.05415446080054896,0.23193434013139977,0.13655988961459878,0.2909786896464161,0,0,0,0
1,0.5740993369733476,0.7201390296142229,0.5234187052694159,0.701098738389222,1,1,1,1
0,0.035980395406172726,0.18637668946609232,0.13655988961459878,0.15659063436336962,0,0,0,0
1,0.6222163721746524,0.7407783256481181,0.5234187052694159,0.701098738389222,1,1,1,1
1,0.9108457472006765,0.8489226146402941,0.7119238007333535,0.701098738389222,1,1,1,1
0,0.3810194229179666,0.4478342814338217,0.4472301288753701,0.3978439138821537,0,0,0,0
0,0.01876223895887131,0.21555083169174277,0.07431499903070728,0.2909786896464161,0,0,0,0
0,0.28826218590423336,0.40803728039508413,0.7119238007333535,0.37265323151672886,0,0,1,0
1,0.9549221329563543,0.6449322834722907,0.8761146978001559,0.701098738389222,1,1,1,1
1,0.29617098281383736,0.5149702247755016,0.5234187052694159,0.701098738389222,0,1,1,1
0,0.2108975770779114,0.2653299799545016,0.07103470408429507,0.2909786896464161,0,0,0,0
0,0.2797012518825847,0.5193880524899231,0.07431499903070728,0.3978439138821537,0,1,0,0
1,0.9655354891905692,0.5667187566914791,0.9249893275964554,0.3978439138821537,1,1,1,0
0,0.043004588650091394,0.2391124183001028,0.07431499903070728,0.2909786896464161,0,0,0,0
0,0.4476670290354678,0.594463614336815,0.13655988961459878,0.3978439138821537,0,1,0,0
0,0.05430143036644696,0.18882948421243317,0.13655988961459878,0.15659063436336962,0,0,0,0
0,0.291617951239326,0.5472776894813433,0.07431499903070728,0.701098738389222,0,1,0,1
0,0.09148115937428634,0.2579371690178896,0.07103470408429507,0.2909786896464161,0,0,0,0
0,0.18736411155318777,0.29495814755412914,0.07103470408429507,0.15659063436336962,0,0,0,0
0,0.15091540620252802,0.25854094437146535,0.07103470408429507,0.23888391686748214,0,0,0,0
0,0.2672915131639863,0.487504546746109,0.5234187052694159,0.37265323151672886,0,0,1,0
0,0.040034695163787735,0.20592573688926064,0.13655988961459878,0.2909786896464161,0,0,0,0
1,0.999998964710006,0.9531052554881057,0.9249893275964554,0.9479097084107246,1,1,1,1
0,0.21707909734614458,0.455599164507545,0.5234187052694159,0.4568734218781583,0,0,1,0
0,0.12204658508370607,0.33432939786660304,0.7119238007333535,0.37265323151672886,0,0,1,0
0,0.021106223178521195,0.2569756889352726,0.07431499903070728,0.3978439138821537,0,0,0,0
0,0.03999917776209705,0.32740880518865867,0.07431499903070728,0.4568734218781583,0,0,0,0
0,0.08505861037271593,0.37442019208244604,0.07431499903070728,0.23888391686748214,0,0,0,0
0,0.26518306192163327,0.3408041245284299,0.13655988961459878,0.3978439138821537,0,0,0,0
0,0.11774468444616247,0.39438622445273075,0.07431499903070728,0.37265323151672886,0,0,0,0
0,0.2299863778389031,0.478937943256874,0.5234187052694159,0.37265323151672886,0,0,1,0
0,0.41141402959277734,0.5863972753357157,0.07431499903070728,0.701098738389222,0,1,0,1
0,0.04412236984523041,0.2320294761647228,0.07431499903070728,0.2909786896464161,0,0,0,0
0,0.17539848802799837,0.4844737914332859,0.07431499903070728,0.37265323151672886,0,0,0,0
0,0.2929864418555642,0.5572148073330715,0.07431499903070728,0.3978439138821537,0,1,0,0
0,0.3658104612036513,0.4501056044592192,0.4472301288753701,0.3978439138821537,0,0,0,0
0,0.1463157479286679,0.4213959574822878,0.13655988961459878,0.3978439138821537,0,0,0,0
0,0.07618988836314727,0.28503432035391457,0.13655988961459878,0.2909786896464161,0,0,0,0
1,0.2455950780075943,0.6113467443421969,0.07431499903070728,0.701098738389222,0,1,0,1
0,0.21757024108933612,0.31094041268499617,0.4472301288753701,0.3978439138821537,0,0,0,0
0,0.10829707621189434,0.3124952438667049,0.07431499903070728,0.2909786896464161,0,0,0,0
0,0.10936078600214862,0.37738022956817424,0.13655988961459878,0.3978439138821537,0,0,0,0
0,0.12023725642929485,0.2846006140676331,0.13655988961459878,0.2909786896464161,0,0,0,0
0,0.05049206831239577,0.24274495947559513,0.07431499903070728,0.2909786896464161,0,0,0,0
0,0.412815260787129,0.4687599060152498,0.4472301288753701,0.3978439138821537,0,0,0,0
0,0.037255391049411814,0.21185002083567894,0.13655988961459878,0.2909786896464161,0,0,0,0
1,0.5148646716682612,0.695164734595175,0.5234187052694159,0.701098738389222,1,1,1,1
0,0.0936592938386936,0.4264543996733796,0.07431499903070728,0.4568734218781583,0,0,0,0
0,0.04948018350056651,0.17336249989432234,0.13655988961459878,0.2909786896464161,0,0,0,0
0,0.11589733115794978,0.3989698811333474,0.13655988961459878,0.3978439138821537,0,0,0,0
0,0.03525674353462984,0.33674631361257945,0.07431499903070728,0.3978439138821537,0,0,0,0
0,0.28938542024007097,0.5594720535204788,0.5234187052694159,0.6545986309349229,0,1,1,1
0,0.2392333579148889,0.4281190397791,0.043146073851833694,0.23888391686748214,0,0,0,0
0,0.05154856281097041,0.22956118965869934,0.13655988961459878,0.2909786896464161,0,0,0,0
0,0.16247036061502776,0.3553678975580396,0.13655988961459878,0.2909786896464161,0,0,0,0
0,0.01954447504791938,0.16978257709237268,0.07431499903070728,0.15659063436336962,0,0,0,0
0,0.2077662032243607,0.15206836333225418,0.624061140007934,0.2909786896464161,0,0,1,0
0,0.024651782996562257,0.24311086143612287,0.07431499903070728,0.2909786896464161,0,0,0,0
0,0.20348558957569385,0.4565131205946979,0.5234187052694159,0.37265323151672886,0,0,1,0
0,0.9919512966168078,0.975444102768709,0.9602234262685618,0.9479097084107246,1,1,1,1
0,0.020513269326744705,0.16201199704499616,0.07431499903070728,0.15659063436336962,0,0,0,0
0,0.04209009663999705,0.19239210814366917,0.13655988961459878,0.3978439138821537,0,0,0,0
0,0.01626497915371535,0.2121729986492431,0.07431499903070728,0.15659063436336962,0,0,0,0
0,0.07238615499583045,0.41495202186910063,0.07431499903070728,0.3978439138821537,0,0,0,0
0,0.3940232617609856,0.5556445566894845,0.5234187052694159,0.37265323151672886,0,1,1,0
0,0.2050701648307512,0.4084811558454718,0.4472301288753701,0.3978439138821537,0,0,0,0
0,0.848636614582431,0.39273561561538234,0.9249893275964554,0.3978439138821537,1,0,1,0
0,0.0911848321754547,0.372558776162199,0.07431499903070728,0.701098738389222,0,0,0,1
0,0.189084654133726,0.16726527325327645,0.624061140007934,0.15659063436336962,0,0,1,0
0,0.5831227636137113,0.2021780234025913,0.7616858140337348,0.15659063436336962,1,0,1,0
0,0.21722418235299898,0.3625522762222426,0.13655988961459878,0.3978439138821537,0,0,0,0
1,0.7059497609020805,0.8005689812649817,0.5234187052694159,0.701098738389222,1,1,1,1
0,0.418966826152792,0.6303114141705568,0.07431499903070728,0.701098738389222,0,1,0,1
0,0.20071438887388296,0.3812656817173556,0.5234187052694159,0.6545986309349229,0,0,1,1
0,0.17047896954842617,0.5648016206804538,0.07431499903070728,0.4568734218781583,0,1,0,0
0,0.010607418304691408,0.15334590491230318,0.07431499903070728,0.2909786896464161,0,0,0,0
0,0.8357709994711741,0.7806821762668722,0.9602234262685618,0.9479097084107246,1,1,1,1
0,0.27316327720522665,0.41065704362489264,0.07103470408429507,0.23888391686748214,0,0,0,0
0,0.03319758501645106,0.1759948319135359,0.13655988961459878,0.15659063436336962,0,0,0,0
0,0.7251499912413475,0.7384510414049048,0.7119238007333535,0.701098738389222,1,1,1,1
0,0.023748437403496744,0.1589082363081279,0.13655988961459878,0.15659063436336962,0,0,0,0
0,0.21136069803562405,0.2805832864984479,0.4472301288753701,0.3978439138821537,0,0,0,0
1,0.5973614382694206,0.7230536673584131,0.5234187052694159,0.701098738389222,1,1,1,1
0,0.23073664286615955,0.48858313411369503,0.5234187052694159,0.37265323151672886,0,0,1,0
0,0.02718864645190743,0.14196641474156105,0.07103470408429507,0.2909786896464161,0,0,0,0
0,0.24640917562223758,0.5851525905579349,0.5234187052694159,0.4568734218781583,0,1,1,0
0,0.020172635294220156,0.15730451895293407,0.07431499903070728,0.2909786896464161,0,0,0,0
0,0.038871838160413806,0.1900400548190943,0.13655988961459878,0.15659063436336962,0,0,0,0
0,0.229486577773257,0.5049338004766495,0.07431499903070728,0.37265323151672886,0,1,0,0
1,0.9456810641024085,0.6162236397296493,0.8761146978001559,0.701098738389222,1,1,1,1
0,0.680704109893935,0.5379413307316032,0.7119238007333535,0.4568734218781583,1,1,1,0
0,0.037721076944294094,0.1756179346523201,0.13655988961459878,0.15659063436336962,0,0,0,0
1,0.266893930602945,0.5511578038098188,0.5234187052694159,0.701098738389222,0,1,1,1
1,0.36449876284570276,0.41320707595063244,0.7119238007333535,0.4568734218781583,0,0,1,0
0,0.0967614637072764,0.3643148240780061,0.07431499903070728,0.3978439138821537,0,0,0,0
0,0.01093949099665359,0.11524242402518287,0.07431499903070728,0.15659063436336962,0,0,0,0
1,0.2818836418399425,0.381646587653833,0.5234187052694159,0.701098738389222,0,0,1,1
0,0.04303945627032701,0.15095844464480215,0.07103470408429507,0.23888391686748214,0,0,0,0
0,0.9050912251111237,0.9379584721168467,0.7563345524221652,0.9479097084107246,1,1,1,1
0,0.057878670578766674,0.38618323273651345,0.07431499903070728,0.3978439138821537,0,0,0,0
0,0.1385592952446004,0.3530520096991367,0.13655988961459878,0.3978439138821537,0,0,0,0
0,0.02303394664297091,0.1222171227831448,0.13655988961459878,0.15659063436336962,0,0,0,0
0,0.06963230614968004,0.3376066732149597,0.13655988961459878,0.3978439138821537,0,0,0,0
0,0.22291410805958958,0.19628856847310364,0.07103470408429507,0.15659063436336962,0,0,0,0
0,0.6286023444804807,0.44564609607498934,0.4472301288753701,0.3978439138821537,1,0,0,0
0,0.03948578283216433,0.301163645313534,0.07431499903070728,0.37265323151672886,0,0,0,0
0,0.046568472023100514,0.22978636822363752,0.043146073851833694,0.23888391686748214,0,0,0,0
0,0.07775925555112576,0.16062472494608518,0.07103470408429507,0.2909786896464161,0,0,0,0
0,0.4105886816662679,0.5363102234567255,0.5234187052694159,0.701098738389222,0,1,1,1
1,0.9074172047256592,0.3349770013064176,0.9249893275964554,0.4568734218781583,1,0,1,0
0,0.06501944341222388,0.3386013645885542,0.07431499903070728,0.2909786896464161,0,0,0,0
0,0.47656444836484885,0.5493412934275022,0.5234187052694159,0.701098738389222,0,1,1,1
0,0.187730357598205,0.48049324945237665,0.07431499903070728,0.3978439138821537,0,0,0,0
0,0.04478488639150791,0.2743954823397038,0.07431499903070728,0.37265323151672886,0,0,0,0
0,0.017429969413159094,0.19533837110728064,0.07431499903070728,0.2909786896464161,0,0,0,0
1,0.7523291307093529,0.6169626343625766,0.7119238007333535,0.6545986309349229,1,1,1,1
1,0.9786244946113597,0.5240387198072514,0.9249893275964554,0.4568734218781583,1,1,1,0
0,0.417248081123967,0.5830287659167085,0.4472301288753701,0.3978439138821537,0,1,0,0
1,0.42899122527160355,0.3131379331022565,0.4472301288753701,0.3978439138821537,0,0,0,0
0,0.14018368727707295,0.4106770998026171,0.07431499903070728,0.701098738389222,0,0,0,1
0,0.04142571274692389,0.19204703967268194,0.13655988961459878,0.2909786896464161,0,0,0,0
0,0.08639658806553205,0.33802143699671494,0.07431499903070728,0.3978439138821537,0,0,0,0
0,0.05677521589819195,0.21512246020165457,0.13655988961459878,0.15659063436336962,0,0,0,0
1,0.7389354104657477,0.5894543857743252,0.4472301288753701,0.3978439138821537,1,1,0,0
0,0.05657585793706891,0.2104174178109935,0.13655988961459878,0.15659063436336962,0,0,0,0
0,0.2557506837060612,0.37924223446497,0.13655988961459878,0.3978439138821537,0,0,0,0
0,0.133139222818474,0.5019522407323068,0.07431499903070728,0.3978439138821537,0,1,0,0
0,0.0901100255192453,0.1796951133597873,0.07103470408429507,0.15659063436336962,0,0,0,0
0,0.14399066448782374,0.5013785597404634,0.07431499903070728,0.3978439138821537,0,1,0,0
0,0.48715732113409993,0.5077739407694957,0.4472301288753701,0.3978439138821537,0,1,0,0
0,0.0659076672282171,0.19803693288647814,0.13655988961459878,0.15659063436336962,0,0,0,0
0,0.20707298264132654,0.594310285343137,0.07431499903070728,0.808688118677574,0,1,0,1
0,0.058271168162109734,0.35074764042360135,0.07431499903070728,0.37265323151672886,0,0,0,0
0,0.5894050572561729,0.49002032704538845,0.7119238007333535,0.701098738389222,1,0,1,1
1,0.9516038272873243,0.770588282355495,0.7849054919390522,0.701098738389222,1,1,1,1
0,0.5030399561943676,0.6419466562842646,0.07431499903070728,0.701098738389222,1,1,0,1
0,0.7778086897094707,0.4992528309131245,0.7849054919390522,0.3978439138821537,1,0,1,0
0,0.08096821693158301,0.38976913056487555,0.07431499903070728,0.3978439138821537,0,0,0,0
0,0.14555367598897406,0.5376672008654706,0.07431499903070728,0.4568734218781583,0,1,0,0
0,0.48927685060980725,0.38633640262420144,0.4472301288753701,0.3978439138821537,0,0,0,0
0,0.025580145367863624,0.2059854821831211,0.07431499903070728,0.2909786896464161,0,0,0,0
0,0.04387305688866319,0.20850357588124338,0.043146073851833694,0.2909786896464161,0,0,0,0
1,0.4281772927809399,0.4640892274031709,0.7119238007333535,0.37265323151672886,0,0,1,0
0,0.19174996282198128,0.4007136726225083,0.07431499903070728,0.3978439138821537,0,0,0,0
0,0.033269555557656164,0.1859101291623045,0.07431499903070728,0.15659063436336962,0,0,0,0
0,0.7393761157588424,0.7903145203106838,0.5234187052694159,0.701098738389222,1,1,1,1
0,0.2929572298796498,0.5780684598672674,0.07431499903070728,0.701098738389222,0,1,0,1
0,0.3840912937835697,0.554612198151792,0.5234187052694159,0.37265323151672886,0,1,1,0
0,0.0993698097384796,0.36076571306539035,0.07431499903070728,0.701098738389222,0,0,0,1
1,0.8321184522862747,0.47667300545398217,0.8761146978001559,0.3978439138821537,1,0,1,0
0,0.1883612669274409,0.35949406076852036,0.4472301288753701,0.3978439138821537,0,0,0,0
0,0.18678781747660445,0.40548596083722827,0.07431499903070728,0.3978439138821537,0,0,0,0
0,0.6793555010253646,0.5623315451400235,0.7849054919390522,0.4568734218781583,1,1,1,0
1,0.5759936542954156,0.2175458463929341,0.7616858140337348,0.23888391686748214,1,0,1,0
0,0.16251736083684948,0.4928774490514716,0.07431499903070728,0.3978439138821537,0,0,0,0
1,0.8405874699382474,0.6249976650038487,0.7849054919390522,0.4568734218781583,1,1,1,0
0,0.6054642461358999,0.6648064201689996,0.4472301288753701,0.3978439138821537,1,1,0,0
0,0.06127368494602001,0.17522349016058603,0.13655988961459878,0.15659063436336962,0,0,0,0
0,0.6223723215956576,0.5411832471968163,0.7119238007333535,0.701098738389222,1,1,1,1
0,0.5940088784783321,0.4309546130916141,0.7119238007333535,0.4568734218781583,1,0,1,0
0,0.05886105373102604,0.26393289849920293,0.07431499903070728,0.3978439138821537,0,0,0,0
0,0.04901851704953157,0.1621387406482996,0.13655988961459878,0.15659063436336962,0,0,0,0
0,0.10382933808012455,0.41887177157201716,0.07431499903070728,0.23888391686748214,0,0,0,0
0,0.07473027735225199,0.3347766348009948,0.07431499903070728,0.3978439138821537,0,0,0,0
0,0.09409252011226989,0.344609155812571,0.07431499903070728,0.2909786896464161,0,0,0,0
0,0.973003117305819,0.8762438969196392,0.7849054919390522,0.701098738389222,1,1,1,1
0,0.453255090310928,0.47624579666980155,0.7119238007333535,0.37265323151672886,0,0,1,0
0,0.9747545864517224,0.9671035510256448,0.9369658288621653,0.9479097084107246,1,1,1,1
0,0.7886100377174281,0.3985745740901892,0.8761146978001559,0.701098738389222,1,0,1,1
0,0.082144748195994,0.3536544918196672,0.07431499903070728,0.37265323151672886,0,0,0,0
0,0.004908662723788499,0.10735349591276055,0.07431499903070728,0.2909786896464161,0,0,0,0
0,0.18771359808214297,0.3316617090724715,0.13655988961459878,0.3978439138821537,0,0,0,0
0,0.42651464975492404,0.4983131616612443,0.4472301288753701,0.3978439138821537,0,0,0,0
0,0.7041880152968345,0.7361147126119512,0.8973324495563872,0.3978439138821537,1,1,1,0
1,0.4589297883875224,0.5345946727855965,0.5234187052694159,0.701098738389222,0,1,1,1
0,0.46113267912475364,0.32936523916036015,0.4472301288753701,0.3978439138821537,0,0,0,0
1,0.8603259165531189,0.7124085110124319,0.7119238007333535,0.701098738389222,1,1,1,1
0,0.039963745863784615,0.3241345298361565,0.07431499903070728,0.23888391686748214,0,0,0,0
0,0.07880549536900945,0.2884277768337405,0.13655988961459878,0.23888391686748214,0,0,0,0
0,0.03606050581119859,0.23831000094122531,0.07431499903070728,0.15659063436336962,0,0,0,0
0,0.406040149185447,0.5482132198868536,0.5234187052694159,0.37265323151672886,0,1,1,0
1,0.5964977799509593,0.30604362027597526,0.8761146978001559,0.3978439138821537,1,0,1,0
0,0.3839434546823676,0.5055591598658209,0.4472301288753701,0.3978439138821537,0,1,0,0
1,0.9730948132901552,0.9127531562279483,0.9602234262685618,0.9479097084107246,1,1,1,1
0,0.26674524227096735,0.415761446893675,0.4472301288753701,0.3978439138821537,0,0,0,0
0,0.023843140412151083,0.1678697409276154,0.13655988961459878,0.15659063436336962,0,0,0,0
0,0.27359766020085696,0.27036456193268765,0.07103470408429507,0.23888391686748214,0,0,0,0
0,0.43814498135153984,0.5571744944066055,0.5234187052694159,0.37265323151672886,0,1,1,0
1,0.5886726446217547,0.23206086128379078,0.7616858140337348,0.15659063436336962,1,0,1,0
0,0.031101303041118796,0.16507257018395216,0.13655988961459878,0.15659063436336962,0,0,0,0
0,0.793484132509723,0.5832446360474137,0.7119238007333535,0.6545986309349229,1,1,1,1
0,0.6052986140827358,0.5477877330774672,0.7119238007333535,0.37265323151672886,1,1,1,0
0,0.16405580646857945,0.1831901926299655,0.07103470408429507,0.15659063436336962,0,0,0,0
0,0.32987869681381077,0.600806416459047,0.07431499903070728,0.701098738389222,0,1,0,1
0,0.08134879034372726,0.22173684075496,0.07103470408429507,0.2909786896464161,0,0,0,0
0,0.08923473482814892,0.28883853972536616,0.07431499903070728,0.3978439138821537,0,0,0,0
0,0.7115934638936385,0.6387373905809327,0.7119238007333535,0.701098738389222,1,1,1,1
0,0.07087885955751048,0.35915895615031657,0.07431499903070728,0.4568734218781583,0,0,0,0
1,0.7531833197462433,0.4973492892485948,0.7849054919390522,0.808688118677574,1,0,1,1
0,0.13916433685300902,0.35047428273625997,0.07431499903070728,0.3978439138821537,0,0,0,0
0,0.031603601138711516,0.2789292965121046,0.07431499903070728,0.3978439138821537,0,0,0,0
1,0.3401692815098986,0.6188616103411518,0.07431499903070728,0.3978439138821537,0,1,0,0
0,0.4066835514086443,0.16392000069597548,0.7616858140337348,0.2909786896464161,0,0,1,0
1,0.9851586298279621,0.7761569878621923,0.8761146978001559,0.701098738389222,1,1,1,1
0,0.04020639372445849,0.30209106290356685,0.07431499903070728,0.2909786896464161,0,0,0,0
0,0.023277463881438955,0.15878670018058522,0.07431499903070728,0.2909786896464161,0,0,0,0
0,0.942890319338993,0.9086389066958992,0.9369658288621653,0.9479097084107246,1,1,1,1
0,0.11228754193998335,0.37477237196202423,0.13655988961459878,0.3978439138821537,0,0,0,0
0,0.3728364918669885,0.22702880235141343,0.624061140007934,0.15659063436336962,0,0,1,0
0,0.21203453999755761,0.5165847448678464,0.07431499903070728,0.37265323151672886,0,1,0,0
0,0.11445102110170448,0.29866586050671173,0.07431499903070728,0.3978439138821537,0,0,0,0
0,0.1863080653359704,0.37507700471452493,0.5234187052694159,0.701098738389222,0,0,1,1
1,0.9115087052144452,0.7939832536069799,0.7119238007333535,0.701098738389222,1,1,1,1
0,0.45408287325916596,0.49374771061941364,0.7119238007333535,0.701098738389222,0,0,1,1
0,0.0898942098923988,0.26621447758617117,0.07431499903070728,0.3978439138821537,0,0,0,0
0,0.04707604444328465,0.3574069191678499,0.07431499903070728,0.3978439138821537,0,0,0,0
0,0.056296392252879766,0.3257803013237337,0.07431499903070728,0.3978439138821537,0,0,0,0
0,0.8441292984057515,0.8552695785174017,0.07431499903070728,0.701098738389222,1,1,0,1
0,0.19347682223453314,0.5703093520730768,0.07431499903070728,0.3978439138821537,0,1,0,0
0,0.024507484811602583,0.14160031110374058,0.13655988961459878,0.15659063436336962,0,0,0,0
0,0.0906679250978386,0.3259744820373959,0.07431499903070728,0.3978439138821537,0,0,0,0
0,0.10863280532736354,0.3633308211849476,0.13655988961459878,0.3978439138821537,0,0,0,0
0,0.2909679678599557,0.48562016973749866,0.07431499903070728,0.3978439138821537,0,0,0,0
0,0.2976207583258924,0.3924416034253477,0.07103470408429507,0.23888391686748214,0,0,0,0
1,0.5657253398388328,0.6223950128507105,0.5234187052694159,0.701098738389222,1,1,1,1
0,0.03735244645190903,0.21030892997709655,0.13655988961459878,0.3978439138821537,0,0,0,0
0,0.46908229780244404,0.3241605239107578,0.7849054919390522,0.4568734218781583,0,0,1,0
1,0.7018561164674528,0.5717311331097141,0.7119238007333535,0.701098738389222,1,1,1,1
0,0.18160600169010285,0.3754848341029976,0.043146073851833694,0.23888391686748214,0,0,0,0
0,0.23495026939801922,0.48215287637379833,0.5234187052694159,0.37265323151672886,0,0,1,0
0,0.04007403039793468,0.18669401934086272,0.13655988961459878,0.15659063436336962,0,0,0,0
0,0.18880867444858873,0.20357868602837548,0.07103470408429507,0.2909786896464161,0,0,0,0
0,0.09920208629735063,0.44980219138986033,0.07431499903070728,0.37265323151672886,0,0,0,0
0,0.07149042200591454,0.19237878637380307,0.07103470408429507,0.15659063436336962,0,0,0,0
0,0.022495170392643368,0.18497812172889133,0.07431499903070728,0.15659063436336962,0,0,0,0
0,0.16968991105348036,0.38517412969016407,0.07431499903070728,0.3978439138821537,0,0,0,0
1,0.57470565252715,0.3719243276805291,0.7849054919390522,0.3978439138821537,1,0,1,0
0,0.19354425873072725,0.4816351562912307,0.07431499903070728,0.37265323151672886,0,0,0,0
0,0.30485521184916003,0.3514250346134429,0.07103470408429507,0.2909786896464161,0,0,0,0
0,0.06111291459065233,0.3622875434163697,0.5234187052694159,0.4568734218781583,0,0,1,0
0,0.004026189164653352,0.12309576069596975,0.07431499903070728,0.3978439138821537,0,0,0,0
1,0.4385950660044085,0.3392094393610673,0.641289481962736,0.2909786896464161,0,0,1,0
0,0.39650752656246147,0.7356748079583912,0.7563345524221652,0.9269601406234662,0,1,1,1
0,0.18262117487453983,0.44688248058398583,0.13655988961459878,0.3978439138821537,0,0,0,0
0,0.14344201248202545,0.4495229685399164,0.07431499903070728,0.3978439138821537,0,0,0,0
0,0.7083887262251702,0.5460227145869246,0.7119238007333535,0.37265323151672886,1,1,1,0
0,0.06822673442443483,0.2626658498023537,0.13655988961459878,0.2909786896464161,0,0,0,0
1,0.962592620301551,0.541194305122951,0.8761146978001559,0.701098738389222,1,1,1,1
0,0.988384188883426,0.38497922451767935,0.9249893275964554,0.4568734218781583,1,0,1,0
0,0.4017057665287356,0.4819227835652165,0.13655988961459878,0.3978439138821537,0,0,0,0
0,0.034948208823557876,0.325029341799566,0.07431499903070728,0.3978439138821537,0,0,0,0
0,0.11587624339460802,0.4312417177926866,0.07431499903070728,0.4568734218781583,0,0,0,0
1,0.8972481643983169,0.9217801999743214,0.7563345524221652,0.9479097084107246,1,1,1,1
0,0.2851567215502406,0.5732574445448329,0.07431499903070728,0.701098738389222,0,1,0,1
0,0.17243628070224523,0.24839508261649898,0.07103470408429507,0.15659063436336962,0,0,0,0
1,0.5234958303879649,0.1310838154687385,0.8797509975750424,0.15659063436336962,1,0,1,0
0,0.6484564344889345,0.8180450330470426,0.07431499903070728,0.701098738389222,1,1,0,1
1,0.6974622009893408,0.776855548162775,0.5234187052694159,0.701098738389222,1,1,1,1
0,0.9340874050977833,0.9612635120531793,0.7563345524221652,0.9269601406234662,1,1,1,1
0,0.9578265367534269,0.557708379963051,0.9249893275964554,0.3978439138821537,1,1,1,0
1,0.5781899846069881,0.4845897933297514,0.7119238007333535,0.4568734218781583,1,0,1,0
0,0.04320891033864658,0.29757662928615264,0.07431499903070728,0.2909786896464161,0,0,0,0
0,0.04044325364735076,0.24046779194449266,0.07431499903070728,0.23888391686748214,0,0,0,0
0,0.18156581163084445,0.4838928799127075,0.07431499903070728,0.3978439138821537,0,0,0,0
0,0.008849976247693892,0.11834505410055529,0.07431499903070728,0.15659063436336962,0,0,0,0
0,0.03140056318663539,0.21925461271963467,0.07431499903070728,0.15659063436336962,0,0,0,0
0,0.05864889067968815,0.44969438533464895,0.07431499903070728,0.4568734218781583,0,0,0,0
0,0.9974262525790251,0.48222661914636467,0.9249893275964554,0.3978439138821537,1,0,1,0
0,0.3620093402388413,0.3101957386023198,0.7119238007333535,0.37265323151672886,0,0,1,0
0,0.6446040789432729,0.6848981889448298,0.4472301288753701,0.8919618540568964,1,1,0,1
0,0.2496422077624306,0.4813881513452585,0.13655988961459878,0.3978439138821537,0,0,0,0
0,0.46641318735878246,0.5020952576976997,0.4472301288753701,0.3978439138821537,0,1,0,0
0,0.1034576131030374,0.4289223198495216,0.5234187052694159,0.4568734218781583,0,0,1,0
0,0.2945573744725412,0.5711491689154691,0.07431499903070728,0.701098738389222,0,1,0,1
0,0.06941450938003185,0.4271379398825353,0.07431499903070728,0.3978439138821537,0,0,0,0
0,0.11053456660875846,0.4149195793866243,0.13655988961459878,0.3978439138821537,0,0,0,0
0,0.1398183259175398,0.39401828560756613,0.07431499903070728,0.37265323151672886,0,0,0,0
0,0.29101817973173333,0.4284631335378543,0.5234187052694159,0.37265323151672886,0,0,1,0
0,0.12155625830833656,0.3082833820621627,0.07103470408429507,0.2909786896464161,0,0,0,0
1,0.5584776093164431,0.6276986515763452,0.13655988961459878,0.808688118677574,1,1,0,1
0,0.15076201200122488,0.5217960363390451,0.07431499903070728,0.3978439138821537,0,1,0,0
0,0.04503376549976386,0.16190251387428087,0.07103470408429507,0.2909786896464161,0,0,0,0
0,0.42986537477534514,0.5980407374644408,0.07431499903070728,0.701098738389222,0,1,0,1
0,0.05288514122518377,0.24979344812574306,0.13655988961459878,0.2909786896464161,0,0,0,0
0,0.13763295802478098,0.45565208890381464,0.07431499903070728,0.4568734218781583,0,0,0,0
0,0.7162234282591488,0.6264694721240239,0.7119238007333535,0.701098738389222,1,1,1,1
0,0.018961855239226236,0.26312678090666036,0.07431499903070728,0.4568734218781583,0,0,0,0
0,0.4755493353052931,0.6376891567181715,0.07431499903070728,0.701098738389222,0,1,0,1
0,0.11820091699876868,0.4387298429140751,0.07431499903070728,0.3978439138821537,0,0,0,0
0,0.8014987042144289,0.5814302294896492,0.7849054919390522,0.701098738389222,1,1,1,1
1,0.9997085013362036,0.9844348607041246,0.8761146978001559,0.9479097084107246,1,1,1,1
1,0.8506298256421259,0.8613906603999412,0.9369658288621653,0.9479097084107246,1,1,1,1
0,0.042532815188687366,0.27749928108065597,0.07431499903070728,0.2909786896464161,0,0,0,0
0,0.04177181908301659,0.17832770606080275,0.13655988961459878,0.15659063436336962,0,0,0,0
0,0.2599431445071386,0.536521394226915,0.13655988961459878,0.3978439138821537,0,1,0,0
0,0.10365103093020263,0.3610650391374354,0.13655988961459878,0.3978439138821537,0,0,0,0
0,0.1028941194171906,0.2354279735629534,0.07103470408429507,0.2909786896464161,0,0,0,0
0,0.6529313429743955,0.42614932066042166,0.7849054919390522,0.3978439138821537,1,0,1,0
0,0.6811560046075085,0.44446849714777253,0.7119238007333535,0.701098738389222,1,0,1,1
0,0.632854592908742,0.8189896187521618,0.5234187052694159,0.701098738389222,1,1,1,1
0,0.06064707390374962,0.2779871018314387,0.07431499903070728,0.23888391686748214,0,0,0,0
0,0.255719065686571,0.4790683574994985,0.5234187052694159,0.4568734218781583,0,0,1,0
0,0.011451343878704683,0.23592872764995435,0.07431499903070728,0.4568734218781583,0,0,0,0
0,0.11265425247495751,0.4087035347221455,0.13655988961459878,0.3978439138821537,0,0,0,0
0,0.42831556816495836,0.47849881926457805,0.7119238007333535,0.701098738389222,0,0,1,1
0,0.4335905962978675,0.4270337504119952,0.4472301288753701,0.3978439138821537,0,0,0,0
0,0.63234721546519,0.48848279126695254,0.07103470408429507,0.23888391686748214,1,0,0,0
0,0.07807541257380748,0.28541439559908555,0.13655988961459878,0.3978439138821537,0,0,0,0
0,0.013217591581091283,0.1864142226394985,0.07431499903070728,0.15659063436336962,0,0,0,0
0,0.34881101067506776,0.3154023454015172,0.07103470408429507,0.23888391686748214,0,0,0,0
0,0.157291264540781,0.370406432109097,0.5234187052694159,0.4568734218781583,0,0,1,0
0,0.6132247528473959,0.7115321687296265,0.07431499903070728,0.3978439138821537,1,1,0,0
0,0.3580430807633884,0.47456055984011486,0.5234187052694159,0.701098738389222,0,0,1,1
0,0.4344964453799216,0.46238664278427966,0.4472301288753701,0.3978439138821537,0,0,0,0
1,0.9667982536128372,0.9213068547176181,0.0,0.9479097084107246,1,1,0,1
0,0.04859104398267973,0.3191027681610535,0.07431499903070728,0.3978439138821537,0,0,0,0
0,0.9142576611959892,0.7711001198789286,0.7119238007333535,0.701098738389222,1,1,1,1
1,0.9523155631973921,0.37650079161059996,0.9249893275964554,0.3978439138821537,1,0,1,0
0,0.01158985803095072,0.16067210112734814,0.07431499903070728,0.15659063436336962,0,0,0,0
0,0.35939784013620446,0.5996404940954668,0.5234187052694159,0.6545986309349229,0,1,1,1
0,0.802842759411304,0.5899221517203316,0.4472301288753701,0.3978439138821537,1,1,0,0
0,0.27757530021753163,0.44887331320200063,0.4472301288753701,0.3978439138821537,0,0,0,0
0,0.08038502501242378,0.3572264485228561,0.07431499903070728,0.3978439138821537,0,0,0,0
0,0.14227020586508712,0.41821912766197367,0.07431499903070728,0.3978439138821537,0,0,0,0
0,0.08402337376490256,0.36930537443464595,0.07431499903070728,0.37265323151672886,0,0,0,0
0,0.0200543245199914,0.14463873257645,0.13655988961459878,0.15659063436336962,0,0,0,0
0,0.7686243525942186,0.5772677400182625,0.4472301288753701,0.3978439138821537,1,1,0,0
0,0.07397931370345348,0.44817510048696724,0.07431499903070728,0.4568734218781583,0,0,0,0
0,0.07812543334708137,0.3372545188048669,0.043146073851833694,0.2909786896464161,0,0,0,0
1,0.7165043592936112,0.5726110803232685,0.7119238007333535,0.701098738389222,1,1,1,1
0,0.3316490116932561,0.47270289762915557,0.5234187052694159,0.701098738389222,0,0,1,1
0,0.07619649297518988,0.276131074625831,0.5234187052694159,0.37265323151672886,0,0,1,0
1,0.9581425414014387,0.8439932437999044,0.7119238007333535,0.701098738389222,1,1,1,1
0,0.031615008567659586,0.14594915073333217,0.13655988961459878,0.15659063436336962,0,0,0,0
0,0.9876969101755333,0.9819965516620075,0.9369658288621653,0.9479097084107246,1,1,1,1
0,0.2562597551630912,0.5350775337983782,0.5234187052694159,0.4568734218781583,0,1,1,0
0,0.5952994187089747,0.5261050539601969,0.7119238007333535,0.4568734218781583,1,1,1,0
0,0.6370994185683155,0.18850545863199372,0.8797509975750424,0.15659063436336962,1,0,1,0
0,0.006276199106319675,0.07605648116171332,0.13655988961459878,0.15659063436336962,0,0,0,0
0,0.09081508144383144,0.42526978841526747,0.07431499903070728,0.3978439138821537,0,0,0,0
0,0.08826220830470838,0.360168670931778,0.07431499903070728,0.3978439138821537,0,0,0,0
0,0.11877701303251359,0.35103466410610684,0.07431499903070728,0.2909786896464161,0,0,0,0
0,0.3681675849659355,0.5086957920600751,0.5234187052694159,0.6545986309349229,0,1,1,1
0,0.2171210548271995,0.5110562301865876,0.07431499903070728,0.6545986309349229,0,1,0,1
1,0.7921773202985385,0.8778044506113867,0.4986819481082508,0.701098738389222,1,1,0,1
0,0.1950557462715977,0.42731985052884686,0.13655988961459878,0.3978439138821537,0,0,0,0
0,0.4355691955681956,0.5962414441142216,0.07431499903070728,0.701098738389222,0,1,0,1
1,0.9571678597023243,0.7632050595155009,0.7849054919390522,0.701098738389222,1,1,1,1
0,0.2588567839744033,0.45439818999733933,0.5234187052694159,0.701098738389222,0,0,1,1
0,0.19296233308723637,0.3771855057519678,0.13655988961459878,0.3978439138821537,0,0,0,0
1,0.9950378538921564,0.49834589690112224,0.9249893275964554,0.37265323151672886,1,0,1,0
0,0.06089812658811583,0.2179743906458584,0.13655988961459878,0.23888391686748214,0,0,0,0
0,0.03063859795629184,0.17947634139668542,0.13655988961459878,0.23888391686748214,0,0,0,0
0,0.40032656586851617,0.441104829717656,0.7119238007333535,0.701098738389222,0,0,1,1
0,0.03204806127265858,0.1939439493416014,0.07431499903070728,0.2909786896464161,0,0,0,0
0,0.1706685216695124,0.5573209392486734,0.07431499903070728,0.3978439138821537,0,1,0,0
0,0.2179168670321977,0.5479014629866681,0.07431499903070728,0.37265323151672886,0,1,0,0
0,0.026128385270330214,0.1690419223563687,0.07431499903070728,0.15659063436336962,0,0,0,0
0,0.5839326045451793,0.5671001549170493,0.4472301288753701,0.3978439138821537,1,1,0,0
0,0.18718319459803834,0.46754577434132955,0.07431499903070728,0.37265323151672886,0,0,0,0
0,0.0603610707490119,0.2986997916933859,0.13655988961459878,0.3978439138821537,0,0,0,0
0,0.03722471283499801,0.13038800596087902,0.07103470408429507,0.2909786896464161,0,0,0,0
0,0.08550413443285132,0.39086913332774087,0.07431499903070728,0.2909786896464161,0,0,0,0
0,0.09387365559529542,0.32591546489305817,0.043146073851833694,0.23888391686748214,0,0,0,0
0,0.03784608401852957,0.16207320483485738,0.13655988961459878,0.15659063436336962,0,0,0,0
0,0.03757483781401577,0.22850007066056544,0.07431499903070728,0.23888391686748214,0,0,0,0
0,0.9281999010832466,0.8452895111801833,0.7119238007333535,0.701098738389222,1,1,1,1
0,0.7577515420198313,0.4771986307963124,0.4472301288753701,0.3978439138821537,1,0,0,0
0,0.06800437695435863,0.30358607789442654,0.07431499903070728,0.701098738389222,0,0,0,1
1,0.9604997603970068,0.6596145398487416,0.8761146978001559,0.3978439138821537,1,1,1,0
0,0.04259246797928496,0.21266289440706793,0.07431499903070728,0.15659063436336962,0,0,0,0
0,0.2389427135294926,0.5487696339637183,0.07431499903070728,0.701098738389222,0,1,0,1
0,0.04133175016759555,0.16710156294942405,0.13655988961459878,0.2909786896464161,0,0,0,0
0,0.07782070613411882,0.3627383410930322,0.07431499903070728,0.37265323151672886,0,0,0,0
0,0.7930680739327538,0.5435021101284141,0.7119238007333535,0.701098738389222,1,1,1,1
0,0.10889341186599301,0.19615006640440155,0.07103470408429507,0.15659063436336962,0,0,0,0
0,0.2373925694303941,0.5228775064419303,0.07431499903070728,0.37265323151672886,0,1,0,0
0,0.02646972164597464,0.15699754619284828,0.13655988961459878,0.2909786896464161,0,0,0,0
0,0.034332423912131864,0.12028290378053184,0.07103470408429507,0.2909786896464161,0,0,0,0
0,0.45164291278995233,0.24549110023385767,0.624061140007934,0.2909786896464161,0,0,1,0
0,0.3720706392007499,0.41912209375705384,0.13655988961459878,0.3978439138821537,0,0,0,0
0,0.14946805463242327,0.43096512512199625,0.5234187052694159,0.4568734218781583,0,0,1,0
0,0.37687376134952383,0.6611733789794486,0.5234187052694159,0.4568734218781583,0,1,1,0
1,0.20343710307383986,0.4487142311175562,0.5234187052694159,0.37265323151672886,0,0,1,0
0,0.47296845230835793,0.7105245886054901,0.07431499903070728,0.3978439138821537,0,1,0,0
0,0.008043330007114307,0.12793794993056198,0.07431499903070728,0.15659063436336962,0,0,0,0
0,0.07123849051418851,0.337914078919756,0.07431499903070728,0.3978439138821537,0,0,0,0
1,0.4991736302832564,0.5703971141597869,0.5234187052694159,0.37265323151672886,0,1,1,0
0,0.06128782957739674,0.25285629097835005,0.13655988961459878,0.23888391686748214,0,0,0,0
1,0.385424622497568,0.5570914324048092,0.5234187052694159,0.701098738389222,0,1,1,1
0,0.05850960704217006,0.38383781524990856,0.07431499903070728,0.3978439138821537,0,0,0,0
0,0.483870742127062,0.5702834097428796,0.5234187052694159,0.701098738389222,0,1,1,1
0,0.12036296321417732,0.43563011198973906,0.07431499903070728,0.701098738389222,0,0,0,1
0,0.05685845174383862,0.33246451735068355,0.5234187052694159,0.4568734218781583,0,0,1,0
0,0.013221254490658977,0.18779972031150677,0.07431499903070728,0.15659063436336962,0,0,0,0
0,0.694446467648713,0.6321115770639886,0.4472301288753701,0.3978439138821537,1,1,0,0
0,0.08073746014675827,0.22785379054366686,0.13655988961459878,0.2909786896464161,0,0,0,0
0,0.680869890305309,0.3418660101757856,0.7849054919390522,0.3978439138821537,1,0,1,0
0,0.45661372013991447,0.44798386054992695,0.7119238007333535,0.37265323151672886,0,0,1,0
0,0.12774846217676794,0.3918608064134476,0.043146073851833694,0.23888391686748214,0,0,0,0
0,0.09522357115449834,0.3962776222543921,0.07431499903070728,0.3978439138821537,0,0,0,0
0,0.5854666608633182,0.6094202988568569,0.7119238007333535,0.701098738389222,1,1,1,1
0,0.030294789813063185,0.3186663872726706,0.07431499903070728,0.4568734218781583,0,0,0,0
0,0.014852375189758474,0.12327785326519455,0.13655988961459878,0.47969074013403357,0,0,0,0
1,0.7378428933109022,0.4740190959196433,0.7849054919390522,0.3978439138821537,1,0,1,0
1,0.41076286794489975,0.4473544037085625,0.7119238007333535,0.6545986309349229,0,0,1,1
0,0.09814788791790938,0.3929228429292331,0.07431499903070728,0.23888391686748214,0,0,0,0
0,0.5965497991390186,0.5048898175260943,0.4472301288753701,0.3978439138821537,1,1,0,0
0,0.08117266495543124,0.443360589880986,0.07431499903070728,0.3978439138821537,0,0,0,0
1,0.9991005142462137,0.5344897615248355,0.9249893275964554,0.3978439138821537,1,1,1,0
0,0.5870399166133247,0.35053267950859357,0.624061140007934,0.23888391686748214,1,0,1,0
0,0.06148637886058446,0.2678372812799114,0.07431499903070728,0.23888391686748214,0,0,0,0
0,0.08371966905826672,0.2294176373689834,0.13655988961459878,0.23888391686748214,0,0,0,0
0,0.1699327556924404,0.29821243723806784,0.4472301288753701,0.3978439138821537,0,0,0,0
1,0.9979458403732504,0.46674961246401836,0.8797509975750424,0.23888391686748214,1,0,1,0
0,0.051427125965630524,0.15620552012710257,0.07103470408429507,0.15659063436336962,0,0,0,0
0,0.1129060164076167,0.36188953656130624,0.07431499903070728,0.23888391686748214,0,0,0,0
0,0.9439213042633366,0.9409120466458767,0.9369658288621653,0.9479097084107246,1,1,1,1
0,0.18199536810244418,0.4572434934675297,0.07431499903070728,0.3978439138821537,0,0,0,0
0,0.04948987714547407,0.22580964802146153,0.07431499903070728,0.3978439138821537,0,0,0,0
0,0.08086355621642656,0.34210459265531873,0.13655988961459878,0.3978439138821537,0,0,0,0
1,0.5659843906617232,0.39660339150747154,0.7119238007333535,0.701098738389222,1,0,1,1
0,0.125988974126919,0.38501555197864074,0.07431499903070728,0.37265323151672886,0,0,0,0
0,0.21236665307373992,0.48198492131667925,0.07431499903070728,0.37265323151672886,0,0,0,0
0,0.057592502802994605,0.33461361868584805,0.07431499903070728,0.23888391686748214,0,0,0,0
0,0.1820226489777393,0.5182954301878324,0.07431499903070728,0.2909786896464161,0,1,0,0
0,0.3215238381802585,0.473114994374602,0.5234187052694159,0.6545986309349229,0,0,1,1
0,0.2750186625406483,0.5046391363961792,0.5234187052694159,0.37265323151672886,0,1,1,0
0,0.8909678940486213,0.7592181309835313,0.7119238007333535,0.701098738389222,1,1,1,1
0,0.1754006434885986,0.15077175126947037,0.2843241992058826,0.2909786896464161,0,0,0,0
0,0.17009828447399947,0.4186160212128758,0.13655988961459878,0.3978439138821537,0,0,0,0
0,0.7023967850347604,0.49154056418144004,0.4472301288753701,0.3978439138821537,1,0,0,0
0,0.21717349574988062,0.37670748557217426,0.4472301288753701,0.3978439138821537,0,0,0,0
0,0.1881480573324326,0.4131631042815037,0.13655988961459878,0.3978439138821537,0,0,0,0
0,0.08854818563576863,0.2709200809643689,0.13655988961459878,0.23888391686748214,0,0,0,0
0,0.14315062493820124,0.44176053900514706,0.07431499903070728,0.3978439138821537,0,0,0,0
0,0.228531168922729,0.5510643797599426,0.07431499903070728,0.3978439138821537,0,1,0,0
0,0.04569277483021599,0.3529136595613778,0.07431499903070728,0.37265323151672886,0,0,0,0
1,0.15464927286942856,0.3121708992862121,0.4472301288753701,0.3978439138821537,0,0,0,0
1,0.9883912184135875,0.34207485249134634,0.9249893275964554,0.37265323151672886,1,0,1,0
0,0.25517932832697293,0.5417175017715589,0.07431499903070728,0.701098738389222,0,1,0,1
0,0.044861226217277485,0.1596993610690831,0.13655988961459878,0.15659063436336962,0,0,0,0
0,0.023134364532369726,0.19365372589111235,0.13655988961459878,0.3978439138821537,0,0,0,0
0,0.04014593779006903,0.28671580358721666,0.07431499903070728,0.23888391686748214,0,0,0,0
0,0.16992727643282046,0.4026572549786242,0.07431499903070728,0.3978439138821537,0,0,0,0
0,0.15106112432451038,0.3581672591342743,0.043146073851833694,0.2909786896464161,0,0,0,0
1,0.9183159251359274,0.7397394026094698,0.7119238007333535,0.701098738389222,1,1,1,1
0,0.039117627846476516,0.26730953278212455,0.07431499903070728,0.3978439138821537,0,0,0,0
1,0.9070475689229132,0.3029084401469572,0.9249893275964554,0.3978439138821537,1,0,1,0
0,0.20880835270641043,0.4541904574120688,0.07431499903070728,0.3978439138821537,0,0,0,0
0,0.18064359707385633,0.38017512461020986,0.13655988961459878,0.3978439138821537,0,0,0,0
0,0.02459980525764474,0.12550432812466059,0.07103470408429507,0.15659063436336962,0,0,0,0
0,0.28632094882895476,0.42091349243292836,0.5234187052694159,0.6545986309349229,0,0,1,1
0,0.11460107474388458,0.1724360672556087,0.07103470408429507,0.15659063436336962,0,0,0,0
1,0.9066736670197315,0.41158054335824296,0.9249893275964554,0.3978439138821537,1,0,1,0
1,0.896417257731783,0.8749885428171834,0.9369658288621653,0.9479097084107246,1,1,1,1
0,0.18758407107985448,0.4367619436852481,0.07431499903070728,0.37265323151672886,0,0,0,0
0,0.13931351972738096,0.5132658467437274,0.07431499903070728,0.4568734218781583,0,1,0,0
0,0.17552129056911553,0.4783831169622304,0.07431499903070728,0.3978439138821537,0,0,0,0
0,0.21663648343387618,0.5485991753710813,0.07431499903070728,0.3978439138821537,0,1,0,0
0,0.056749664338963175,0.28895969681704714,0.043146073851833694,0.23888391686748214,0,0,0,0
0,0.44619009757984157,0.43829846883382406,0.7119238007333535,0.37265323151672886,0,0,1,0
0,0.29637051159294153,0.4772082755373583,0.13655988961459878,0.3978439138821537,0,0,0,0
0,0.01369654093492428,0.17858097160515565,0.07431499903070728,0.23888391686748214,0,0,0,0
0,0.07573024641229809,0.3613020185492024,0.07431499903070728,0.37265323151672886,0,0,0,0
0,0.8453953295807218,0.8890173532025751,0.0,0.0,1,1,0,0
0,0.6017313889040257,0.7412887781695374,0.07431499903070728,0.701098738389222,1,1,0,1
0,0.5821489008462084,0.768568614093142,0.4986819481082508,0.701098738389222,1,1,0,1
0,0.04510255971717816,0.31690441219828525,0.07431499903070728,0.3978439138821537,0,0,0,0
0,0.09801842280441375,0.3600857233469083,0.13655988961459878,0.3978439138821537,0,0,0,0
0,0.277610839828198,0.5361950200169443,0.07431499903070728,0.701098738389222,0,1,0,1
0,0.11984976661813423,0.3152551385208417,0.043146073851833694,0.15659063436336962,0,0,0,0
0,0.08660772878469195,0.4000991667253708,0.07431499903070728,0.23888391686748214,0,0,0,0
0,0.05734590172845221,0.3405903227232101,0.07431499903070728,0.37265323151672886,0,0,0,0
0,0.25872206976738116,0.4924388193091529,0.13655988961459878,0.3978439138821537,0,0,0,0
0,0.2924957921889994,0.4461686039111298,0.13655988961459878,0.3978439138821537,0,0,0,0
0,0.3208933872379056,0.599841744551285,0.07431499903070728,0.701098738389222,0,1,0,1
0,0.05685655602800255,0.2989685290010542,0.043146073851833694,0.2909786896464161,0,0,0,0
0,0.09844541832393779,0.4050758650833527,0.07431499903070728,0.3978439138821537,0,0,0,0
0,0.9155575466142555,0.434597212003874,0.8761146978001559,0.701098738389222,1,0,1,1
0,0.1500086285253281,0.3769364975302716,0.043146073851833694,0.23888391686748214,0,0,0,0
0,0.17869115107123945,0.2942477963030401,0.07103470408429507,0.23888391686748214,0,0,0,0
0,0.618260619494214,0.6914786144009015,0.5234187052694159,0.701098738389222,1,1,1,1
1,0.7876024980878741,0.45814733251241296,0.7849054919390522,0.37265323151672886,1,0,1,0
0,0.2947074442381946,0.6498239587121397,0.5234187052694159,0.4568734218781583,0,1,1,0
0,0.2009451922470896,0.5615988189430399,0.07431499903070728,0.3978439138821537,0,1,0,0
0,0.736795997969182,0.5358124619246523,0.7119238007333535,0.701098738389222,1,1,1,1
0,0.6148565507390201,0.7615782172046471,0.9602234262685618,0.0,1,1,1,0
0,0.5165471781202998,0.6739869394755303,0.5234187052694159,0.701098738389222,1,1,1,1
0,0.04768651999073677,0.26464248604466084,0.07431499903070728,0.23888391686748214,0,0,0,0
0,0.09170538601019917,0.47826581668326024,0.07431499903070728,0.4568734218781583,0,0,0,0
0,0.036012875767265876,0.24013574772860402,0.07431499903070728,0.2909786896464161,0,0,0,0
0,0.03357923993197158,0.2341492843461816,0.07431499903070728,0.23888391686748214,0,0,0,0
1,0.974921782110365,0.9568614691008077,0.9602234262685618,0.9479097084107246,1,1,1,1
0,0.20232551184984676,0.495072820420254,0.5234187052694159,0.4568734218781583,0,0,1,0
0,0.9998133396424763,0.5217821814744056,0.9249893275964554,0.3978439138821537,1,1,1,0
0,0.28850459265099393,0.46981387458082097,0.5234187052694159,0.37265323151672886,0,0,1,0
0,0.19714235197229213,0.4824403120046962,0.07431499903070728,0.3978439138821537,0,0,0,0
0,0.1574312390363236,0.43689488039749275,0.13655988961459878,0.3978439138821537,0,0,0,0
0,0.5100879380432046,0.4362390741010815,0.4472301288753701,0.3978439138821537,1,0,0,0
0,0.05476687740162584,0.15548792795201447,0.07103470408429507,0.15659063436336962,0,0,0,0
0,0.14266259969116443,0.36468161913998265,0.7119238007333535,0.37265323151672886,0,0,1,0
0,0.4353388249444442,0.2879028979660974,0.7849054919390522,0.3978439138821537,0,0,1,0
1,0.2541335820439023,0.2587987818647108,0.7849054919390522,0.3978439138821537,0,0,1,0
0,0.033028363078734975,0.17854475674499587,0.13655988961459878,0.15659063436336962,0,0,0,0
0,0.01558928004691019,0.19565777098259618,0.07431499903070728,0.2909786896464161,0,0,0,0
0,0.31072561224175693,0.47958947675011504,0.5234187052694159,0.37265323151672886,0,0,1,0
0,0.021423560935598596,0.13665631789332078,0.13655988961459878,0.15659063436336962,0,0,0,0
0,0.5118425557923183,0.185753581639626,0.7616858140337348,0.15659063436336962,1,0,1,0
1,0.8215025172513759,0.5165933334895991,0.7119238007333535,0.701098738389222,1,1,1,1
0,0.18416539338348872,0.3075560486194206,0.13655988961459878,0.3978439138821537,0,0,0,0
0,0.28748080756889094,0.5448532747487214,0.5234187052694159,0.37265323151672886,0,1,1,0
0,0.34021164180070346,0.48683517416007543,0.5234187052694159,0.701098738389222,0,0,1,1
0,0.2191911553185102,0.46266976253399683,0.13655988961459878,0.3978439138821537,0,0,0,0
0,0.05541358578761012,0.2803838748999612,0.07431499903070728,0.3978439138821537,0,0,0,0
0,0.44502415860362093,0.5509024642061079,0.7119238007333535,0.6545986309349229,0,1,1,1
0,0.28214740616926764,0.4296575132639975,0.5234187052694159,0.701098738389222,0,0,1,1
0,0.04116953284791657,0.30030779356809184,0.5234187052694159,0.4568734218781583,0,0,1,0
0,0.37520086730859603,0.5721390951970767,0.5234187052694159,0.4568734218781583,0,1,1,0
0,0.42193535753716965,0.3929376178865242,0.4472301288753701,0.3978439138821537,0,0,0,0
0,0.17396832065223133,0.4971085631459417,0.07431499903070728,0.3978439138821537,0,0,0,0
0,0.6596564911938663,0.5819326230404597,0.13655988961459878,0.3978439138821537,1,1,0,0
0,0.13624700829579797,0.20953948082208354,0.07103470408429507,0.2909786896464161,0,0,0,0
0,0.11679774463040679,0.3265434985527666,0.07431499903070728,0.3978439138821537,0,0,0,0
0,0.06949985092279369,0.341400025117958,0.13655988961459878,0.3978439138821537,0,0,0,0
0,0.20477950872583117,0.5385412882810421,0.07431499903070728,0.701098738389222,0,1,0,1
0,0.30678785356771093,0.4398215420293596,0.13655988961459878,0.3978439138821537,0,0,0,0
0,0.19352743050068869,0.4974877673556467,0.13655988961459878,0.3978439138821537,0,0,0,0
0,0.10294381482339525,0.38309615498134186,0.07431499903070728,0.37265323151672886,0,0,0,0
0,0.5667668657392362,0.6300396922338197,0.07431499903070728,0.701098738389222,1,1,0,1
0,0.3210479874626687,0.7264810227574344,0.07431499903070728,0.37265323151672886,0,1,0,0
0,0.541684479474715,0.7309152838070899,0.07431499903070728,0.701098738389222,1,1,0,1
0,0.313835770970175,0.3879540884940728,0.5234187052694159,0.701098738389222,0,0,1,1
0,0.04368690534136638,0.15616296696141543,0.07103470408429507,0.15659063436336962,0,0,0,0
0,0.6562139776201171,0.6635444546813767,0.7119238007333535,0.701098738389222,1,1,1,1
0,0.5804538053433035,0.47132829316798014,0.4472301288753701,0.3978439138821537,1,0,0,0
0,0.4969994403959042,0.43369358396288193,0.4472301288753701,0.3978439138821537,0,0,0,0
0,0.562997201675829,0.7223366523396877,0.07431499903070728,0.701098738389222,1,1,0,1
1,0.7272552174975273,0.8376676868632714,0.7512025309012217,0.701098738389222,1,1,1,1
0,0.04400732946554313,0.2122631930577512,0.13655988961459878,0.15659063436336962,0,0,0,0
0,0.05189902434049599,0.2611553846418643,0.07431499903070728,0.15659063436336962,0,0,0,0
0,0.47511880834368053,0.7243633898821745,0.07431499903070728,0.3978439138821537,0,1,0,0
0,0.11597839169166856,0.30078783961944167,0.4472301288753701,0.3978439138821537,0,0,0,0
0,0.4550927996985264,0.3547411604557806,0.7119238007333535,0.37265323151672886,0,0,1,0
0,0.07889061603978413,0.35271936055697617,0.13655988961459878,0.3978439138821537,0,0,0,0
0,0.6148485403975396,0.16947948084278966,0.8797509975750424,0.15659063436336962,1,0,1,0
0,0.02932296470241853,0.23150533187660105,0.07431499903070728,0.15659063436336962,0,0,0,0
0,0.07531889217415205,0.19123929586897048,0.07103470408429507,0.15659063436336962,0,0,0,0
1,0.941113265582473,0.8782378595186142,0.9602234262685618,0.9269601406234662,1,1,1,1
0,0.7158792595799389,0.5060525403289245,0.4472301288753701,0.3978439138821537,1,1,0,0
0,0.17030499848398498,0.4051913131123168,0.07431499903070728,0.3978439138821537,0,0,0,0
0,0.2555777269115954,0.3542131962427776,0.4472301288753701,0.3978439138821537,0,0,0,0
0,0.29915344970830254,0.4770212213043511,0.5234187052694159,0.37265323151672886,0,0,1,0
1,0.881678470419987,0.849313734025447,0.5234187052694159,0.701098738389222,1,1,1,1
0,0.6375273358637098,0.5853351199436626,0.7119238007333535,0.37265323151672886,1,1,1,0
0,0.07902465023636973,0.38245016408072263,0.07431499903070728,0.4568734218781583,0,0,0,0
1,0.4963446068170813,0.25099456052964514,0.7616858140337348,0.23888391686748214,0,0,1,0
0,0.03063525699552407,0.12213871612696707,0.07103470408429507,0.15659063436336962,0,0,0,0
0,0.0700515426650143,0.32912792964468296,0.07431499903070728,0.3978439138821537,0,0,0,0
0,0.03024718722401449,0.21501505316095293,0.07431499903070728,0.2909786896464161,0,0,0,0
0,0.20265439625751977,0.4169504775376996,0.5234187052694159,0.37265323151672886,0,0,1,0
0,0.04552907587872701,0.2503022279215736,0.07431499903070728,0.23888391686748214,0,0,0,0
1,0.7917925278448341,0.5394338465690187,0.7849054919390522,0.3978439138821537,1,1,1,0
0,0.15894405700225261,0.2951450600275693,0.07431499903070728,0.3978439138821537,0,0,0,0
0,0.027670657898733454,0.15748462928606125,0.13655988961459878,0.15659063436336962,0,0,0,0
1,0.7397960479509594,0.6223517404985405,0.7119238007333535,0.701098738389222,1,1,1,1
1,0.260365913996338,0.5531872286404104,0.5234187052694159,0.4568734218781583,0,1,1,0
0,0.9153501505036037,0.7620607166280787,0.7119238007333535,0.701098738389222,1,1,1,1
0,0.010143442542757924,0.09979919424261696,0.07431499903070728,0.2909786896464161,0,0,0,0
0,0.4066901361999541,0.5725035495717204,0.07431499903070728,0.701098738389222,0,1,0,1
0,0.04155494744843516,0.3408433279186087,0.07431499903070728,0.23888391686748214,0,0,0,0
0,0.629949664809349,0.6042602077752616,0.7119238007333535,0.701098738389222,1,1,1,1
0,0.2698103697577997,0.6186527538369742,0.07431499903070728,0.3978439138821537,0,1,0,0
0,0.10736213154517334,0.37099516280429157,0.07431499903070728,0.23888391686748214,0,0,0,0
0,0.27508757494248604,0.4148117350725405,0.4472301288753701,0.3978439138821537,0,0,0,0
0,0.15090461437196354,0.4654955770901817,0.07431499903070728,0.37265323151672886,0,0,0,0
0,0.28380592848839065,0.53003798739748,0.5234187052694159,0.37265323151672886,0,1,1,0
0,0.11252111586939578,0.4917599186117739,0.07431499903070728,0.2909786896464161,0,0,0,0
0,0.036418938054275554,0.17174034103385113,0.13655988961459878,0.15659063436336962,0,0,0,0
0,0.26007165093904444,0.40485405621294984,0.4472301288753701,0.3978439138821537,0,0,0,0
0,0.0708801776896427,0.312710357748253,0.07431499903070728,0.3978439138821537,0,0,0,0
0,0.548733765024934,0.16354329540720647,0.8797509975750424,0.2909786896464161,1,0,1,0
0,0.05388057779842419,0.23999288117959616,0.07431499903070728,0.2909786896464161,0,0,0,0
0,0.30315479266929884,0.5170398186216972,0.07431499903070728,0.3978439138821537,0,1,0,0
0,0.5965514636235191,0.5663526161675299,0.7119238007333535,0.701098738389222,1,1,1,1
0,0.35573564354820664,0.5291982886005581,0.13655988961459878,0.3978439138821537,0,1,0,0
1,0.8067617644898717,0.7676244655633987,0.4472301288753701,0.3978439138821537,1,1,0,0
0,0.18509833528742972,0.19454941228932182,0.2843241992058826,0.15659063436336962,0,0,0,0
0,0.1411072874544845,0.48560710178160615,0.07431499903070728,0.3978439138821537,0,0,0,0
0,0.2988122730121449,0.3605687136010776,0.7119238007333535,0.4568734218781583,0,0,1,0
0,0.34614436778271956,0.5282781688396306,0.07431499903070728,0.701098738389222,0,1,0,1
1,0.7591307648193435,0.5063006136314772,0.7849054919390522,0.3978439138821537,1,1,1,0
0,0.07944572861143784,0.3397198576714165,0.07431499903070728,0.23888391686748214,0,0,0,0
1,0.7303752339866978,0.5309136437397024,0.4472301288753701,0.3978439138821537,1,1,0,0
0,0.0808236536798227,0.44108274248729346,0.07431499903070728,0.808688118677574,0,0,0,1
0,0.09839822100251594,0.3841037205299038,0.07431499903070728,0.3978439138821537,0,0,0,0
0,0.19447271537791425,0.43592929145204207,0.07431499903070728,0.701098738389222,0,0,0,1
0,0.057264738287258574,0.1815305444065513,0.07103470408429507,0.15659063436336962,0,0,0,0
1,0.7616862161271521,0.6385043805342764,0.7119238007333535,0.701098738389222,1,1,1,1
0,0.05237883841596441,0.20318457421743324,0.13655988961459878,0.2909786896464161,0,0,0,0
0,0.1033991239574246,0.3302070829152615,0.13655988961459878,0.3978439138821537,0,0,0,0
0,0.09448834229337091,0.4086626113081414,0.07431499903070728,0.37265323151672886,0,0,0,0
0,0.11537958867085008,0.4291423576035038,0.07431499903070728,0.3978439138821537,0,0,0,0
0,0.03628260825730825,0.1665766661665737,0.13655988961459878,0.15659063436336962,0,0,0,0
0,0.09169649475196709,0.3919075106690239,0.07431499903070728,0.23888391686748214,0,0,0,0
0,0.1918544899589767,0.17609230059089304,0.2843241992058826,0.15659063436336962,0,0,0,0
0,0.180151311083006,0.46646372483270293,0.07431499903070728,0.3978439138821537,0,0,0,0
1,0.9729689973319503,0.28153787360452376,0.9249893275964554,0.3978439138821537,1,0,1,0
0,0.3341862603575634,0.4694327844488408,0.7119238007333535,0.4568734218781583,0,0,1,0
0,0.2751157115582329,0.44227637218781785,0.13655988961459878,0.3978439138821537,0,0,0,0
0,0.2761037651119959,0.6218332358678393,0.07431499903070728,0.701098738389222,0,1,0,1
0,0.6067210997420396,0.5179148069513572,0.4472301288753701,0.3978439138821537,1,1,0,0
0,0.6020360804018005,0.5423740149810127,0.7119238007333535,0.4568734218781583,1,1,1,0
0,0.060741241962251315,0.2392520169173091,0.13655988961459878,0.2909786896464161,0,0,0,0
0,0.44517235621102863,0.48172900439599287,0.4472301288753701,0.3978439138821537,0,0,0,0
0,0.13412377197643424,0.3814750789864235,0.07431499903070728,0.3978439138821537,0,0,0,0
0,0.023291517395085795,0.19890233097022614,0.07431499903070728,0.15659063436336962,0,0,0,0
0,0.014194133718433791,0.2225780098327514,0.07431499903070728,0.23888391686748214,0,0,0,0
0,0.908145450816522,0.4458944747825542,0.8761146978001559,0.3978439138821537,1,0,1,0
0,0.03647555126261256,0.19683896800097223,0.13655988961459878,0.3978439138821537,0,0,0,0
0,0.16080192893096262,0.4532925087333992,0.07431499903070728,0.6545986309349229,0,0,0,1
0,0.6071140892510322,0.6176063098840835,0.7119238007333535,0.4568734218781583,1,1,1,0
0,0.7883783145566132,0.48043460466027194,0.7849054919390522,0.4568734218781583,1,0,1,0
0,0.2482252130985617,0.45111849718607266,0.5234187052694159,0.4568734218781583,0,0,1,0
0,0.632161252473634,0.4653196586994996,0.7119238007333535,0.701098738389222,1,0,1,1
0,0.2640091319613823,0.4746748602967179,0.5234187052694159,0.4568734218781583,0,0,1,0
0,0.20228947553679597,0.41600815792616114,0.5234187052694159,0.37265323151672886,0,0,1,0
0,0.40069968876853773,0.6531193783744598,0.07431499903070728,0.701098738389222,0,1,0,1
0,0.4497068415368365,0.6052520882245132,0.7119238007333535,0.4568734218781583,0,1,1,0
0,0.46453137849494325,0.6358804942849602,0.07431499903070728,0.701098738389222,0,1,0,1
0,0.04473652589109117,0.17438553419372793,0.13655988961459878,0.2909786896464161,0,0,0,0
0,0.14196883609372876,0.4234850450767437,0.07431499903070728,0.2909786896464161,0,0,0,0
0,0.1634799519702095,0.3983775293484763,0.07431499903070728,0.37265323151672886,0,0,0,0
0,0.14136105528727436,0.40295802612291043,0.07431499903070728,0.3978439138821537,0,0,0,0
1,0.831869492989571,0.4966728486326719,0.7849054919390522,0.37265323151672886,1,0,1,0
0,0.6818198453436328,0.801948113280895,0.4986819481082508,0.701098738389222,1,1,0,1
1,0.5693913621692983,0.44124182375212495,0.4472301288753701,0.3978439138821537,1,0,0,0
1,0.6882050975645131,0.7242290791099352,0.5234187052694159,0.701098738389222,1,1,1,1
0,0.9740358165046012,0.856800593603503,0.7119238007333535,0.701098738389222,1,1,1,1
1,0.2805647356700199,0.47722822392900954,0.4472301288753701,0.8919618540568964,0,0,0,1
1,0.6900397815620446,0.7313534852832817,0.5234187052694159,0.701098738389222,1,1,1,1
0,0.6436415383004331,0.22931824846523974,0.7616858140337348,0.2909786896464161,1,0,1,0
0,0.08927622048759402,0.23578625004111498,0.13655988961459878,0.2909786896464161,0,0,0,0
0,0.07943192770935033,0.411824538434141,0.07431499903070728,0.37265323151672886,0,0,0,0
0,0.0988224790994652,0.47132244566917225,0.07431499903070728,0.3978439138821537,0,0,0,0
0,0.2932209627931385,0.1765285724645429,0.624061140007934,0.15659063436336962,0,0,1,0
1,0.2208417461806268,0.4550944959202679,0.5234187052694159,0.4568734218781583,0,0,1,0
0,0.11485936128367578,0.34868005058096646,0.13655988961459878,0.3978439138821537,0,0,0,0
0,0.0641008971766919,0.2750437482596813,0.07431499903070728,0.3978439138821537,0,0,0,0
0,0.0264807635730642,0.25806366525474655,0.07431499903070728,0.23888391686748214,0,0,0,0
0,0.23661665499370454,0.4397365229425615,0.13655988961459878,0.3978439138821537,0,0,0,0
0,0.09507819357900542,0.23092283254134433,0.07103470408429507,0.15659063436336962,0,0,0,0
0,0.09610412291144439,0.3348729854898394,0.13655988961459878,0.3978439138821537,0,0,0,0
0,0.20439544066216908,0.44436081533863075,0.7119238007333535,0.4568734218781583,0,0,1,0
0,0.6403399755070238,0.5732888451950828,0.4472301288753701,0.3978439138821537,1,1,0,0
0,0.014823949488957424,0.18387788207655695,0.07431499903070728,0.15659063436336962,0,0,0,0
0,0.1251628399381298,0.37811451009032054,0.043146073851833694,0.23888391686748214,0,0,0,0
0,0.13460472901448803,0.36576101452018084,0.13655988961459878,0.3978439138821537,0,0,0,0
0,0.09964456780368317,0.27504008796510376,0.13655988961459878,0.2909786896464161,0,0,0,0
0,0.9905344742706063,0.4656844298360363,0.9249893275964554,0.4568734218781583,1,0,1,0
0,0.13147257221537545,0.40982582775255705,0.07431499903070728,0.2909786896464161,0,0,0,0
0,0.5641672021548035,0.3099587876129392,0.8761146978001559,0.3978439138821537,1,0,1,0
0,0.044256126794083785,0.1437028147462414,0.07103470408429507,0.15659063436336962,0,0,0,0
0,0.25016833877733946,0.2702256372979966,0.4472301288753701,0.3978439138821537,0,0,0,0
0,0.16487483597473154,0.5335420798795854,0.07431499903070728,0.4568734218781583,0,1,0,0
0,0.16125957953439934,0.4239651247855581,0.043146073851833694,0.23888391686748214,0,0,0,0
0,0.10017702470930828,0.48504095782328865,0.07431499903070728,0.2909786896464161,0,0,0,0
0,0.1426706200200748,0.2885507834397658,0.13655988961459878,0.3978439138821537,0,0,0,0
0,0.12822066800901954,0.35974649248429985,0.13655988961459878,0.2909786896464161,0,0,0,0
0,0.23997470278183575,0.37222540570381124,0.4472301288753701,0.3978439138821537,0,0,0,0
0,0.009639139988491176,0.14091106954600063,0.13655988961459878,0.3978439138821537,0,0,0,0
0,0.028075422840726606,0.15839451694924908,0.13655988961459878,0.15659063436336962,0,0,0,0
0,0.058350336953848614,0.2784990305562252,0.07431499903070728,0.23888391686748214,0,0,0,0
0,0.6014360488670212,0.5463048716962237,0.7119238007333535,0.701098738389222,1,1,1,1
0,0.005008431289695874,0.1146274093523621,0.07431499903070728,0.15659063436336962,0,0,0,0
1,0.9816190073006907,0.7858179600168055,0.8761146978001559,0.701098738389222,1,1,1,1
0,0.05134288809422051,0.24199500962559237,0.13655988961459878,0.2909786896464161,0,0,0,0
0,0.021812896769429817,0.22837554582186145,0.07431499903070728,0.15659063436336962,0,0,0,0
0,0.08662484510228086,0.36367638779760775,0.07431499903070728,0.3978439138821537,0,0,0,0
1,0.21835143742075688,0.4676287279873252,0.5234187052694159,0.6545986309349229,0,0,1,1
0,0.7255887551629494,0.4391499913712989,0.4472301288753701,0.3978439138821537,1,0,0,0
0,0.18859750639383785,0.5326986156281492,0.07431499903070728,0.4568734218781583,0,1,0,0
0,0.06469302481392988,0.261712504664167,0.13655988961459878,0.2909786896464161,0,0,0,0
0,0.840958459389665,0.630888618280427,0.7119238007333535,0.701098738389222,1,1,1,1
0,0.36344972730161684,0.5367420644391248,0.07431499903070728,0.701098738389222,0,1,0,1
0,0.03470564045503498,0.1603805732089236,0.13655988961459878,0.15659063436336962,0,0,0,0
1,0.9948065740373352,0.692877857263853,0.9249893275964554,0.3978439138821537,1,1,1,0
0,0.1113585917045697,0.2974182552435538,0.07431499903070728,0.3978439138821537,0,0,0,0
0,0.21727371617827201,0.5331319791965967,0.07431499903070728,0.37265323151672886,0,1,0,0
0,0.458188990062743,0.49140982997616856,0.4472301288753701,0.3978439138821537,0,0,0,0
0,0.04011702636123369,0.27152352095244847,0.13655988961459878,0.3978439138821537,0,0,0,0
0,0.529209998640835,0.4700772395367246,0.7119238007333535,0.701098738389222,1,0,1,1
1,0.46413927804959654,0.4159409445540465,0.4472301288753701,0.3978439138821537,0,0,0,0
0,0.02339775655134706,0.28143588372668227,0.07431499903070728,0.2909786896464161,0,0,0,0
1,0.9720358105954502,0.7941201987646153,0.7849054919390522,0.701098738389222,1,1,1,1
0,0.5767636250591239,0.5801061789290057,0.4472301288753701,0.3978439138821537,1,1,0,0
0,0.6416251025010327,0.30711546607336104,0.7616858140337348,0.2909786896464161,1,0,1,0
0,0.010564750575681493,0.12335993232803585,0.07431499903070728,0.15659063436336962,0,0,0,0
0,0.15539698824703504,0.42423220627723685,0.07431499903070728,0.3978439138821537,0,0,0,0
0,0.23394156562793006,0.2255231744819214,0.07103470408429507,0.2909786896464161,0,0,0,0
0,0.18496625656546337,0.27437289409084425,0.07103470408429507,0.2909786896464161,0,0,0,0
0,0.12696400596634808,0.3754528715881956,0.13655988961459878,0.3978439138821537,0,0,0,0
0,0.20038435439774233,0.5902560451301891,0.07431499903070728,0.4568734218781583,0,1,0,0
0,0.26729075589022927,0.5057710717934696,0.5234187052694159,0.37265323151672886,0,1,1,0
1,0.7337835057133667,0.44772431857985884,0.8761146978001559,0.3978439138821537,1,0,1,0
0,0.2543958861587224,0.45516753060152676,0.4472301288753701,0.3978439138821537,0,0,0,0
1,0.9900071340311107,0.7398177624480123,0.9249893275964554,0.8342236211422674,1,1,1,1
0,0.11184201080754284,0.33847414187622926,0.13655988961459878,0.3978439138821537,0,0,0,0
0,0.16339743170382504,0.5433210596138667,0.07431499903070728,0.4568734218781583,0,1,0,0
0,0.09794696649110327,0.3365703597661883,0.07431499903070728,0.2909786896464161,0,0,0,0
0,0.1326386104451183,0.4250439916437765,0.5234187052694159,0.4568734218781583,0,0,1,0
0,0.3033602304538691,0.5240925708018804,0.5234187052694159,0.701098738389222,0,1,1,1
0,0.11206132945266045,0.3952600378411213,0.07431499903070728,0.3978439138821537,0,0,0,0
0,0.22267570062330383,0.374147773510493,0.07431499903070728,0.3978439138821537,0,0,0,0
0,0.8194051930544876,0.1767972917262999,0.8797509975750424,0.15659063436336962,1,0,1,0
0,0.9543702356849404,0.8295861297500627,0.7119238007333535,0.701098738389222,1,1,1,1
0,0.01578472111642662,0.11300502546539194,0.13655988961459878,0.15659063436336962,0,0,0,0
0,0.10169707296575005,0.1687053444602392,0.07103470408429507,0.15659063436336962,0,0,0,0
0,0.09376892472803032,0.41336684290557013,0.07431499903070728,0.3978439138821537,0,0,0,0
0,0.11252760231685188,0.3365929778518262,0.07431499903070728,0.3978439138821537,0,0,0,0
0,0.19065408287604474,0.570683816312362,0.07431499903070728,0.701098738389222,0,1,0,1
1,0.9173055063829018,0.8614794212843137,0.9602234262685618,0.9479097084107246,1,1,1,1
0,0.06244204522433245,0.2545825407034416,0.043146073851833694,0.15659063436336962,0,0,0,0
0,0.4285736174853205,0.3488190339581624,0.7849054919390522,0.4568734218781583,0,0,1,0
1,0.831420498688268,0.3220364651058522,0.9249893275964554,0.3978439138821537,1,0,1,0
0,0.8366482908783224,0.4373896298576887,0.8761146978001559,0.37265323151672886,1,0,1,0
0,0.20844676264580103,0.3613377062310395,0.043146073851833694,0.23888391686748214,0,0,0,0
0,0.09346686904005766,0.21207932404840746,0.07103470408429507,0.47969074013403357,0,0,0,0
1,0.32351655568128984,0.4733981694742149,0.5234187052694159,0.37265323151672886,0,0,1,0
1,0.8618820255252077,0.5699875037091316,0.8761146978001559,0.3978439138821537,1,1,1,0
0,0.647756804841295,0.143437694929059,0.8797509975750424,0.2909786896464161,1,0,1,0
0,0.05529519707763999,0.27404350822536333,0.5234187052694159,0.37265323151672886,0,0,1,0
0,0.7904182631174858,0.7630567397063481,0.7119238007333535,0.701098738389222,1,1,1,1
0,0.7247249539912082,0.45397487177677337,0.7849054919390522,0.3978439138821537,1,0,1,0
0,0.02207298660114888,0.2437449817750599,0.07431499903070728,0.3978439138821537,0,0,0,0
0,0.04311269414040154,0.16936538986798025,0.13655988961459878,0.15659063436336962,0,0,0,0
0,0.6208992546079519,0.5868652207601652,0.7119238007333535,0.37265323151672886,1,1,1,0
0,0.01765352025927459,0.15181646401643056,0.07431499903070728,0.2909786896464161,0,0,0,0
0,0.8376173995623445,0.7837104275915965,0.5234187052694159,0.701098738389222,1,1,1,1
0,0.14077508130850627,0.594894610077564,0.07431499903070728,0.4568734218781583,0,1,0,0
0,0.49568525424750987,0.5176051862715766,0.7119238007333535,0.6545986309349229,0,1,1,1
0,0.13672326403216195,0.3701805277338665,0.07431499903070728,0.701098738389222,0,0,0,1
0,0.020274572939227437,0.19082138892286207,0.07431499903070728,0.15659063436336962,0,0,0,0
0,0.1781957375006553,0.3613023832661866,0.4472301288753701,0.3978439138821537,0,0,0,0
0,0.07648024665705397,0.36837674835069556,0.13655988961459878,0.3978439138821537,0,0,0,0
0,0.2186560373128674,0.4542294959578554,0.13655988961459878,0.3978439138821537,0,0,0,0
0,0.5195322944935986,0.4937177189749878,0.5234187052694159,0.701098738389222,1,0,1,1
0,0.40934642818409783,0.3990225308107785,0.4472301288753701,0.3978439138821537,0,0,0,0
0,0.42878107072827476,0.4477480177257238,0.7119238007333535,0.4568734218781583,0,0,1,0
0,0.28672995454986877,0.557389617306566,0.13655988961459878,0.3978439138821537,0,1,0,0
0,0.3490684669227037,0.41683863623218714,0.4472301288753701,0.3978439138821537,0,0,0,0
0,0.18315624108626335,0.4570544555936947,0.07431499903070728,0.23888391686748214,0,0,0,0
0,0.25515143483332237,0.37123059372589956,0.4472301288753701,0.3978439138821537,0,0,0,0
0,0.15771335507319334,0.5107987513533732,0.07431499903070728,0.3978439138821537,0,1,0,0
0,0.07084252430258618,0.33117531567232444,0.13655988961459878,0.3978439138821537,0,0,0,0
0,0.09568791419384305,0.36145819092623965,0.043146073851833694,0.23888391686748214,0,0,0,0
0,0.020664754697075533,0.16298500864200424,0.07431499903070728,0.15659063436336962,0,0,0,0
0,0.035948361777079135,0.23814160455231578,0.07431499903070728,0.3978439138821537,0,0,0,0
0,0.7349366906838323,0.6452221136612691,0.7119238007333535,0.701098738389222,1,1,1,1
1,0.9052665803498285,0.359931031478428,0.9249893275964554,0.3978439138821537,1,0,1,0
0,0.1334576537411802,0.37790512006805843,0.07431499903070728,0.701098738389222,0,0,0,1
0,0.19181295689636818,0.40539154713554787,0.5234187052694159,0.37265323151672886,0,0,1,0
0,0.2628828536529221,0.5373157394358294,0.07431499903070728,0.3978439138821537,0,1,0,0
0,0.6301121567280091,0.507089305027725,0.7119238007333535,0.701098738389222,1,1,1,1
0,0.9652936845932399,0.49806225945627985,0.9249893275964554,0.701098738389222,1,0,1,1
1,0.9922123016080928,0.9448729496682788,0.9602234262685618,0.9479097084107246,1,1,1,1
0,0.42481270105447083,0.6031144482497403,0.07431499903070728,0.3978439138821537,0,1,0,0
0,0.6083372456637625,0.4500390829765997,0.4472301288753701,0.3978439138821537,1,0,0,0
0,0.3261388106015139,0.4606006828169862,0.4472301288753701,0.3978439138821537,0,0,0,0
0,0.46052925072830103,0.48334758542101885,0.7119238007333535,0.701098738389222,0,0,1,1
0,0.09355405357226249,0.29302864555419367,0.13655988961459878,0.3978439138821537,0,0,0,0
0,0.07222439881576007,0.27769111285690967,0.07431499903070728,0.3978439138821537,0,0,0,0
0,0.08787948955933853,0.3505054286787205,0.07431499903070728,0.2909786896464161,0,0,0,0
0,0.12721619206304247,0.3247952342190897,0.07431499903070728,0.3978439138821537,0,0,0,0
0,0.40289403920326045,0.22593773440430887,0.624061140007934,0.2909786896464161,0,0,1,0
0,0.12342474923153937,0.506052033014926,0.07431499903070728,0.4568734218781583,0,1,0,0
0,0.258892373885728,0.5422816310953849,0.07431499903070728,0.701098738389222,0,1,0,1
0,0.032081464423750546,0.2667164424617567,0.07431499903070728,0.23888391686748214,0,0,0,0
0,0.05001310711102119,0.3070373430425532,0.07431499903070728,0.3978439138821537,0,0,0,0
0,0.4907526207833039,0.5041120771594365,0.7119238007333535,0.37265323151672886,0,1,1,0
0,0.13352307381825723,0.18005375865154086,0.07103470408429507,0.15659063436336962,0,0,0,0
0,0.5592487067878126,0.8512322384113911,0.7563345524221652,0.9269601406234662,1,1,1,1
0,0.5041362336548764,0.18334911565909684,0.7616858140337348,0.15659063436336962,1,0,1,0
0,0.18035403599211267,0.49590807621985755,0.07431499903070728,0.37265323151672886,0,0,0,0
0,0.017581942348646726,0.15884284720012187,0.07431499903070728,0.15659063436336962,0,0,0,0
0,0.4975686008593905,0.6957607561266699,0.5234187052694159,0.701098738389222,0,1,1,1
0,0.7515650213613387,0.4409407924634715,0.7849054919390522,0.37265323151672886,1,0,1,0
0,0.7454591607857866,0.6671272660882448,0.4472301288753701,0.3978439138821537,1,1,0,0
0,0.8464184469170517,0.3016867509831417,0.8797509975750424,0.2909786896464161,1,0,1,0
0,0.18159373591612377,0.5264558431520883,0.07431499903070728,0.37265323151672886,0,1,0,0
0,0.1309577107157606,0.38997025121235956,0.7119238007333535,0.4568734218781583,0,0,1,0
0,0.1418372586870399,0.4931079125104412,0.07431499903070728,0.3978439138821537,0,0,0,0
1,0.998197906573771,0.9765460300819464,0.966188612902029,0.9479097084107246,1,1,1,1
0,0.08458208626208462,0.19299005070908376,0.07103470408429507,0.2909786896464161,0,0,0,0
0,0.11049405892990713,0.44103228435115205,0.07431499903070728,0.3978439138821537,0,0,0,0
0,0.5345579211273551,0.5928205772312807,0.13655988961459878,0.3978439138821537,1,1,0,0
0,0.48317352745638403,0.37102618985272723,0.4472301288753701,0.3978439138821537,0,0,0,0
0,0.3408929851225564,0.22153796354580294,0.624061140007934,0.2909786896464161,0,0,1,0
0,0.16652748490210725,0.44592409644582065,0.13655988961459878,0.3978439138821537,0,0,0,0
0,0.06774741705398822,0.26764050688943164,0.13655988961459878,0.3978439138821537,0,0,0,0
0,0.12745366951571577,0.4178106466807071,0.13655988961459878,0.3978439138821537,0,0,0,0
0,0.19000261790636824,0.3585403178332894,0.7119238007333535,0.37265323151672886,0,0,1,0
0,0.8500095397139122,0.8750891867308558,0.7512025309012217,0.701098738389222,1,1,1,1
0,0.07278284487063717,0.32717875226780113,0.07431499903070728,0.3978439138821537,0,0,0,0
0,0.486876206257807,0.6847694565631297,0.07431499903070728,0.701098738389222,0,1,0,1
0,0.42515644741861264,0.4680284895800195,0.13655988961459878,0.3978439138821537,0,0,0,0
0,0.18829699398676364,0.4804143365201525,0.07431499903070728,0.3978439138821537,0,0,0,0
0,0.12706900068274452,0.33067417858021503,0.13655988961459878,0.3978439138821537,0,0,0,0
0,0.9678858313790253,0.8640094838976133,0.966188612902029,0.8342236211422674,1,1,1,1
0,0.2852273790703942,0.5937819031193154,0.07431499903070728,0.6545986309349229,0,1,0,1
1,0.7014139407684125,0.34240763797600215,0.7616858140337348,0.2909786896464161,1,0,1,0
0,0.04432846285376835,0.20385387633008537,0.13655988961459878,0.2909786896464161,0,0,0,0
0,0.06732790723682125,0.32983505527623536,0.07431499903070728,0.2909786896464161,0,0,0,0
0,0.45967231631009026,0.6640064093917553,0.07431499903070728,0.3978439138821537,0,1,0,0
0,0.6302075235569502,0.5098682493194707,0.4472301288753701,0.3978439138821537,1,1,0,0
0,0.08998684652741672,0.46075221191550153,0.07431499903070728,0.3978439138821537,0,0,0,0
0,0.500279906855618,0.46973194992742945,0.7119238007333535,0.37265323151672886,1,0,1,0
0,0.15757085230658713,0.16090965249980452,0.07103470408429507,0.15659063436336962,0,0,0,0
1,0.4958574745005107,0.6537485543538804,0.5234187052694159,0.701098738389222,0,1,1,1
0,0.9044549351018233,0.1953103198229645,0.8797509975750424,0.15659063436336962,1,0,1,0
0,0.9609871135199431,0.9429259531568331,0.9602234262685618,0.9479097084107246,1,1,1,1
0,0.08726027692356615,0.3202453058034145,0.07431499903070728,0.3978439138821537,0,0,0,0
0,0.4908437705972524,0.43162916265663,0.07103470408429507,0.2909786896464161,0,0,0,0
0,0.10764685099395191,0.36179492488849385,0.13655988961459878,0.3978439138821537,0,0,0,0
0,0.04774945420018386,0.19342113909814204,0.13655988961459878,0.2909786896464161,0,0,0,0
0,0.796263172398987,0.3416325240606262,0.8761146978001559,0.3978439138821537,1,0,1,0
0,0.10473261299293438,0.4213646522223579,0.5234187052694159,0.4568734218781583,0,0,1,0
0,0.25113769333620906,0.5587186617128013,0.5234187052694159,0.4568734218781583,0,1,1,0
0,0.2730035258405469,0.4602273371593553,0.4472301288753701,0.3978439138821537,0,0,0,0
0,0.28403224094168156,0.37112779245430466,0.4472301288753701,0.3978439138821537,0,0,0,0
0,0.02554225084185701,0.32457369871703246,0.07431499903070728,0.3978439138821537,0,0,0,0
0,0.14712205680393065,0.5102011265212263,0.5234187052694159,0.4568734218781583,0,1,1,0
0,0.6463506003246237,0.44132022936380777,0.7119238007333535,0.37265323151672886,1,0,1,0
0,0.1454423225319543,0.45641910496388605,0.5234187052694159,0.4568734218781583,0,0,1,0
0,0.8179895956573372,0.7307014011453355,0.7119238007333535,0.701098738389222,1,1,1,1
0,0.8263638099753161,0.5307716018308055,0.7849054919390522,0.3978439138821537,1,1,1,0
0,0.6318328759038948,0.5602053167247664,0.4472301288753701,0.3978439138821537,1,1,0,0
0,0.03771612117569256,0.25892795192110435,0.07431499903070728,0.23888391686748214,0,0,0,0
0,0.632962012722745,0.774230408886033,0.5234187052694159,0.701098738389222,1,1,1,1
0,0.7577329893634195,0.504457247712268,0.7849054919390522,0.3978439138821537,1,1,1,0
0,0.4449470055478702,0.44450555712632733,0.4472301288753701,0.3978439138821537,0,0,0,0
0,0.22283022604274635,0.4597855124447986,0.5234187052694159,0.4568734218781583,0,0,1,0
0,0.10913729801521961,0.3064979684960775,0.13655988961459878,0.3978439138821537,0,0,0,0
0,0.4145268148832012,0.566680698977768,0.13655988961459878,0.3978439138821537,0,1,0,0
0,0.10262179394818122,0.3629033876237311,0.07431499903070728,0.2909786896464161,0,0,0,0
0,0.02816227152751427,0.17075309087649898,0.07431499903070728,0.15659063436336962,0,0,0,0
1,0.9325215577339484,0.7033385122160337,0.7119238007333535,0.701098738389222,1,1,1,1
1,0.40432939186422356,0.47732915396547465,0.4472301288753701,0.3978439138821537,0,0,0,0
0,0.07965987223719842,0.17091080472047257,0.07103470408429507,0.23888391686748214,0,0,0,0
0,0.07872229144232493,0.2713580000885162,0.13655988961459878,0.3978439138821537,0,0,0,0
0,0.06351328938137259,0.21836928874689782,0.13655988961459878,0.2909786896464161,0,0,0,0
0,0.5818818178452236,0.5131583334814478,0.4472301288753701,0.3978439138821537,1,1,0,0
0,0.11703174125466,0.3129713022225292,0.043146073851833694,0.15659063436336962,0,0,0,0
0,0.3933647549606964,0.5805067033450976,0.5234187052694159,0.701098738389222,0,1,1,1
0,0.7264979230158816,0.6492832397638989,0.7119238007333535,0.701098738389222,1,1,1,1
0,0.005851203346127147,0.14095087748353183,0.07431499903070728,0.2909786896464161,0,0,0,0
0,0.4820133650496199,0.7272398799364691,0.5234187052694159,0.701098738389222,0,1,1,1
0,0.04379809630383937,0.25545956228677924,0.07431499903070728,0.37265323151672886,0,0,0,0
0,0.7992508429566131,0.758365822994722,0.7119238007333535,0.701098738389222,1,1,1,1
0,0.18941080558093348,0.450083549872914,0.5234187052694159,0.37265323151672886,0,0,1,0
0,0.22082228262334383,0.4966035582996812,0.07431499903070728,0.701098738389222,0,0,0,1
0,0.20419458286966372,0.27025733343810393,0.07103470408429507,0.2909786896464161,0,0,0,0
0,0.2642907791113352,0.5316721193148494,0.043146073851833694,0.23888391686748214,0,1,0,0
0,0.3214847814811096,0.46568112001723355,0.5234187052694159,0.37265323151672886,0,0,1,0
0,0.011827795305563908,0.10826500861705433,0.13655988961459878,0.15659063436336962,0,0,0,0
0,0.55469175587397,0.5770631320655304,0.4472301288753701,0.3978439138821537,1,1,0,0
0,0.24362039210561343,0.45100151173121583,0.13655988961459878,0.3978439138821537,0,0,0,0
0,0.20668274436174777,0.5293468875310213,0.07431499903070728,0.37265323151672886,0,1,0,0
0,0.1502689239237695,0.46470170597183663,0.07431499903070728,0.3978439138821537,0,0,0,0
0,0.04066571575817059,0.28675187663823953,0.07431499903070728,0.3978439138821537,0,0,0,0
1,0.6969842069578384,0.4273546602553407,0.7849054919390522,0.3978439138821537,1,0,1,0
0,0.027745936243147966,0.1932301297219236,0.07431499903070728,0.15659063436336962,0,0,0,0
0,0.11291790484019432,0.3105130858392032,0.5234187052694159,0.37265323151672886,0,0,1,0
0,0.272070760244923,0.36089578603021116,0.07103470408429507,0.23888391686748214,0,0,0,0
0,0.026326906803751576,0.149272990561973,0.07103470408429507,0.2909786896464161,0,0,0,0
0,0.3735905132398035,0.5293699247345863,0.4472301288753701,0.3978439138821537,0,1,0,0
0,0.028724618086855024,0.17912171863528797,0.13655988961459878,0.15659063436336962,0,0,0,0
0,0.781634490756165,0.9033159858770001,0.9369658288621653,0.9479097084107246,1,1,1,1
0,0.22405457489940636,0.5007209402393764,0.07431499903070728,0.37265323151672886,0,1,0,0
1,0.3051800928597272,0.4894170572848665,0.13655988961459878,0.3978439138821537,0,0,0,0
0,0.1280636108177134,0.4186566755358481,0.07431499903070728,0.3978439138821537,0,0,0,0
0,0.09612883271990812,0.35761062948353056,0.07431499903070728,0.3978439138821537,0,0,0,0
0,0.3553277969948854,0.42782340632347265,0.4472301288753701,0.3978439138821537,0,0,0,0
0,0.22873570183726674,0.5348115405360889,0.07431499903070728,0.37265323151672886,0,1,0,0
0,0.4070762456389281,0.5545744124534376,0.13655988961459878,0.3978439138821537,0,1,0,0
0,0.256693429845467,0.44026220013330813,0.5234187052694159,0.701098738389222,0,0,1,1
0,0.5063772342872712,0.3293285360332541,0.624061140007934,0.23888391686748214,1,0,1,0
0,0.05996502017451369,0.337361393352803,0.07431499903070728,0.23888391686748214,0,0,0,0
0,0.47329450371701715,0.614518827498926,0.7119238007333535,0.4568734218781583,0,1,1,0
0,0.28611333234155406,0.5331571974884491,0.5234187052694159,0.37265323151672886,0,1,1,0
0,0.3718012349005985,0.5132852024987604,0.13655988961459878,0.3978439138821537,0,1,0,0
0,0.14678090205979596,0.45896217156484176,0.07431499903070728,0.3978439138821537,0,0,0,0
0,0.27770433423216007,0.47437184583627867,0.4472301288753701,0.3978439138821537,0,0,0,0
0,0.6063008088115244,0.4432352028271004,0.7119238007333535,0.701098738389222,1,0,1,1
0,0.16108770475816508,0.5216816625020971,0.07431499903070728,0.3978439138821537,0,1,0,0
0,0.08121802072042715,0.2741162200189385,0.13655988961459878,0.2909786896464161,0,0,0,0
0,0.05004983511868774,0.2454830078388475,0.07431499903070728,0.2909786896464161,0,0,0,0
0,0.05888427961465393,0.26572588336642067,0.07431499903070728,0.2909786896464161,0,0,0,0
0,0.2477536058161425,0.5225741266040143,0.5234187052694159,0.37265323151672886,0,1,1,0
0,0.4523002962880074,0.7187314706148251,0.5234187052694159,0.701098738389222,0,1,1,1
0,0.5277461247390678,0.5577851433082619,0.4472301288753701,0.3978439138821537,1,1,0,0
0,0.10644042562874365,0.34813466868593024,0.13655988961459878,0.3978439138821537,0,0,0,0
1,0.6077927443789013,0.7238968484229029,0.5234187052694159,0.701098738389222,1,1,1,1
0,0.878648242820777,0.835899999722196,0.5234187052694159,0.701098738389222,1,1,1,1
0,0.03147264275295021,0.18994016427143443,0.13655988961459878,0.15659063436336962,0,0,0,0
0,0.16725090289875838,0.352199509896962,0.07431499903070728,0.3978439138821537,0,0,0,0
0,0.17507370340662204,0.48361202304773454,0.07431499903070728,0.37265323151672886,0,0,0,0
0,0.11088497185072553,0.16032496680330197,0.07103470408429507,0.15659063436336962,0,0,0,0
0,0.36859167079108174,0.5338616293146642,0.7119238007333535,0.701098738389222,0,1,1,1
0,0.037505277072990534,0.1777085812825883,0.13655988961459878,0.15659063436336962,0,0,0,0
0,0.05058485655795161,0.25375814198383795,0.07431499903070728,0.15659063436336962,0,0,0,0
0,0.07519969895220108,0.40225705880193313,0.5234187052694159,0.4568734218781583,0,0,1,0
0,0.9965897305572147,0.6199285257582975,0.9249893275964554,0.4568734218781583,1,1,1,0
0,0.9082522539752349,0.5460665123354105,0.7849054919390522,0.3978439138821537,1,1,1,0
0,0.05021059563196485,0.1628346997315754,0.13655988961459878,0.15659063436336962,0,0,0,0
0,0.9252774626968032,0.8427423350876685,0.7119238007333535,0.701098738389222,1,1,1,1
0,0.12432118765137475,0.3662153522022018,0.07431499903070728,0.37265323151672886,0,0,0,0
0,0.2330169835927305,0.2004235661237327,0.07103470408429507,0.47969074013403357,0,0,0,0
0,0.9104210082462012,0.7570810901003612,0.7119238007333535,0.701098738389222,1,1,1,1
0,0.7497524759631968,0.5231882424085529,0.4472301288753701,0.3978439138821537,1,1,0,0
0,0.48750243918717917,0.4736789882193434,0.7119238007333535,0.701098738389222,0,0,1,1
0,0.03762714056860136,0.1845435845793263,0.07431499903070728,0.3978439138821537,0,0,0,0
0,0.1080980741114692,0.3891239586918208,0.07431499903070728,0.3978439138821537,0,0,0,0
0,0.044829984323530726,0.16278002362986185,0.13655988961459878,0.15659063436336962,0,0,0,0
0,0.7332800613568039,0.5835404784162284,0.4472301288753701,0.3978439138821537,1,1,0,0
0,0.13384207164548267,0.228813363551664,0.07103470408429507,0.2909786896464161,0,0,0,0
0,0.37443985031969895,0.5646371669051901,0.07431499903070728,0.3978439138821537,0,1,0,0
0,0.24820498362430463,0.407209505766123,0.13655988961459878,0.3978439138821537,0,0,0,0
0,0.1354950699909247,0.4483231156803412,0.07431499903070728,0.37265323151672886,0,0,0,0
0,0.07789331084441968,0.2359280539042643,0.13655988961459878,0.2909786896464161,0,0,0,0
0,0.37520119654180245,0.6909933389300624,0.07431499903070728,0.701098738389222,0,1,0,1
0,0.13668582973527793,0.20089840570803616,0.07103470408429507,0.2909786896464161,0,0,0,0
0,0.057270542667472196,0.27060840431677663,0.07431499903070728,0.23888391686748214,0,0,0,0
0,0.12860089944739417,0.4774273012447037,0.07431499903070728,0.3978439138821537,0,0,0,0
0,0.30351651611691083,0.4992755323289981,0.5234187052694159,0.701098738389222,0,0,1,1
0,0.02747260543653608,0.31264583656786216,0.07431499903070728,0.3978439138821537,0,0,0,0
1,0.740746718747782,0.3561633615668605,0.7849054919390522,0.37265323151672886,1,0,1,0
0,0.4754496161907664,0.460413069008537,0.7119238007333535,0.37265323151672886,0,0,1,0
0,0.2852014520781417,0.17367656747320656,0.624061140007934,0.15659063436336962,0,0,1,0
0,0.04866686393355113,0.26717202950769625,0.07431499903070728,0.15659063436336962,0,0,0,0
0,0.04917685232906082,0.2916720937130748,0.07431499903070728,0.3978439138821537,0,0,0,0
0,0.2017035280286054,0.35796283998240586,0.13655988961459878,0.3978439138821537,0,0,0,0
0,0.11355315184025143,0.38074912287366686,0.07431499903070728,0.23888391686748214,0,0,0,0
0,0.41159411616186214,0.5847978500622159,0.13655988961459878,0.3978439138821537,0,1,0,0
0,0.030754308909573477,0.32056086496037756,0.07431499903070728,0.3978439138821537,0,0,0,0
0,0.0038678345508021423,0.0999013446509401,0.07431499903070728,0.15659063436336962,0,0,0,0
0,0.4020799172033368,0.4911823708985365,0.4472301288753701,0.3978439138821537,0,0,0,0
0,0.18808755873872957,0.3566702871913864,0.07431499903070728,0.3978439138821537,0,0,0,0
0,0.1342851389377143,0.3789670434338482,0.043146073851833694,0.23888391686748214,0,0,0,0
1,0.9374269427233265,0.8572247186854752,0.7119238007333535,0.701098738389222,1,1,1,1
0,0.013032031825685318,0.11138253760744395,0.13655988961459878,0.15659063436336962,0,0,0,0
0,0.21785683559903696,0.29742048988675573,0.4472301288753701,0.3978439138821537,0,0,0,0
1,0.9835362378656085,0.5647810627945011,0.9249893275964554,0.6545986309349229,1,1,1,1
0,0.09615326608716508,0.43608262463086156,0.07431499903070728,0.4568734218781583,0,0,0,0
0,0.3484809231652111,0.20071649219329893,0.624061140007934,0.2909786896464161,0,0,1,0
0,0.12369565528930701,0.4140303079866721,0.5234187052694159,0.4568734218781583,0,0,1,0
0,0.5593561362550729,0.4726123878012899,0.4472301288753701,0.3978439138821537,1,0,0,0
0,0.2438598545434469,0.44442876517918456,0.7119238007333535,0.4568734218781583,0,0,1,0
0,0.050287979695305816,0.33207231561173034,0.5234187052694159,0.4568734218781583,0,0,1,0
0,0.028150642722230158,0.24985244617531785,0.07431499903070728,0.23888391686748214,0,0,0,0
0,0.11394967783055092,0.4046266929759297,0.13655988961459878,0.3978439138821537,0,0,0,0
0,0.5773241770537785,0.6935861901132374,0.07431499903070728,0.3978439138821537,1,1,0,0
0,0.511341898612292,0.4844481300839844,0.07103470408429507,0.2909786896464161,1,0,0,0
0,0.7561268670500009,0.8822430396340954,0.9369658288621653,0.9269601406234662,1,1,1,1
0,0.06951023509434845,0.36962820122764567,0.07431499903070728,0.4568734218781583,0,0,0,0
1,0.9507831432647599,0.9056114280720589,0.9602234262685618,0.9479097084107246,1,1,1,1
0,0.18262754433114978,0.4489340095621388,0.07431499903070728,0.701098738389222,0,0,0,1
0,0.15687488305784353,0.43604556141192313,0.07431499903070728,0.37265323151672886,0,0,0,0
0,0.06399702288092358,0.169777339966672,0.07103470408429507,0.15659063436336962,0,0,0,0
0,0.3281083860405477,0.526544426282742,0.13655988961459878,0.3978439138821537,0,1,0,0
0,0.0698647768305465,0.2834469539935582,0.7119238007333535,0.4568734218781583,0,0,1,0
0,0.0637071113468074,0.3748777687787826,0.07431499903070728,0.3978439138821537,0,0,0,0
1,0.9993828806430447,0.9439426266176582,0.9249893275964554,0.9479097084107246,1,1,1,1
0,0.07048803033056494,0.345664955054312,0.5234187052694159,0.4568734218781583,0,0,1,0
1,0.4182741452663819,0.6130197776070727,0.07431499903070728,0.701098738389222,0,1,0,1
0,0.08600914359070158,0.3036600178797774,0.043146073851833694,0.47969074013403357,0,0,0,0
0,0.05437144733484205,0.44704351693536093,0.07431499903070728,0.3978439138821537,0,0,0,0
0,0.35080891900072103,0.47932049464138066,0.5234187052694159,0.701098738389222,0,0,1,1
0,0.02599343707940005,0.11330828463168048,0.07103470408429507,0.15659063436336962,0,0,0,0
0,0.010779432939708221,0.11075610004699392,0.13655988961459878,0.15659063436336962,0,0,0,0
1,0.49145421006792644,0.6523391264852848,0.5234187052694159,0.701098738389222,0,1,1,1
0,0.07573480566293272,0.24905374567738248,0.13655988961459878,0.2909786896464161,0,0,0,0
0,0.04148651143253885,0.16961613681049786,0.13655988961459878,0.15659063436336962,0,0,0,0
0,0.14853438501852798,0.4531462659522919,0.13655988961459878,0.3978439138821537,0,0,0,0
0,0.13729661124201878,0.46460318809890055,0.07431499903070728,0.701098738389222,0,0,0,1
0,0.3725800040059278,0.32929118167572713,0.7849054919390522,0.3978439138821537,0,0,1,0
0,0.06772324232425088,0.2670610575734206,0.13655988961459878,0.23888391686748214,0,0,0,0
0,0.07553543453894652,0.33445011095558325,0.07431499903070728,0.2909786896464161,0,0,0,0
0,0.08751105716304317,0.3337096243630136,0.07431499903070728,0.3978439138821537,0,0,0,0
0,0.27237535325826423,0.5541067323645925,0.07431499903070728,0.701098738389222,0,1,0,1
0,0.001281406121484969,0.08199786822962427,0.07431499903070728,0.3978439138821537,0,0,0,0
0,0.1364200167914804,0.3263416148847095,0.043146073851833694,0.23888391686748214,0,0,0,0
0,0.023585221284797037,0.20943737837910195,0.043146073851833694,0.2909786896464161,0,0,0,0
0,0.35713079102175443,0.45948210599948475,0.4472301288753701,0.3978439138821537,0,0,0,0
0,0.13257037981795997,0.26442230426433877,0.4472301288753701,0.3978439138821537,0,0,0,0
1,0.6845652650716436,0.5039117107388805,0.4472301288753701,0.3978439138821537,1,1,0,0
0,0.042851680576378594,0.30192248228845914,0.07431499903070728,0.2909786896464161,0,0,0,0
1,0.21163625825176766,0.41231518577565196,0.5234187052694159,0.701098738389222,0,0,1,1
0,0.18680561260861006,0.5062002372606375,0.5234187052694159,0.4568734218781583,0,1,1,0
0,0.1384759863421582,0.5457336529251238,0.07431499903070728,0.4568734218781583,0,1,0,0
0,0.021480810392305823,0.1420119981659275,0.13655988961459878,0.2909786896464161,0,0,0,0
0,0.22434979930168844,0.46934785343277696,0.5234187052694159,0.4568734218781583,0,0,1,0
0,0.16453870616616886,0.34562411460930265,0.13655988961459878,0.3978439138821537,0,0,0,0
0,0.3046640635042533,0.5399394279471895,0.07431499903070728,0.701098738389222,0,1,0,1
0,0.017703333841839725,0.21288909823370705,0.07431499903070728,0.3978439138821537,0,0,0,0
0,0.5437723814269182,0.6024840408687532,0.5234187052694159,0.701098738389222,1,1,1,1
0,0.24548736992565648,0.4768522038650991,0.5234187052694159,0.37265323151672886,0,0,1,0
1,0.9439035860129311,0.8417527691231177,0.7119238007333535,0.701098738389222,1,1,1,1
0,0.4551388773894936,0.344003710973196,0.07103470408429507,0.2909786896464161,0,0,0,0
0,0.10248696629874747,0.38307776681435396,0.07431499903070728,0.37265323151672886,0,0,0,0
0,0.17896771810246778,0.5395668714140601,0.07431499903070728,0.4568734218781583,0,1,0,0
0,0.12912420418877946,0.3834631113599742,0.043146073851833694,0.23888391686748214,0,0,0,0
1,0.5676235522600025,0.6070338662519404,0.5234187052694159,0.701098738389222,1,1,1,1
0,0.028067717110215457,0.2354287063144464,0.07431499903070728,0.2909786896464161,0,0,0,0
0,0.26644250279809084,0.4809655697990553,0.5234187052694159,0.37265323151672886,0,0,1,0
1,0.8594396707660007,0.2828805579422749,0.8797509975750424,0.2909786896464161,1,0,1,0
0,0.5730036258834317,0.7033360493114241,0.5234187052694159,0.701098738389222,1,1,1,1
1,0.7906724213036604,0.41846617922113655,0.8761146978001559,0.4568734218781583,1,0,1,0
0,0.20324696902994088,0.3649086070617195,0.4472301288753701,0.3978439138821537,0,0,0,0
0,0.1261184016894032,0.4535166828646499,0.07431499903070728,0.701098738389222,0,0,0,1
0,0.03823113733787114,0.2397659890713751,0.07431499903070728,0.2909786896464161,0,0,0,0
1,0.9600526109424697,0.713186113850492,0.7849054919390522,0.701098738389222,1,1,1,1
1,0.4919920104835484,0.5135495292108232,0.4472301288753701,0.3978439138821537,0,1,0,0
1,0.4039833056017279,0.5733282449172693,0.5234187052694159,0.6545986309349229,0,1,1,1
0,0.20592512141804428,0.37204411802434384,0.13655988961459878,0.3978439138821537,0,0,0,0
0,0.14123836229705344,0.17239039006062476,0.07103470408429507,0.15659063436336962,0,0,0,0
0,0.3460792072571573,0.5236416489036169,0.5234187052694159,0.701098738389222,0,1,1,1
0,0.1773131521229282,0.4152527319611744,0.07431499903070728,0.3978439138821537,0,0,0,0
0,0.024991540013365548,0.19633305553319716,0.13655988961459878,0.2909786896464161,0,0,0,0
0,0.4324014804390495,0.5133988417678854,0.5234187052694159,0.701098738389222,0,1,1,1
1,0.24043783203123276,0.17341403626231458,0.33476237395442404,0.15659063436336962,0,0,0,0
0,0.3731804011726626,0.45689653302352234,0.4472301288753701,0.3978439138821537,0,0,0,0
0,0.03384382619261434,0.18607379171741184,0.07431499903070728,0.15659063436336962,0,0,0,0
1,0.9758281164038382,0.3324764184042573,0.9249893275964554,0.701098738389222,1,0,1,1
0,0.10163056657815893,0.3584709339516737,0.07431499903070728,0.37265323151672886,0,0,0,0
1,0.5996755377910161,0.5372100122198497,0.7119238007333535,0.701098738389222,1,1,1,1
1,0.5433137551134825,0.32463575261286565,0.7849054919390522,0.3978439138821537,1,0,1,0
0,0.3415786545567749,0.5668863343354689,0.4472301288753701,0.3978439138821537,0,1,0,0
0,0.01996594910591987,0.17011598740279607,0.07431499903070728,0.15659063436336962,0,0,0,0
0,0.1061363669856438,0.17775185655053502,0.07103470408429507,0.2909786896464161,0,0,0,0
0,0.28492425511330766,0.542853578778927,0.5234187052694159,0.701098738389222,0,1,1,1
0,0.32225884209461314,0.6633859164187583,0.5234187052694159,0.4568734218781583,0,1,1,0
0,0.31326203702577987,0.4416781736600389,0.4472301288753701,0.3978439138821537,0,0,0,0
1,0.493180181452842,0.6628805836013589,0.5234187052694159,0.701098738389222,0,1,1,1
0,0.03856995611157563,0.337219456315906,0.07431499903070728,0.23888391686748214,0,0,0,0
0,0.01569301012272934,0.12627064647234998,0.07431499903070728,0.15659063436336962,0,0,0,0
0,0.37418974734916566,0.41732332103057346,0.4472301288753701,0.3978439138821537,0,0,0,0
0,0.17945501372137979,0.4742252758479234,0.07431499903070728,0.3978439138821537,0,0,0,0
0,0.20983829648833718,0.45941935382931254,0.07431499903070728,0.3978439138821537,0,0,0,0
0,0.003607929606712612,0.07530206823859066,0.13655988961459878,0.23888391686748214,0,0,0,0
1,0.5913194873531097,0.4053340035202974,0.4472301288753701,0.3978439138821537,1,0,0,0
0,0.648657866397357,0.18622093054108282,0.9249893275964554,0.3978439138821537,1,0,1,0
0,0.08243900471330737,0.34391903170267013,0.07431499903070728,0.23888391686748214,0,0,0,0
0,0.3810958217807809,0.5686430715760425,0.07431499903070728,0.701098738389222,0,1,0,1
0,0.684671104731345,0.6035812553057714,0.7119238007333535,0.4568734218781583,1,1,1,0
0,0.20702362909501587,0.3309329453820294,0.07103470408429507,0.23888391686748214,0,0,0,0
0,0.23824168158971737,0.40210168896513093,0.13655988961459878,0.3978439138821537,0,0,0,0
0,0.30373368045591637,0.24912595508172936,0.624061140007934,0.15659063436336962,0,0,1,0
0,0.17642419004517348,0.4726266043199795,0.07431499903070728,0.37265323151672886,0,0,0,0
0,0.044199534597228265,0.23079529379045743,0.13655988961459878,0.23888391686748214,0,0,0,0
0,0.0405268170901118,0.22566678122757178,0.07431499903070728,0.2909786896464161,0,0,0,0
0,0.04569171059996641,0.1385052279006775,0.07103470408429507,0.23888391686748214,0,0,0,0
0,0.8281714816185562,0.8714799128373635,0.9369658288621653,0.9269601406234662,1,1,1,1
0,0.172310411656676,0.3806538814912186,0.13655988961459878,0.3978439138821537,0,0,0,0
0,0.07645860302477885,0.3911051411691412,0.07431499903070728,0.3978439138821537,0,0,0,0
0,0.9801257008057678,0.9354812120512486,0.9602234262685618,0.9479097084107246,1,1,1,1
0,0.047609363144888464,0.23123796367681274,0.13655988961459878,0.2909786896464161,0,0,0,0
0,0.07569565832087116,0.16660741196412626,0.07103470408429507,0.15659063436336962,0,0,0,0
1,0.9799363565956183,0.95292507647724,0.9602234262685618,0.9479097084107246,1,1,1,1
0,0.12212232150706911,0.19212508122551966,0.07103470408429507,0.2909786896464161,0,0,0,0
0,0.10572861115297927,0.14451153090093402,0.2843241992058826,0.15659063436336962,0,0,0,0
0,0.010895711146041757,0.12733401502942482,0.13655988961459878,0.2909786896464161,0,0,0,0
0,0.14342386914168911,0.4096945039276443,0.07431499903070728,0.2909786896464161,0,0,0,0
1,0.9871979010451088,0.510571277654652,0.8797509975750424,0.2909786896464161,1,1,1,0
0,0.04058698957619064,0.23889796241253797,0.07431499903070728,0.15659063436336962,0,0,0,0
0,0.19191952852631408,0.42615138343845266,0.13655988961459878,0.3978439138821537,0,0,0,0
0,0.08879910210676203,0.3357972056536795,0.07431499903070728,0.2909786896464161,0,0,0,0
0,0.012941556388171576,0.1768842141277052,0.07431499903070728,0.15659063436336962,0,0,0,0
0,0.029358180620073678,0.2407035822114791,0.07431499903070728,0.2909786896464161,0,0,0,0
1,0.9636310075665163,0.9645555327399432,0.9369658288621653,0.9479097084107246,1,1,1,1
0,0.23934108284078706,0.4488810925221168,0.5234187052694159,0.701098738389222,0,0,1,1
1,0.770127121112855,0.4779497825857066,0.7849054919390522,0.4568734218781583,1,0,1,0
0,0.06022036020168134,0.2400191844211063,0.13655988961459878,0.2909786896464161,0,0,0,0
1,0.966954286960921,0.16162514022832164,0.8797509975750424,0.15659063436336962,1,0,1,0
0,0.11158927418808186,0.36690874792166245,0.07431499903070728,0.3978439138821537,0,0,0,0
0,0.04841488193775656,0.24048519539963698,0.13655988961459878,0.3978439138821537,0,0,0,0
0,0.021857316360561374,0.18230443850708486,0.07431499903070728,0.15659063436336962,0,0,0,0
0,0.5487687723946363,0.37060762123075525,0.7849054919390522,0.4568734218781583,1,0,1,0
0,0.3388456548988443,0.441609757074557,0.4472301288753701,0.3978439138821537,0,0,0,0
0,0.21634717639546788,0.3990885820270414,0.07431499903070728,0.3978439138821537,0,0,0,0
0,0.14730614482797835,0.5182369239652906,0.5234187052694159,0.4568734218781583,0,1,1,0
0,0.6806856199506666,0.3221267453330506,0.8761146978001559,0.3978439138821537,1,0,1,0
0,0.16735807565186592,0.36751317619085727,0.07103470408429507,0.2909786896464161,0,0,0,0
0,0.16741075687766938,0.42049384096093434,0.13655988961459878,0.3978439138821537,0,0,0,0
0,0.1738590044000645,0.40719807773201533,0.13655988961459878,0.3978439138821537,0,0,0,0
0,0.25167869853178665,0.40377581849085836,0.4472301288753701,0.3978439138821537,0,0,0,0
1,0.7870327278690562,0.5364467038452293,0.7849054919390522,0.701098738389222,1,1,1,1
0,0.039371905393920076,0.1612861356167785,0.13655988961459878,0.2909786896464161,0,0,0,0
0,0.19278672784401735,0.5016080129365862,0.07431499903070728,0.3978439138821537,0,1,0,0
0,0.3389325788029345,0.5277612812304545,0.13655988961459878,0.3978439138821537,0,1,0,0
1,0.3658474987572194,0.6524830307413164,0.5234187052694159,0.37265323151672886,0,1,1,0
0,0.012478590157581746,0.14356037141125744,0.13655988961459878,0.15659063436336962,0,0,0,0
0,0.3757051193453163,0.49827085941767135,0.4472301288753701,0.3978439138821537,0,0,0,0
0,0.3895734947972547,0.5093194664437204,0.13655988961459878,0.3978439138821537,0,1,0,0
1,0.3202452069208436,0.5046502910360325,0.5234187052694159,0.37265323151672886,0,1,1,0
0,0.44329434257625483,0.42738073754389383,0.07103470408429507,0.2909786896464161,0,0,0,0
0,0.8787816402444463,0.8951667930750443,0.9369658288621653,0.9269601406234662,1,1,1,1
0,0.5283431496069517,0.6908543561317787,0.07431499903070728,0.701098738389222,1,1,0,1
0,0.04506589691373769,0.19337062730731697,0.13655988961459878,0.23888391686748214,0,0,0,0
0,0.33618923251443206,0.6071819660599593,0.07431499903070728,0.701098738389222,0,1,0,1
0,0.6025680569212382,0.5695747548891479,0.13655988961459878,0.3978439138821537,1,1,0,0
0,0.08607924880055551,0.22062266465451968,0.13655988961459878,0.15659063436336962,0,0,0,0
0,0.1524473551559514,0.38097485644588064,0.13655988961459878,0.3978439138821537,0,0,0,0
0,0.05081718198006797,0.3306604112969172,0.07431499903070728,0.3978439138821537,0,0,0,0
0,0.06311524824240355,0.2673040089393511,0.13655988961459878,0.2909786896464161,0,0,0,0
0,0.7472200985942715,0.8385569150385977,0.9369658288621653,0.9269601406234662,1,1,1,1
0,0.01646287915861159,0.13029510339570982,0.07431499903070728,0.2909786896464161,0,0,0,0
1,0.9706083772368832,0.3188359012875945,0.9249893275964554,0.3978439138821537,1,0,1,0
0,0.05702703020688,0.34219361092237227,0.5234187052694159,0.4568734218781583,0,0,1,0
0,0.7726336362623321,0.6688953382301213,0.7119238007333535,0.701098738389222,1,1,1,1
1,0.764255306446713,0.7446597053167255,0.5234187052694159,0.701098738389222,1,1,1,1
0,0.010392571462961004,0.11966505631090919,0.07431499903070728,0.15659063436336962,0,0,0,0
0,0.30382211354446037,0.1823423405180451,0.624061140007934,0.15659063436336962,0,0,1,0
0,0.13056923647583663,0.40232614138107387,0.07431499903070728,0.37265323151672886,0,0,0,0
0,0.7348262340984669,0.5583332914180311,0.4472301288753701,0.3978439138821537,1,1,0,0
0,0.06277513955884295,0.1311355191386638,0.07103470408429507,0.15659063436336962,0,0,0,0
0,0.16893297702605137,0.49908323386510395,0.07431499903070728,0.37265323151672886,0,0,0,0
0,0.7169049699445349,0.23733503850929888,0.8761146978001559,0.3978439138821537,1,0,1,0
1,0.8288013924283435,0.7766129827441569,0.7119238007333535,0.701098738389222,1,1,1,1
0,0.1055690755782743,0.5557968812046781,0.07431499903070728,0.4568734218781583,0,1,0,0
0,0.04507526805300069,0.3179940993657251,0.07431499903070728,0.23888391686748214,0,0,0,0
0,0.4254268438208118,0.31539031564556574,0.641289481962736,0.23888391686748214,0,0,1,0
1,0.8820530841831309,0.9142937032600554,0.9369658288621653,0.9479097084107246,1,1,1,1
0,0.186702101881312,0.5050939826332622,0.07431499903070728,0.3978439138821537,0,1,0,0
0,0.3583931172269452,0.5365557183878381,0.7119238007333535,0.4568734218781583,0,1,1,0
1,0.7060865140440987,0.7687134860271627,0.5234187052694159,0.701098738389222,1,1,1,1
0,0.046478641115317125,0.224637021337081,0.13655988961459878,0.2909786896464161,0,0,0,0
0,0.15689227491566268,0.49085386151512045,0.07431499903070728,0.3978439138821537,0,0,0,0
1,0.9871264964357167,0.3674750247606785,0.9249893275964554,0.37265323151672886,1,0,1,0
1,0.9451210795116365,0.1840331398712965,0.8797509975750424,0.15659063436336962,1,0,1,0
0,0.20294329660349822,0.5538313156657386,0.07431499903070728,0.37265323151672886,0,1,0,0
1,0.2433842259607541,0.4700812950286761,0.5234187052694159,0.4568734218781583,0,0,1,0
0,0.9170426650117398,0.5103012824061339,0.8761146978001559,0.701098738389222,1,1,1,1
0,0.08979521709383431,0.3567586355277349,0.07431499903070728,0.23888391686748214,0,0,0,0
0,0.41724842912859467,0.248360271206367,0.624061140007934,0.2909786896464161,0,0,1,0
0,0.029504942072291516,0.15885826051708987,0.13655988961459878,0.15659063436336962,0,0,0,0
0,0.19848164615848887,0.18582283374602204,0.2843241992058826,0.15659063436336962,0,0,0,0
0,0.22179650550865915,0.5116093012268493,0.07431499903070728,0.37265323151672886,0,1,0,0
0,0.06612413004179346,0.1848421206560336,0.13655988961459878,0.15659063436336962,0,0,0,0
1,0.4851072261932542,0.5316132332731652,0.13655988961459878,0.3978439138821537,0,1,0,0
0,0.05859183729025449,0.21288314273741135,0.13655988961459878,0.2909786896464161,0,0,0,0
0,0.06554849467702355,0.3689767127283766,0.07431499903070728,0.3978439138821537,0,0,0,0
0,0.03817147799777028,0.3772964746645787,0.07431499903070728,0.3978439138821537,0,0,0,0
0,0.054291482832955,0.2764082373905344,0.07431499903070728,0.7438003055596957,0,0,0,1
0,0.6260841667990632,0.7008731603977787,0.5234187052694159,0.701098738389222,1,1,1,1
0,0.35843139528474977,0.56695168796306,0.5234187052694159,0.4568734218781583,0,1,1,0
0,0.14090639120528073,0.4833748442200289,0.07431499903070728,0.37265323151672886,0,0,0,0
0,0.2724104882457629,0.4249786060081365,0.13655988961459878,0.3978439138821537,0,0,0,0
0,0.1516264919010926,0.44366605512233237,0.07431499903070728,0.701098738389222,0,0,0,1
0,0.244637519567036,0.46519418748222363,0.13655988961459878,0.3978439138821537,0,0,0,0
0,0.04924972128376661,0.27953662412561797,0.13655988961459878,0.3978439138821537,0,0,0,0
0,0.25909434861907044,0.523166310929852,0.07431499903070728,0.701098738389222,0,1,0,1
0,0.22220443368442497,0.22478390477186455,0.07103470408429507,0.2909786896464161,0,0,0,0
0,0.23511005434424617,0.5630653773471912,0.07431499903070728,0.6545986309349229,0,1,0,1
0,0.11832195596446912,0.2876198741034047,0.13655988961459878,0.23888391686748214,0,0,0,0
0,0.08737068643833154,0.3777377173831929,0.07431499903070728,0.701098738389222,0,0,0,1
0,0.12376221550316605,0.32279848059495864,0.4472301288753701,0.3978439138821537,0,0,0,0
0,0.08887627647422473,0.36664709439070337,0.07431499903070728,0.37265323151672886,0,0,0,0
0,0.4981086887173699,0.6450229998123475,0.5234187052694159,0.701098738389222,0,1,1,1
0,0.020089024297520786,0.1719898904198485,0.07431499903070728,0.23888391686748214,0,0,0,0
0,0.5565727009339192,0.6255374591565827,0.5234187052694159,0.701098738389222,1,1,1,1
1,0.8325701059012945,0.8504304533779253,0.9602234262685618,0.8342236211422674,1,1,1,1
0,0.06462322538391424,0.2338381581865332,0.7119238007333535,0.4568734218781583,0,0,1,0
0,0.026377179414853843,0.2608367241422511,0.07431499903070728,0.2909786896464161,0,0,0,0
0,0.40727701351490636,0.4841176397690309,0.07103470408429507,0.23888391686748214,0,0,0,0
0,0.790571549868088,0.6305331277566047,0.7119238007333535,0.701098738389222,1,1,1,1
0,0.5207303878524033,0.4952423634198791,0.4472301288753701,0.3978439138821537,1,0,0,0
0,0.7886697279347153,0.42656763909988926,0.7119238007333535,0.701098738389222,1,0,1,1
0,0.178201301322473,0.1556117753575418,0.33476237395442404,0.15659063436336962,0,0,0,0
0,0.18568136974653543,0.48232718602581265,0.07431499903070728,0.3978439138821537,0,0,0,0
0,0.06867687602841047,0.3727980051108468,0.07431499903070728,0.23888391686748214,0,0,0,0
0,0.08259089454836036,0.376973352047881,0.07431499903070728,0.3978439138821537,0,0,0,0
0,0.47631869129923177,0.48351128547833977,0.4472301288753701,0.3978439138821537,0,0,0,0
0,0.09509038180913386,0.3951355131374486,0.07431499903070728,0.6545986309349229,0,0,0,1
0,0.33434202753268216,0.1996263496817815,0.624061140007934,0.2909786896464161,0,0,1,0
0,0.6798728147700681,0.48375520971976765,0.7119238007333535,0.37265323151672886,1,0,1,0
0,0.22076083895471443,0.3927517347768955,0.4472301288753701,0.3978439138821537,0,0,0,0
0,0.03179295009711298,0.17574676936124237,0.13655988961459878,0.15659063436336962,0,0,0,0
0,0.10804701336350493,0.348482534735485,0.07431499903070728,0.701098738389222,0,0,0,1
0,0.009300982805740514,0.1184400666712792,0.07431499903070728,0.2909786896464161,0,0,0,0
0,0.2921290167834487,0.5802559590210805,0.07431499903070728,0.6545986309349229,0,1,0,1
0,0.2878294133285021,0.549737885256334,0.13655988961459878,0.3978439138821537,0,1,0,0
0,0.19578637773204757,0.3248329571530489,0.043146073851833694,0.2909786896464161,0,0,0,0
0,0.637030891076503,0.5040377997583939,0.7119238007333535,0.37265323151672886,1,1,1,0
0,0.02061426163883706,0.239286309146399,0.07431499903070728,0.3978439138821537,0,0,0,0
0,0.6431162234156488,0.46159920885398703,0.4472301288753701,0.3978439138821537,1,0,0,0
0,0.01928099893582198,0.2297346559739058,0.07431499903070728,0.3978439138821537,0,0,0,0
0,0.023401760184747163,0.18872675717106496,0.07431499903070728,0.15659063436336962,0,0,0,0
1,0.5439336984072147,0.329976495692312,0.7849054919390522,0.3978439138821537,1,0,1,0
0,0.6321394559828873,0.43600497232830154,0.7849054919390522,0.3978439138821537,1,0,1,0
0,0.13451498986804705,0.46027910900825686,0.07431499903070728,0.3978439138821537,0,0,0,0
1,0.7518212660706494,0.39434568601791603,0.7849054919390522,0.3978439138821537,1,0,1,0
0,0.014385767633499419,0.18316194308607736,0.07431499903070728,0.15659063436336962,0,0,0,0
0,0.5509828687748239,0.6373963597602534,0.5234187052694159,0.701098738389222,1,1,1,1
0,0.5930438868341572,0.4721907021130307,0.7119238007333535,0.37265323151672886,1,0,1,0
0,0.4839795782211618,0.643832163093034,0.07431499903070728,0.3978439138821537,0,1,0,0
0,0.30320476780677075,0.5087000763688132,0.07431499903070728,0.701098738389222,0,1,0,1
1,0.5001711497494429,0.7056701096884734,0.5234187052694159,0.701098738389222,1,1,1,1
0,0.38667998858651076,0.4323872771208379,0.7119238007333535,0.701098738389222,0,0,1,1
0,0.1256717008029317,0.4270608159010816,0.13655988961459878,0.3978439138821537,0,0,0,0
0,0.06394356066294762,0.2730226314832424,0.07431499903070728,0.23888391686748214,0,0,0,0
0,0.036438862697558805,0.27590372390927526,0.07431499903070728,0.23888391686748214,0,0,0,0
0,0.14706104525591698,0.4818412593407774,0.07431499903070728,0.37265323151672886,0,0,0,0
0,0.05987691026460431,0.3587999395481863,0.07431499903070728,0.4568734218781583,0,0,0,0
0,0.06566184444386411,0.3865943972794619,0.07431499903070728,0.3978439138821537,0,0,0,0
0,0.14472875371212338,0.3933522488190166,0.13655988961459878,0.23888391686748214,0,0,0,0
0,0.8935981325443456,0.5127495883585539,0.7849054919390522,0.6545986309349229,1,1,1,1
0,0.4551025725951068,0.4737586571723704,0.13655988961459878,0.3978439138821537,0,0,0,0
0,0.03297010376717472,0.22949565212821182,0.07431499903070728,0.2909786896464161,0,0,0,0
0,0.11740337225392117,0.3477859612963853,0.13655988961459878,0.3978439138821537,0,0,0,0
0,0.602778702698866,0.3297485660469831,0.7849054919390522,0.3978439138821537,1,0,1,0
0,0.8975001851160339,0.42027862314151027,0.7616858140337348,0.23888391686748214,1,0,1,0
0,0.27084399547664495,0.19779159305413707,0.624061140007934,0.15659063436336962,0,0,1,0
0,0.027051718389480787,0.1935549476605021,0.07431499903070728,0.15659063436336962,0,0,0,0
0,0.08362824708846867,0.397317489520791,0.07431499903070728,0.3978439138821537,0,0,0,0
0,0.10761868644054108,0.38237946707151244,0.07431499903070728,0.37265323151672886,0,0,0,0
0,0.6254612789026521,0.806226028090231,0.4986819481082508,0.701098738389222,1,1,0,1
0,0.057013485121453884,0.35526052024075666,0.5234187052694159,0.4568734218781583,0,0,1,0
0,0.15317473203023563,0.37213541823296264,0.07431499903070728,0.3978439138821537,0,0,0,0
0,0.31474506113314465,0.4465686815059502,0.4472301288753701,0.3978439138821537,0,0,0,0
0,0.4389885509400646,0.778995993219391,0.8830181375801813,0.8342236211422674,0,1,1,1
0,0.1348903791691256,0.30647987150309314,0.043146073851833694,0.23888391686748214,0,0,0,0
1,0.40877064060943763,0.4675432714153721,0.7119238007333535,0.701098738389222,0,0,1,1
0,0.6763804163880858,0.5787083234109208,0.7119238007333535,0.701098738389222,1,1,1,1
0,0.15070209451054278,0.41985362368625606,0.07431499903070728,0.701098738389222,0,0,0,1
1,0.8460507064743771,0.5108240934969304,0.7849054919390522,0.3978439138821537,1,1,1,0
0,0.13800314988657272,0.4444720493915109,0.5234187052694159,0.4568734218781583,0,0,1,0
1,0.34556495192017944,0.5760785161724914,0.5234187052694159,0.4568734218781583,0,1,1,0
1,0.5134853603921585,0.3430740234443302,0.624061140007934,0.23888391686748214,1,0,1,0
0,0.7780999372970182,0.26137291636428744,0.9249893275964554,0.3978439138821537,1,0,1,0
0,0.19032349718821595,0.22095379960596867,0.07103470408429507,0.15659063436336962,0,0,0,0
0,0.7016898464733337,0.7906830337774498,0.4986819481082508,0.701098738389222,1,1,0,1
1,0.9182814217403441,0.5589805146424238,0.8761146978001559,0.701098738389222,1,1,1,1
0,0.9433934639847568,0.8931974849983562,0.9602234262685618,0.9479097084107246,1,1,1,1
0,0.015942560663200694,0.26930993308144374,0.07431499903070728,0.3978439138821537,0,0,0,0
0,0.1618050830789461,0.31082215842682537,0.13655988961459878,0.3978439138821537,0,0,0,0
0,0.9986307961071162,0.959246058703136,0.8761146978001559,0.9479097084107246,1,1,1,1
0,0.7245729978058746,0.3825987482881491,0.33476237395442404,0.2909786896464161,1,0,0,0
0,0.11804423584761121,0.24053115355915164,0.07103470408429507,0.2909786896464161,0,0,0,0
0,0.0643155124196862,0.28642816020024303,0.13655988961459878,0.3978439138821537,0,0,0,0
0,0.016261620046418755,0.13125200402439635,0.13655988961459878,0.2909786896464161,0,0,0,0
1,0.9961250010719481,0.4936593991619442,0.9249893275964554,0.3978439138821537,1,0,1,0
0,0.10946385151636852,0.1767679800383124,0.07103470408429507,0.15659063436336962,0,0,0,0
0,0.26647938144953115,0.5011124243839286,0.5234187052694159,0.37265323151672886,0,1,1,0
0,0.11633094336165252,0.3921534730917457,0.07431499903070728,0.23888391686748214,0,0,0,0
0,0.0382632917969432,0.29159816557455615,0.07431499903070728,0.23888391686748214,0,0,0,0
0,0.12950410112585756,0.3802927590399924,0.13655988961459878,0.23888391686748214,0,0,0,0
0,0.5700947707535625,0.6525954256415992,0.5234187052694159,0.701098738389222,1,1,1,1
0,0.1532726231576695,0.4306760322128306,0.5234187052694159,0.4568734218781583,0,0,1,0
1,0.7635024536190045,0.20890546900383228,0.9249893275964554,0.3978439138821537,1,0,1,0
0,0.0338501344700621,0.25777555326529544,0.07431499903070728,0.4568734218781583,0,0,0,0
0,0.0938009324254218,0.3892485118354271,0.07431499903070728,0.3978439138821537,0,0,0,0
0,0.11548958037011897,0.2710192586613394,0.4472301288753701,0.3978439138821537,0,0,0,0
0,0.1993089736828783,0.4407018355723666,0.13655988961459878,0.3978439138821537,0,0,0,0
0,0.12777754092013663,0.36477744565993986,0.07431499903070728,0.701098738389222,0,0,0,1
0,0.40634897231103634,0.48171575522632787,0.7119238007333535,0.37265323151672886,0,0,1,0
0,0.15029659000610945,0.26821230790269435,0.07103470408429507,0.23888391686748214,0,0,0,0
0,0.11359776608278223,0.37013959864600265,0.043146073851833694,0.23888391686748214,0,0,0,0
0,0.6527133553249646,0.6458152134060775,0.13655988961459878,0.3978439138821537,1,1,0,0
0,0.38547387600077726,0.6182774571952057,0.07431499903070728,0.6545986309349229,0,1,0,1
0,0.519748671603451,0.5809266757385546,0.7119238007333535,0.4568734218781583,1,1,1,0
0,0.4217830087648765,0.5954542294381495,0.5234187052694159,0.701098738389222,0,1,1,1
0,0.8928422495789903,0.5387358200252966,0.7849054919390522,0.701098738389222,1,1,1,1
0,0.015412781450794258,0.16207652326688488,0.07431499903070728,0.2909786896464161,0,0,0,0
0,0.13105584441423965,0.3660261890204197,0.5234187052694159,0.701098738389222,0,0,1,1
0,0.7151356446001157,0.385480358485719,0.8761146978001559,0.3978439138821537,1,0,1,0
0,0.02046087664534933,0.1674666629672901,0.13655988961459878,0.15659063436336962,0,0,0,0
0,0.16649240357993317,0.23145397679308435,0.4472301288753701,0.3978439138821537,0,0,0,0
0,0.22663468259294664,0.42811589127660493,0.5234187052694159,0.37265323151672886,0,0,1,0
1,0.9909495243802979,0.9630796167672723,0.9602234262685618,0.9479097084107246,1,1,1,1
0,0.12933237555458468,0.16868762173450658,0.2843241992058826,0.15659063436336962,0,0,0,0
0,0.22393757544428677,0.4134130911538236,0.4472301288753701,0.3978439138821537,0,0,0,0
0,0.19461853753304495,0.5900163511384564,0.07431499903070728,0.37265323151672886,0,1,0,0
1,0.3671460897332218,0.6674096630079203,0.07431499903070728,0.701098738389222,0,1,0,1
1,0.9886541869240616,0.8868286955341536,0.8761146978001559,0.8342236211422674,1,1,1,1
0,0.6573385172158177,0.6227524992075746,0.7119238007333535,0.701098738389222,1,1,1,1
0,0.37856759337294377,0.6476108282861618,0.07431499903070728,0.701098738389222,0,1,0,1
0,0.14596463002520413,0.46077596226392237,0.07431499903070728,0.3978439138821537,0,0,0,0
1,0.8032363127502234,0.43628377698731163,0.8761146978001559,0.3978439138821537,1,0,1,0
0,0.26505461009810605,0.5577827941955601,0.13655988961459878,0.3978439138821537,0,1,0,0
0,0.030406645657158508,0.23917327851430673,0.07431499903070728,0.3978439138821537,0,0,0,0
0,0.016470499621306152,0.18661881473501477,0.07431499903070728,0.23888391686748214,0,0,0,0
0,0.06528255086397777,0.21694156714980464,0.13655988961459878,0.2909786896464161,0,0,0,0
0,0.5018470370397216,0.5116270058940641,0.4472301288753701,0.3978439138821537,1,1,0,0
0,0.05077788016066099,0.28076144894368926,0.07431499903070728,0.23888391686748214,0,0,0,0
0,0.5962007691359903,0.45640910064005996,0.7119238007333535,0.4568734218781583,1,0,1,0
0,0.0018228863904200202,0.06653131019634234,0.07431499903070728,0.15659063436336962,0,0,0,0
0,0.20669285297375556,0.27889169387254126,0.07103470408429507,0.2909786896464161,0,0,0,0
0,0.01783973161690918,0.24825122096916383,0.07431499903070728,0.4568734218781583,0,0,0,0
0,0.011117577701044936,0.12935055250863495,0.07431499903070728,0.15659063436336962,0,0,0,0
0,0.6895193734679418,0.32532733407173575,0.8761146978001559,0.3978439138821537,1,0,1,0
0,0.0620145086367702,0.3673961421878923,0.07431499903070728,0.37265323151672886,0,0,0,0
0,0.13785453812688783,0.3872049559627767,0.5234187052694159,0.701098738389222,0,0,1,1
0,0.2700805404939106,0.41857383914684665,0.13655988961459878,0.3978439138821537,0,0,0,0
0,0.26363461230603513,0.4086147426774362,0.4472301288753701,0.3978439138821537,0,0,0,0
1,0.84210719084246,0.7198145221592887,0.7119238007333535,0.701098738389222,1,1,1,1
0,0.07461825874736228,0.27796182143180764,0.07431499903070728,0.23888391686748214,0,0,0,0
0,0.6030656082565775,0.22503001924963456,0.7616858140337348,0.15659063436336962,1,0,1,0
0,0.16089532028569387,0.34211227730350935,0.13655988961459878,0.3978439138821537,0,0,0,0
0,0.014354554584677591,0.14676358205600828,0.07431499903070728,0.15659063436336962,0,0,0,0
1,0.7950265211526718,0.9085145467233582,0.9369658288621653,0.9479097084107246,1,1,1,1
0,0.08971865070410272,0.35344414134347846,0.07431499903070728,0.2909786896464161,0,0,0,0
0,0.4496655715876014,0.47713937746311275,0.7119238007333535,0.701098738389222,0,0,1,1
0,0.10451493106742092,0.41792573923711,0.07431499903070728,0.3978439138821537,0,0,0,0
1,0.9146760109530345,0.5093207851006006,0.8761146978001559,0.3978439138821537,1,1,1,0
0,0.09762108164832432,0.27053061822783453,0.13655988961459878,0.3978439138821537,0,0,0,0
0,0.4316962905476783,0.6089785643795825,0.4472301288753701,0.3978439138821537,0,1,0,0
0,0.09440797828789337,0.3907917436070529,0.13655988961459878,0.3978439138821537,0,0,0,0
0,0.9611833843442104,0.38501831336339776,0.8797509975750424,0.23888391686748214,1,0,1,0
0,0.0576172510373701,0.12865315176032843,0.07103470408429507,0.23888391686748214,0,0,0,0
0,0.22154530785310672,0.4377825602502175,0.043146073851833694,0.2909786896464161,0,0,0,0
0,0.07749391140939987,0.374776250272819,0.07431499903070728,0.2909786896464161,0,0,0,0
0,0.140613176224966,0.3591015746566393,0.4472301288753701,0.3978439138821537,0,0,0,0
0,0.14692236616145227,0.3849712809767922,0.13655988961459878,0.3978439138821537,0,0,0,0
0,0.15699170407505303,0.4384993178902034,0.07431499903070728,0.701098738389222,0,0,0,1
0,0.012896030876933947,0.1165472562951055,0.07431499903070728,0.15659063436336962,0,0,0,0
0,0.0762882441406224,0.36930479022254203,0.07431499903070728,0.4568734218781583,0,0,0,0
0,0.6220180484444195,0.4295937778295679,0.7119238007333535,0.701098738389222,1,0,1,1
0,0.5339594646675475,0.49689066441991714,0.5234187052694159,0.701098738389222,1,0,1,1
0,0.06001939549991786,0.15541523618476932,0.07103470408429507,0.15659063436336962,0,0,0,0
0,0.06714784033529574,0.1259408775622992,0.07103470408429507,0.2909786896464161,0,0,0,0
0,0.10819901602613315,0.45968389094650863,0.07431499903070728,0.4568734218781583,0,0,0,0
0,0.20085937669802562,0.4376275195474809,0.5234187052694159,0.4568734218781583,0,0,1,0
0,0.5738382025738379,0.6520084819195754,0.5234187052694159,0.701098738389222,1,1,1,1
0,0.1191866236618486,0.3972120354296944,0.07431499903070728,0.3978439138821537,0,0,0,0
1,0.8118621350238444,0.2210365600355187,0.8797509975750424,0.2909786896464161,1,0,1,0
0,0.07101509076172281,0.36837488217840275,0.07431499903070728,0.2909786896464161,0,0,0,0
0,0.2488010330408439,0.39369227920714667,0.07431499903070728,0.3978439138821537,0,0,0,0
0,0.05549025104516278,0.3263077112225957,0.07431499903070728,0.3978439138821537,0,0,0,0
0,0.9082913354358183,0.9160901189647298,0.9369658288621653,0.7155948913287025,1,1,1,1
0,0.0077799315786487595,0.17440647779503815,0.07431499903070728,0.4568734218781583,0,0,0,0
0,0.2404938284488194,0.5238814213754307,0.5234187052694159,0.4568734218781583,0,1,1,0
0,0.06561743135114508,0.2248506987206369,0.13655988961459878,0.2909786896464161,0,0,0,0
0,0.2782920906560791,0.3040412801523897,0.07103470408429507,0.15659063436336962,0,0,0,0
0,0.027095445334028908,0.16464718967282385,0.13655988961459878,0.15659063436336962,0,0,0,0
0,0.027274981467061116,0.22982813985622358,0.5234187052694159,0.37265323151672886,0,0,1,0
0,0.1886968535469835,0.3482557855783324,0.13655988961459878,0.3978439138821537,0,0,0,0
0,0.10886089637103753,0.3316440485370171,0.043146073851833694,0.23888391686748214,0,0,0,0
0,0.09419314964060872,0.349995700309267,0.5234187052694159,0.4568734218781583,0,0,1,0
0,0.040137729670813554,0.2103568299145602,0.13655988961459878,0.2909786896464161,0,0,0,0
0,0.03933277363838778,0.19216275856953083,0.13655988961459878,0.15659063436336962,0,0,0,0
0,0.22910067176652318,0.4330629711213741,0.5234187052694159,0.37265323151672886,0,0,1,0
0,0.017071073091845194,0.16991831647845163,0.07431499903070728,0.15659063436336962,0,0,0,0
0,0.12545216476719057,0.35954516045585966,0.13655988961459878,0.3978439138821537,0,0,0,0
0,0.03314181252683186,0.1571170339016305,0.13655988961459878,0.15659063436336962,0,0,0,0
0,0.25229588851712303,0.5594319625137849,0.07431499903070728,0.808688118677574,0,1,0,1
0,0.026213837142016045,0.1624421873634852,0.13655988961459878,0.15659063436336962,0,0,0,0
0,0.5430419813822449,0.6355766395231496,0.5234187052694159,0.37265323151672886,1,1,1,0
0,0.025970785704853123,0.1856765550505117,0.13655988961459878,0.15659063436336962,0,0,0,0
0,0.01492855899641298,0.22369187113169553,0.07431499903070728,0.4568734218781583,0,0,0,0
0,0.7095183993459632,0.547457415466139,0.7119238007333535,0.701098738389222,1,1,1,1
0,0.08414743535677846,0.4164575854414086,0.07431499903070728,0.3978439138821537,0,0,0,0
0,0.4163241261366084,0.5925344110204581,0.13655988961459878,0.3978439138821537,0,1,0,0
1,0.6901353045574228,0.527823595689557,0.7119238007333535,0.37265323151672886,1,1,1,0
0,0.05868943009275959,0.26249276284003403,0.5234187052694159,0.37265323151672886,0,0,1,0
0,0.2953429419123746,0.3213854127556437,0.4472301288753701,0.3978439138821537,0,0,0,0
0,0.5418811998909738,0.6157617849530055,0.07431499903070728,0.701098738389222,1,1,0,1
0,0.41132440661956376,0.16080913411099687,0.9249893275964554,0.3978439138821537,0,0,1,0
1,0.9815241980792209,0.451211945229448,0.9249893275964554,0.37265323151672886,1,0,1,0
0,0.08423360263878557,0.4301339016956818,0.07431499903070728,0.3978439138821537,0,0,0,0
0,0.14250651915545323,0.34186328462308285,0.5234187052694159,0.701098738389222,0,0,1,1
0,0.12154692402298457,0.3460077754250748,0.5234187052694159,0.37265323151672886,0,0,1,0
0,0.07068847381023176,0.17649325986651324,0.07103470408429507,0.15659063436336962,0,0,0,0
0,0.15924999586987165,0.2732812694358077,0.07103470408429507,0.2909786896464161,0,0,0,0
0,0.18545747582043856,0.4026567509039629,0.13655988961459878,0.3978439138821537,0,0,0,0
0,0.45731138739533017,0.718489665323189,0.13655988961459878,0.3978439138821537,0,1,0,0
0,0.06167693149561082,0.26181060587748567,0.07431499903070728,0.3978439138821537,0,0,0,0
0,0.06448032722591879,0.28977788529834825,0.043146073851833694,0.2909786896464161,0,0,0,0
0,0.10902581790574324,0.3509296060703015,0.07431499903070728,0.2909786896464161,0,0,0,0
0,0.16738752267324547,0.36994141558039834,0.13655988961459878,0.3978439138821537,0,0,0,0
0,0.13563027847960693,0.43125827231387537,0.13655988961459878,0.3978439138821537,0,0,0,0
0,0.5051500197275228,0.4173491361765622,0.4472301288753701,0.3978439138821537,1,0,0,0
0,0.051906909735454504,0.28735142417459614,0.07431499903070728,0.23888391686748214,0,0,0,0
0,0.08129454917963105,0.35870175691146167,0.13655988961459878,0.3978439138821537,0,0,0,0
0,0.04942806662211571,0.25641076453145534,0.07431499903070728,0.23888391686748214,0,0,0,0
0,0.26532647652788943,0.47539520341873726,0.5234187052694159,0.701098738389222,0,0,1,1
0,0.6147582341009222,0.44222306969223985,0.4472301288753701,0.3978439138821537,1,0,0,0
0,0.91875839856958,0.92835724975478,0.9369658288621653,0.9479097084107246,1,1,1,1
0,0.2416952411164148,0.5724988968317948,0.07431499903070728,0.701098738389222,0,1,0,1
0,0.08846002053256645,0.3885668062757201,0.07431499903070728,0.3978439138821537,0,0,0,0
0,0.10060716156232605,0.39959199039111215,0.13655988961459878,0.3978439138821537,0,0,0,0
0,0.0629138659975992,0.2633307568331907,0.13655988961459878,0.23888391686748214,0,0,0,0
0,0.06692353306219206,0.27298277850609637,0.13655988961459878,0.3978439138821537,0,0,0,0
1,0.7926461804399828,0.7760989568490567,0.5234187052694159,0.701098738389222,1,1,1,1
0,0.05039455200758314,0.12478534741074462,0.07103470408429507,0.15659063436336962,0,0,0,0
0,0.09494574659177239,0.3255582265927414,0.13655988961459878,0.2909786896464161,0,0,0,0
0,0.01646626907524049,0.114231688433749,0.13655988961459878,0.15659063436336962,0,0,0,0
0,0.02313514934945109,0.23821596217287003,0.07431499903070728,0.15659063436336962,0,0,0,0
0,0.6447527528617039,0.4277133170068213,0.7119238007333535,0.701098738389222,1,0,1,1
1,0.11634382285304952,0.32075388207858063,0.13655988961459878,0.23888391686748214,0,0,0,0
0,0.04201860174822159,0.19872727570266946,0.07431499903070728,0.15659063436336962,0,0,0,0
0,0.5600724934746484,0.5499640763728844,0.5234187052694159,0.701098738389222,1,1,1,1
0,0.23071989015012012,0.5009059256295662,0.07431499903070728,0.6545986309349229,0,1,0,1
1,0.7845801896507393,0.76304625036701,0.7119238007333535,0.701098738389222,1,1,1,1
0,0.13014886552838084,0.3718406083245819,0.043146073851833694,0.15659063436336962,0,0,0,0
0,0.07695513445899288,0.2118815643231231,0.13655988961459878,0.15659063436336962,0,0,0,0
0,0.9198078863829022,0.8129890907937479,0.7119238007333535,0.701098738389222,1,1,1,1
1,0.9354545286125864,0.46681476744082107,0.9249893275964554,0.3978439138821537,1,0,1,0
0,0.06143119247398979,0.19372203896839765,0.13655988961459878,0.2909786896464161,0,0,0,0
0,0.6999191065500896,0.6367668008050099,0.5234187052694159,0.701098738389222,1,1,1,1
0,0.9954896193660028,0.22110718013914624,0.8797509975750424,0.15659063436336962,1,0,1,0
0,0.02795263393423331,0.3088426175472936,0.07431499903070728,0.3978439138821537,0,0,0,0
0,0.04608700634983701,0.11895514019355868,0.07103470408429507,0.15659063436336962,0,0,0,0
0,0.3171100876230396,0.5140433418706616,0.13655988961459878,0.3978439138821537,0,1,0,0
1,0.8126815423411203,0.3478460638232494,0.8761146978001559,0.3978439138821537,1,0,1,0
0,0.26149231493370995,0.4959907761621686,0.5234187052694159,0.4568734218781583,0,0,1,0
0,0.013946088200833049,0.15813037178405703,0.07431499903070728,0.23888391686748214,0,0,0,0
0,0.043827673178072096,0.1912727477617619,0.13655988961459878,0.2909786896464161,0,0,0,0
0,0.6862654746770008,0.7246763442046615,0.5234187052694159,0.701098738389222,1,1,1,1
0,0.036430482968319786,0.203157385099945,0.13655988961459878,0.2909786896464161,0,0,0,0
0,0.9467508070770172,0.8169567798855201,0.7119238007333535,0.701098738389222,1,1,1,1
0,0.33582200210718016,0.6487209202451815,0.07431499903070728,0.3978439138821537,0,1,0,0
0,0.34048098718103054,0.6801199248467275,0.07431499903070728,0.701098738389222,0,1,0,1
0,0.04583440336724246,0.373027841075075,0.07431499903070728,0.4568734218781583,0,0,0,0
0,0.10508778307896872,0.24648720255280235,0.13655988961459878,0.2909786896464161,0,0,0,0
1,0.8550187132516693,0.7972512449267163,0.7119238007333535,0.701098738389222,1,1,1,1
0,0.13371928761488583,0.3729678794990846,0.07431499903070728,0.3978439138821537,0,0,0,0
0,0.3522551911920179,0.6475013247814383,0.07431499903070728,0.701098738389222,0,1,0,1
0,0.509377701865038,0.3450311137341513,0.4472301288753701,0.3978439138821537,1,0,0,0
0,0.08184310428611427,0.20623662522071323,0.07103470408429507,0.2909786896464161,0,0,0,0
0,0.972536271227625,0.2591856911936347,0.8797509975750424,0.2909786896464161,1,0,1,0
0,0.019528279420167858,0.1670228623621885,0.07431499903070728,0.15659063436336962,0,0,0,0
0,0.06670845816047677,0.25755979646012717,0.13655988961459878,0.3978439138821537,0,0,0,0
0,0.1969429541484813,0.4165175279115671,0.7119238007333535,0.4568734218781583,0,0,1,0
0,0.1522912791650566,0.3382131270410545,0.5234187052694159,0.37265323151672886,0,0,1,0
1,0.9991047037795945,0.9629652858486066,0.8761146978001559,0.9479097084107246,1,1,1,1
0,0.19593799291967376,0.4875350560060127,0.07431499903070728,0.3978439138821537,0,0,0,0
1,0.8858471125961269,0.8698766606024146,0.7119238007333535,0.701098738389222,1,1,1,1
0,0.07405776699010604,0.1869663673021204,0.07103470408429507,0.15659063436336962,0,0,0,0
0,0.17815307477068204,0.38218198984979707,0.5234187052694159,0.701098738389222,0,0,1,1
0,0.08028276831721902,0.30630215654103765,0.13655988961459878,0.3978439138821537,0,0,0,0
0,0.02860216429143421,0.2857047673229367,0.07431499903070728,0.37265323151672886,0,0,0,0
0,0.08722928523348451,0.3280213594114992,0.07431499903070728,0.37265323151672886,0,0,0,0
1,0.2922197610510903,0.6205624038205838,0.7512025309012217,0.3978439138821537,0,1,1,0
0,0.8110216839374991,0.6629646670448343,0.7119238007333535,0.701098738389222,1,1,1,1
1,0.9977935532972568,0.3004086300672709,0.8797509975750424,0.2909786896464161,1,0,1,0
0,0.5756814430900076,0.5377191384881429,0.7119238007333535,0.701098738389222,1,1,1,1
0,0.0796680391503539,0.2499159955103053,0.043146073851833694,0.15659063436336962,0,0,0,0
0,0.0319445847031048,0.015007786935334567,0.8797509975750424,0.15659063436336962,0,0,1,0
0,0.5087017261547643,0.5084036337712885,0.4472301288753701,0.3978439138821537,1,1,0,0
0,0.24029882910054107,0.3814082766593162,0.07103470408429507,0.23888391686748214,0,0,0,0
0,0.03441361552030481,0.2755333193923694,0.07431499903070728,0.3978439138821537,0,0,0,0
0,0.03023231222540995,0.27477659408161853,0.07431499903070728,0.23888391686748214,0,0,0,0
0,0.05031268891461568,0.2346104115506387,0.13655988961459878,0.15659063436336962,0,0,0,0
0,0.061443528476945675,0.2725002914133151,0.07431499903070728,0.2909786896464161,0,0,0,0
0,0.9825597575356868,0.4449761715009993,0.9249893275964554,0.4568734218781583,1,0,1,0
0,0.17094643257777836,0.45366206825975725,0.07431499903070728,0.701098738389222,0,0,0,1
0,0.23630533265734882,0.3250456211105269,0.4472301288753701,0.3978439138821537,0,0,0,0
0,0.15888626494341132,0.3758558455912701,0.07431499903070728,0.3978439138821537,0,0,0,0
0,0.26883507716889277,0.29994674171906804,0.4472301288753701,0.3978439138821537,0,0,0,0
0,0.1434244943483185,0.3610707816033775,0.13655988961459878,0.3978439138821537,0,0,0,0
0,0.7525327063149168,0.6068475976471039,0.7119238007333535,0.701098738389222,1,1,1,1
0,0.07194941540627128,0.4146651292399819,0.07431499903070728,0.4568734218781583,0,0,0,0
0,0.10460114439367897,0.41194198295634177,0.07431499903070728,0.3978439138821537,0,0,0,0
0,0.6061318592627086,0.700823221882486,0.5234187052694159,0.701098738389222,1,1,1,1
0,0.06009565383049183,0.18497748894469448,0.13655988961459878,0.15659063436336962,0,0,0,0
0,0.2932030104744774,0.4083560537357573,0.7119238007333535,0.37265323151672886,0,0,1,0
0,0.026904301501205426,0.10537890569975333,0.07103470408429507,0.23888391686748214,0,0,0,0
0,0.2664842380478532,0.4105927486228173,0.7119238007333535,0.37265323151672886,0,0,1,0
0,0.11202777800591204,0.3990901938104595,0.07431499903070728,0.3978439138821537,0,0,0,0
0,0.1301254162812438,0.5100460558583954,0.07431499903070728,0.3978439138821537,0,1,0,0
0,0.01188249966919981,0.15123012330850433,0.07431499903070728,0.15659063436336962,0,0,0,0
0,0.15218377653290946,0.4133132943804626,0.07431499903070728,0.37265323151672886,0,0,0,0
0,0.20019333545563034,0.5207001424295599,0.13655988961459878,0.3978439138821537,0,1,0,0
0,0.9251854957385194,0.5824335023106377,0.8761146978001559,0.701098738389222,1,1,1,1
0,0.034972278121918395,0.187765704063972,0.13655988961459878,0.15659063436336962,0,0,0,0
0,0.35011167782979447,0.4547428947241902,0.7119238007333535,0.37265323151672886,0,0,1,0
0,0.9687219476691994,0.5024729913095604,0.9249893275964554,0.37265323151672886,1,1,1,0
1,0.99828064303616,0.9637770375656614,0.8761146978001559,0.9479097084107246,1,1,1,1
1,0.5472346093094359,0.5895723301598342,0.7119238007333535,0.4568734218781583,1,1,1,0
1,0.8126970876237761,0.5411874930436906,0.7849054919390522,0.3978439138821537,1,1,1,0
0,0.22176951489673635,0.4989177321367092,0.13655988961459878,0.3978439138821537,0,0,0,0
0,0.3690954266986382,0.3571114774432891,0.4472301288753701,0.3978439138821537,0,0,0,0
0,0.20176471396768578,0.46768734010211827,0.5234187052694159,0.4568734218781583,0,0,1,0
0,0.14734564415183646,0.3795220947213165,0.13655988961459878,0.3978439138821537,0,0,0,0
0,0.10347801550627775,0.3788344430170302,0.13655988961459878,0.3978439138821537,0,0,0,0
0,0.8234557639502659,0.6607943753711453,0.5234187052694159,0.701098738389222,1,1,1,1
0,0.017793461226247708,0.18900316923416388,0.07431499903070728,0.15659063436336962,0,0,0,0
0,0.1162114291865947,0.1909713266514464,0.07103470408429507,0.23888391686748214,0,0,0,0
0,0.16936811777281577,0.5443560506755624,0.07431499903070728,0.4568734218781583,0,1,0,0
0,0.24281482230845033,0.5558042601211406,0.07431499903070728,0.3978439138821537,0,1,0,0
0,0.2168577008456416,0.5127993209335578,0.07431499903070728,0.701098738389222,0,1,0,1
0,0.3475424680441247,0.3588101963185457,0.4472301288753701,0.3978439138821537,0,0,0,0
0,0.6301689446248058,0.4881374833910371,0.4472301288753701,0.3978439138821537,1,0,0,0
0,0.345574873437249,0.4000261186637293,0.4472301288753701,0.3978439138821537,0,0,0,0
0,0.1383343451957533,0.4988162766362993,0.07431499903070728,0.3978439138821537,0,0,0,0
0,0.16283252600104464,0.4307899618437348,0.07431499903070728,0.3978439138821537,0,0,0,0
0,0.15408790077556214,0.3555213482227954,0.5234187052694159,0.701098738389222,0,0,1,1
0,0.3199886122052081,0.5471098560469023,0.07431499903070728,0.37265323151672886,0,1,0,0
0,0.8566568249536745,0.48310858475254204,0.8761146978001559,0.4568734218781583,1,0,1,0
0,0.6289336257244724,0.3873255867081777,0.7849054919390522,0.3978439138821537,1,0,1,0
0,0.37341803223766923,0.3944984811531938,0.4472301288753701,0.3978439138821537,0,0,0,0
0,0.16293158889446197,0.26043997559678633,0.07103470408429507,0.2909786896464161,0,0,0,0
1,0.8133563374304493,0.5650113514392253,0.7849054919390522,0.701098738389222,1,1,1,1
0,0.08175981378384434,0.23423020633051095,0.07103470408429507,0.2909786896464161,0,0,0,0
0,0.28622466980570466,0.6288989593967187,0.07431499903070728,0.808688118677574,0,1,0,1
0,0.4850094470989062,0.5801739141480351,0.5234187052694159,0.701098738389222,0,1,1,1
0,0.8318418337089626,0.578621811706642,0.7849054919390522,0.3978439138821537,1,1,1,0
0,0.7206859571135096,0.42794760948072386,0.4472301288753701,0.3978439138821537,1,0,0,0
0,0.1428483377437703,0.5024975183556399,0.5234187052694159,0.4568734218781583,0,1,1,0
0,0.13960227152609817,0.5009437361473089,0.5234187052694159,0.4568734218781583,0,1,1,0
0,0.16063359805934915,0.413962804074435,0.13655988961459878,0.2909786896464161,0,0,0,0
0,0.7390780167072268,0.4329004937591712,0.8761146978001559,0.3978439138821537,1,0,1,0
0,0.06107644190278292,0.20932911939373267,0.13655988961459878,0.15659063436336962,0,0,0,0
0,0.23696524722587825,0.5368011444042012,0.07431499903070728,0.37265323151672886,0,1,0,0
0,0.3671554019376952,0.4178452771869413,0.7119238007333535,0.4568734218781583,0,0,1,0
1,0.9950795214239841,0.9444397359026278,0.966188612902029,0.9479097084107246,1,1,1,1
0,0.08659209823093252,0.396593556572746,0.07431499903070728,0.3978439138821537,0,0,0,0
0,0.08388800815950277,0.45339574364703406,0.07431499903070728,0.3978439138821537,0,0,0,0
0,0.0906295054599416,0.3362501629872389,0.07431499903070728,0.3978439138821537,0,0,0,0
0,0.46631844706454373,0.3641178575390256,0.4472301288753701,0.3978439138821537,0,0,0,0
0,0.4213737982858259,0.5075046663183825,0.7119238007333535,0.37265323151672886,0,1,1,0
0,0.0316700663814415,0.15768432593406392,0.13655988961459878,0.2909786896464161,0,0,0,0
0,0.3208827279554999,0.5315353517787565,0.5234187052694159,0.701098738389222,0,1,1,1
0,0.21925053310606896,0.48437513315809816,0.07431499903070728,0.3978439138821537,0,0,0,0
0,0.4105103022240583,0.35661204076720454,0.13655988961459878,0.3978439138821537,0,0,0,0
0,0.2118516040759173,0.5032520619126828,0.5234187052694159,0.701098738389222,0,1,1,1
0,0.4565301774225034,0.726233399644805,0.5234187052694159,0.701098738389222,0,1,1,1
0,0.07758807684138676,0.33716610021312376,0.07431499903070728,0.23888391686748214,0,0,0,0
0,0.12234196148137966,0.4861086494809127,0.5234187052694159,0.4568734218781583,0,0,1,0
1,0.4041890552911516,0.6927601282726629,0.5234187052694159,0.701098738389222,0,1,1,1
0,0.06520410435867843,0.1663153491048996,0.07103470408429507,0.15659063436336962,0,0,0,0
0,0.14139934144387517,0.21257173996250617,0.07103470408429507,0.2909786896464161,0,0,0,0
0,0.5310114897907692,0.7586507952022044,0.4986819481082508,0.701098738389222,1,1,0,1
0,0.027795071447663525,0.20369872452898177,0.07431499903070728,0.15659063436336962,0,0,0,0
1,0.9429618515181829,0.5368411278586852,0.8761146978001559,0.37265323151672886,1,1,1,0
0,0.13069960430001862,0.3687314757244421,0.043146073851833694,0.2909786896464161,0,0,0,0
0,0.1543612634013951,0.40178802943155706,0.5234187052694159,0.701098738389222,0,0,1,1
0,0.049071759480443185,0.21729614490678573,0.13655988961459878,0.23888391686748214,0,0,0,0
0,0.08422476099482942,0.2964118169419028,0.07431499903070728,0.3978439138821537,0,0,0,0
0,0.27570389228853615,0.49357799640098204,0.5234187052694159,0.37265323151672886,0,0,1,0
0,0.06223586904608423,0.2292688404490739,0.13655988961459878,0.2909786896464161,0,0,0,0
0,0.1656255011713334,0.4105163616794385,0.07431499903070728,0.701098738389222,0,0,0,1
1,0.829498716605575,0.8011308655673318,0.5234187052694159,0.701098738389222,1,1,1,1
0,0.3718753769128225,0.3686256624103304,0.4472301288753701,0.3978439138821537,0,0,0,0
0,0.28158313934194795,0.41661037466454093,0.13655988961459878,0.3978439138821537,0,0,0,0
0,0.20006785053924,0.2895089872866873,0.07103470408429507,0.2909786896464161,0,0,0,0
0,0.4072760990351477,0.4523236762298532,0.07103470408429507,0.2909786896464161,0,0,0,0
0,0.3565501037918465,0.5202744270718235,0.5234187052694159,0.37265323151672886,0,1,1,0
0,0.9175253944571647,0.4132768406791622,0.9249893275964554,0.37265323151672886,1,0,1,0
0,0.9928917616402028,0.4132525591453295,0.9249893275964554,0.3978439138821537,1,0,1,0
0,0.6893088311880152,0.28959161057270816,0.8761146978001559,0.3978439138821537,1,0,1,0
0,0.11022340419020935,0.3608821724507289,0.13655988961459878,0.3978439138821537,0,0,0,0
0,0.20506784556793686,0.49136005737693594,0.07431499903070728,0.3978439138821537,0,0,0,0
0,0.4651949785963567,0.48111927442188385,0.7119238007333535,0.37265323151672886,0,0,1,0
0,0.1771407882747197,0.18846286916187205,0.07103470408429507,0.2909786896464161,0,0,0,0
0,0.871081178051514,0.24899884351438897,0.8797509975750424,0.23888391686748214,1,0,1,0
0,0.4077040803167211,0.5555808152504659,0.13655988961459878,0.3978439138821537,0,1,0,0
0,0.0594227206690359,0.36896007415665294,0.07431499903070728,0.4568734218781583,0,0,0,0
0,0.19986523986897958,0.563241686775672,0.07431499903070728,0.3978439138821537,0,1,0,0
1,0.8744318295429282,0.8676540684785301,0.9602234262685618,0.9479097084107246,1,1,1,1
0,0.021734948145510496,0.19795231028810567,0.07431499903070728,0.23888391686748214,0,0,0,0
0,0.12273562958540958,0.3263459885211511,0.07103470408429507,0.15659063436336962,0,0,0,0
0,0.159265689944716,0.3876794823578755,0.13655988961459878,0.3978439138821537,0,0,0,0
0,0.02760926241924837,0.21154405628492048,0.07431499903070728,0.15659063436336962,0,0,0,0
0,0.20460130067558022,0.520569182629185,0.5234187052694159,0.4568734218781583,0,1,1,0
0,0.05096660308905599,0.3038167036650273,0.07431499903070728,0.23888391686748214,0,0,0,0
1,0.7565543856335462,0.3973128990186599,0.7616858140337348,0.9235318144521436,1,0,1,1
0,0.21116679644615427,0.4412113931692531,0.07431499903070728,0.3978439138821537,0,0,0,0
0,0.009838670832646466,0.1216574560752125,0.07431499903070728,0.15659063436336962,0,0,0,0
0,0.01747481289391233,0.14343961037324873,0.07431499903070728,0.15659063436336962,0,0,0,0
0,0.467063150364218,0.5426251259842082,0.4472301288753701,0.3978439138821537,0,1,0,0
0,0.7218035935307352,0.6368818709709985,0.7119238007333535,0.701098738389222,1,1,1,1
0,0.12537903497891273,0.30166792404103526,0.7119238007333535,0.4568734218781583,0,0,1,0
0,0.14821341984595035,0.3711960342109966,0.5234187052694159,0.37265323151672886,0,0,1,0
0,0.06607150701213856,0.3256378330118321,0.07431499903070728,0.23888391686748214,0,0,0,0
0,0.11983413548041923,0.18828561060669197,0.07103470408429507,0.15659063436336962,0,0,0,0
0,0.05790192942539273,0.4071088892744212,0.07431499903070728,0.3978439138821537,0,0,0,0
0,0.2613202888638958,0.35257391045201153,0.13655988961459878,0.3978439138821537,0,0,0,0
0,0.6371606376956492,0.6234188671159622,0.7119238007333535,0.701098738389222,1,1,1,1
0,0.19699086839323934,0.5704307813480826,0.07431499903070728,0.701098738389222,0,1,0,1
0,0.1652452932662619,0.3499697490655702,0.13655988961459878,0.3978439138821537,0,0,0,0
0,0.020099684009652653,0.16116617222795568,0.07431499903070728,0.15659063436336962,0,0,0,0
0,0.9958353585211952,0.5355016902594607,0.9249893275964554,0.701098738389222,1,1,1,1
0,0.04549131265961635,0.34794034592643186,0.07431499903070728,0.37265323151672886,0,0,0,0
0,0.05614842818495094,0.25723723473344423,0.5234187052694159,0.37265323151672886,0,0,1,0
1,0.9673230722556718,0.939687176067435,0.9369658288621653,0.9479097084107246,1,1,1,1
0,0.024758930312269663,0.17808857083366128,0.13655988961459878,0.15659063436336962,0,0,0,0
0,0.03375874758415174,0.21850931174933008,0.07431499903070728,0.15659063436336962,0,0,0,0
0,0.33055026181416264,0.48940136260760314,0.13655988961459878,0.3978439138821537,0,0,0,0
0,0.8333222725442211,0.5247768357487508,0.7849054919390522,0.808688118677574,1,1,1,1
0,0.053754963426374446,0.13977632836319245,0.07103470408429507,0.15659063436336962,0,0,0,0
0,0.35013585996405,0.5907618075744175,0.13655988961459878,0.3978439138821537,0,1,0,0
0,0.02021778740027458,0.18108872221849395,0.07431499903070728,0.15659063436336962,0,0,0,0
0,0.10945455853989405,0.38872915703246336,0.5234187052694159,0.37265323151672886,0,0,1,0
0,0.019028182257209873,0.1288082006121448,0.13655988961459878,0.15659063436336962,0,0,0,0
0,0.08901838816855652,0.2864762926715811,0.13655988961459878,0.3978439138821537,0,0,0,0
0,0.16676414714603624,0.35003213395868005,0.13655988961459878,0.3978439138821537,0,0,0,0
0,0.23062868712196394,0.29610505852617053,0.07103470408429507,0.23888391686748214,0,0,0,0
0,0.442066255530612,0.6239164080510393,0.5234187052694159,0.701098738389222,0,1,1,1
0,0.07963148699509057,0.3679086328043777,0.07431499903070728,0.37265323151672886,0,0,0,0
0,0.1293978075956338,0.33974712809444335,0.7119238007333535,0.4568734218781583,0,0,1,0
0,0.168557174928163,0.36149777133125666,0.13655988961459878,0.8919618540568964,0,0,0,1
0,0.037958238617495775,0.22992759126194862,0.13655988961459878,0.2909786896464161,0,0,0,0
0,0.13349002938121454,0.5298345902434602,0.07431499903070728,0.4568734218781583,0,1,0,0
0,0.1213178142125026,0.4015283930870093,0.07431499903070728,0.23888391686748214,0,0,0,0
0,0.6513861601362183,0.832450031869221,0.186156446724178,0.701098738389222,1,1,0,1
0,0.03290531114838614,0.2185330075880089,0.07431499903070728,0.15659063436336962,0,0,0,0
0,0.10628079630416497,0.45015542808483944,0.13655988961459878,0.3978439138821537,0,0,0,0
0,0.7364505889220023,0.8179422901655988,0.4986819481082508,0.701098738389222,1,1,0,1
0,0.08008616948619514,0.2802719905354083,0.13655988961459878,0.2909786896464161,0,0,0,0
0,0.019027609698403777,0.2085400978776751,0.07431499903070728,0.2909786896464161,0,0,0,0
0,0.2122740735493054,0.36902775383379527,0.043146073851833694,0.23888391686748214,0,0,0,0
0,0.21178952160364906,0.5155470873640496,0.07431499903070728,0.2909786896464161,0,1,0,0
0,0.9381684926954219,0.9578876631527152,0.7563345524221652,0.9479097084107246,1,1,1,1
0,0.06722048677993887,0.262650655099633,0.13655988961459878,0.23888391686748214,0,0,0,0
0,0.40500306733425484,0.5831637532111333,0.07431499903070728,0.701098738389222,0,1,0,1
0,0.560306826153404,0.7211800410610709,0.5234187052694159,0.701098738389222,1,1,1,1
0,0.06848842491648229,0.34441937789721294,0.07431499903070728,0.3978439138821537,0,0,0,0
0,0.11226618507988241,0.38585053815447534,0.07431499903070728,0.4568734218781583,0,0,0,0
0,0.055166317072497806,0.18229573658384643,0.07103470408429507,0.15659063436336962,0,0,0,0
0,0.36651275339612993,0.4070605966308804,0.7119238007333535,0.37265323151672886,0,0,1,0
0,0.7789684844560846,0.21659587727165813,0.8797509975750424,0.15659063436336962,1,0,1,0
1,0.49783718627196955,0.33111689826670393,0.7849054919390522,0.3978439138821537,0,0,1,0
0,0.2021296909881198,0.2693886505783583,0.07103470408429507,0.47969074013403357,0,0,0,0
0,0.7327195317062607,0.7447614930938754,0.5234187052694159,0.701098738389222,1,1,1,1
0,0.9634944420007309,0.41279239982278604,0.9249893275964554,0.3978439138821537,1,0,1,0
0,0.187520829636691,0.5047628139590692,0.07431499903070728,0.3978439138821537,0,1,0,0
0,0.14694781707723184,0.4390196429844231,0.5234187052694159,0.4568734218781583,0,0,1,0
0,0.09214029172158603,0.306593231866042,0.13655988961459878,0.3978439138821537,0,0,0,0
0,0.5471296448296206,0.6304405327390444,0.5234187052694159,0.701098738389222,1,1,1,1
0,0.047529209467831506,0.19223483137323874,0.13655988961459878,0.15659063436336962,0,0,0,0
0,0.24159599619209937,0.5163050450213431,0.5234187052694159,0.37265323151672886,0,1,1,0
0,0.14005855273162807,0.39128889674015105,0.13655988961459878,0.3978439138821537,0,0,0,0
0,0.2950525578167439,0.48512329193534537,0.07431499903070728,0.3978439138821537,0,0,0,0
0,0.10683803277355686,0.22983512200038,0.07103470408429507,0.2909786896464161,0,0,0,0
0,0.19495575243794216,0.47720115216042364,0.07431499903070728,0.701098738389222,0,0,0,1
0,0.22755647397172976,0.43038489442891337,0.13655988961459878,0.3978439138821537,0,0,0,0
0,0.9292241787921702,0.5688876952877575,0.8761146978001559,0.3978439138821537,1,1,1,0
0,0.11545416160641081,0.5494035894308145,0.07431499903070728,0.3978439138821537,0,1,0,0
1,0.36152341038853825,0.19476801138054833,0.7616858140337348,0.23888391686748214,0,0,1,0
0,0.42516494342487804,0.3979694169290053,0.7119238007333535,0.4568734218781583,0,0,1,0
0,0.09529430366587288,0.40704976048166824,0.07431499903070728,0.3978439138821537,0,0,0,0
0,0.09858105604454023,0.41454918298741145,0.07431499903070728,0.3978439138821537,0,0,0,0
0,0.11899479676461146,0.46575402535305155,0.07431499903070728,0.37265323151672886,0,0,0,0
0,0.019207219938485575,0.18092476853334233,0.07431499903070728,0.15659063436336962,0,0,0,0
0,0.13546700261783684,0.400779375038335,0.07431499903070728,0.37265323151672886,0,0,0,0
0,0.24601877139034345,0.5366093047447508,0.07431499903070728,0.3978439138821537,0,1,0,0
0,0.3912759280933497,0.37938167920429844,0.7119238007333535,0.37265323151672886,0,0,1,0
0,0.1687864347409001,0.5370619773713289,0.07431499903070728,0.4568734218781583,0,1,0,0
0,0.15196166826293592,0.4148612808764174,0.07431499903070728,0.37265323151672886,0,0,0,0
0,0.11480371345838457,0.2120149114959923,0.07103470408429507,0.15659063436336962,0,0,0,0
0,0.03747636268061604,0.3162659509433397,0.13655988961459878,0.3978439138821537,0,0,0,0
0,0.19446501800697752,0.354663601032733,0.4472301288753701,0.3978439138821537,0,0,0,0
0,0.1275756828376258,0.3379836551750049,0.043146073851833694,0.23888391686748214,0,0,0,0
0,0.13726536270208298,0.60705576367465,0.07431499903070728,0.3978439138821537,0,1,0,0
1,0.7473592827335748,0.45405054316352816,0.7849054919390522,0.701098738389222,1,0,1,1
0,0.5305852161629855,0.6423880037450637,0.13655988961459878,0.3978439138821537,1,1,0,0
0,0.1463755918617847,0.2964577616137529,0.13655988961459878,0.3978439138821537,0,0,0,0
0,0.13863448609778511,0.48790013297531126,0.07431499903070728,0.3978439138821537,0,0,0,0
1,0.533852607186872,0.6320472141846771,0.5234187052694159,0.701098738389222,1,1,1,1
0,0.05888437158255225,0.2979554916637674,0.07431499903070728,0.3978439138821537,0,0,0,0
0,0.026507742249699994,0.18002575601003276,0.07431499903070728,0.2909786896464161,0,0,0,0
0,0.2159865477110833,0.4668420269357855,0.07431499903070728,0.701098738389222,0,0,0,1
0,0.12239766229633528,0.43936361641092836,0.07431499903070728,0.3978439138821537,0,0,0,0
0,0.09356362322285133,0.28859846298082137,0.13655988961459878,0.23888391686748214,0,0,0,0
0,0.11560236002663614,0.21467056775254087,0.07103470408429507,0.15659063436336962,0,0,0,0
0,0.4229461735211476,0.6947110488068603,0.07431499903070728,0.701098738389222,0,1,0,1
1,0.9767373061849364,0.47421911465051475,0.9249893275964554,0.3978439138821537,1,0,1,0
0,0.1585138282066585,0.3980479878766863,0.13655988961459878,0.3978439138821537,0,0,0,0
0,0.25348205647225847,0.48695278815857984,0.5234187052694159,0.37265323151672886,0,0,1,0
0,0.09218040015478939,0.33064769881134537,0.07431499903070728,0.3978439138821537,0,0,0,0
1,0.9416512475840806,0.9397399286613126,0.9369658288621653,0.9479097084107246,1,1,1,1
0,0.6100013484877276,0.6786959502234609,0.5234187052694159,0.701098738389222,1,1,1,1
1,0.5922212145909527,0.4905879191799882,0.4472301288753701,0.3978439138821537,1,0,0,0
0,0.8613869943431144,0.7325478163191825,0.7119238007333535,0.701098738389222,1,1,1,1
0,0.4609943143355099,0.5135992681011632,0.13655988961459878,0.3978439138821537,0,1,0,0
0,0.12378153666708709,0.3701816353191613,0.13655988961459878,0.3978439138821537,0,0,0,0
0,0.15809278629169426,0.4852803752440506,0.07431499903070728,0.37265323151672886,0,0,0,0
0,0.11156054164662485,0.4698796171882045,0.07431499903070728,0.37265323151672886,0,0,0,0
0,0.1011094198458119,0.33223624564538407,0.5234187052694159,0.4568734218781583,0,0,1,0
0,0.4016892247629566,0.6499754375560438,0.07431499903070728,0.701098738389222,0,1,0,1
0,0.1315089459898266,0.4068027670132122,0.07431499903070728,0.37265323151672886,0,0,0,0
0,0.43305148597975796,0.5487391034477755,0.5234187052694159,0.701098738389222,0,1,1,1
1,0.36392724647315766,0.5511337026572852,0.5234187052694159,0.6545986309349229,0,1,1,1
0,0.3960568217210188,0.5372209209369173,0.5234187052694159,0.701098738389222,0,1,1,1
0,0.1619013239894367,0.4295644253488065,0.13655988961459878,0.3978439138821537,0,0,0,0
0,0.22960782384489295,0.41307267317940477,0.13655988961459878,0.3978439138821537,0,0,0,0
0,0.10002602031815104,0.3952212487760404,0.07431499903070728,0.3978439138821537,0,0,0,0
0,0.34605434967604387,0.6081032401731414,0.07431499903070728,0.701098738389222,0,1,0,1
0,0.11982058849956854,0.46229586366268377,0.07431499903070728,0.4568734218781583,0,0,0,0
0,0.06061372693820676,0.33577398853328283,0.5234187052694159,0.4568734218781583,0,0,1,0
0,0.8782622539301651,0.5934018917995098,0.7849054919390522,0.701098738389222,1,1,1,1
0,0.6581754040299589,0.5060006723620244,0.7119238007333535,0.37265323151672886,1,1,1,0
0,0.30637724041906544,0.3151134604440443,0.07103470408429507,0.2909786896464161,0,0,0,0
0,0.14024349927810661,0.568737724595733,0.07431499903070728,0.4568734218781583,0,1,0,0
1,0.7727932322215256,0.7165932089997901,0.7119238007333535,0.701098738389222,1,1,1,1
0,0.02195618783255544,0.15152962106777135,0.13655988961459878,0.15659063436336962,0,0,0,0
0,0.6429698446758346,0.5813395969290092,0.7119238007333535,0.701098738389222,1,1,1,1
0,0.6489107457099648,0.5482917864158868,0.7119238007333535,0.701098738389222,1,1,1,1
1,0.07786452089579451,0.18385050180600646,0.043146073851833694,0.23888391686748214,0,0,0,0
0,0.9148813086074322,0.7836898361064237,0.7119238007333535,0.701098738389222,1,1,1,1
0,0.3530982631576488,0.45640475343125103,0.13655988961459878,0.3978439138821537,0,0,0,0
0,0.13684499232646002,0.40853324232974836,0.07431499903070728,0.3978439138821537,0,0,0,0
0,0.09800272101760524,0.428585393911124,0.07431499903070728,0.3978439138821537,0,0,0,0
0,0.8675521706832342,0.6723523011264534,0.7119238007333535,0.701098738389222,1,1,1,1
0,0.0989195060040805,0.3730999064776008,0.5234187052694159,0.4568734218781583,0,0,1,0
0,0.08750577111337737,0.42576038993433885,0.07431499903070728,0.3978439138821537,0,0,0,0
0,0.17604477097623678,0.3215321144098796,0.13655988961459878,0.3978439138821537,0,0,0,0
0,0.0449909771333232,0.17223841571525728,0.13655988961459878,0.15659063436336962,0,0,0,0
0,0.9351528203514777,0.8560950842024283,0.5234187052694159,0.701098738389222,1,1,1,1
0,0.047590561675546886,0.2584798527399616,0.07431499903070728,0.3978439138821537,0,0,0,0
0,0.7255891519323305,0.42869918322166056,0.7849054919390522,0.701098738389222,1,0,1,1
0,0.08294417590707402,0.27841702521859185,0.13655988961459878,0.23888391686748214,0,0,0,0
0,0.3557871561916631,0.7348108388433884,0.07431499903070728,0.701098738389222,0,1,0,1
0,0.5973045248197749,0.43593110211262437,0.7849054919390522,0.3978439138821537,1,0,1,0
1,0.9900344237560789,0.9610698522314427,0.9602234262685618,0.9479097084107246,1,1,1,1
0,0.4141746299777906,0.5164182759235396,0.4472301288753701,0.3978439138821537,0,1,0,0
0,0.21855083642203202,0.4739387704610431,0.07431499903070728,0.3978439138821537,0,0,0,0
0,0.14570487844793586,0.5092981767053677,0.07431499903070728,0.701098738389222,0,1,0,1
0,0.22473616778727162,0.42554200512648405,0.043146073851833694,0.23888391686748214,0,0,0,0
0,0.2935319384536161,0.41774088522177805,0.07103470408429507,0.23888391686748214,0,0,0,0
0,0.8264010147340256,0.8776125418917928,0.5234187052694159,0.701098738389222,1,1,1,1
0,0.00162914559462251,0.08970114093494713,0.07431499903070728,0.3978439138821537,0,0,0,0
0,0.030568160973526208,0.23870048077888512,0.07431499903070728,0.2909786896464161,0,0,0,0
0,0.17958057757895177,0.3808126658759432,0.5234187052694159,0.37265323151672886,0,0,1,0
0,0.22863678015323396,0.427943507892709,0.5234187052694159,0.4568734218781583,0,0,1,0
0,0.28271334446042956,0.44052264007179315,0.4472301288753701,0.3978439138821537,0,0,0,0
0,0.04743575847881538,0.19977474823378305,0.13655988961459878,0.2909786896464161,0,0,0,0
0,0.07847864200380934,0.2711000400605639,0.13655988961459878,0.23888391686748214,0,0,0,0
1,0.9869479550536331,0.8205350029445113,0.8761146978001559,0.701098738389222,1,1,1,1
0,0.3260387803429112,0.3493427425390355,0.07103470408429507,0.2909786896464161,0,0,0,0
0,0.19258854379490042,0.49268776816902154,0.07431499903070728,0.3978439138821537,0,0,0,0
0,0.34227716039618244,0.40094079510087943,0.4472301288753701,0.3978439138821537,0,0,0,0
1,0.5619172510219876,0.5905849428196467,0.7119238007333535,0.4568734218781583,1,1,1,0
0,0.1888668870067445,0.4774001148400691,0.07431499903070728,0.37265323151672886,0,0,0,0
0,0.003496983207631195,0.1151574838777913,0.07431499903070728,0.23888391686748214,0,0,0,0
0,0.22881743950265046,0.3439726958656036,0.4472301288753701,0.3978439138821537,0,0,0,0
0,0.03713179195804454,0.12405572509400499,0.07103470408429507,0.15659063436336962,0,0,0,0
0,0.03606726711925439,0.231007918175494,0.07431499903070728,0.3978439138821537,0,0,0,0
0,0.045831776458509624,0.20010654882490106,0.13655988961459878,0.2909786896464161,0,0,0,0
0,0.44110113177119553,0.6072469025340603,0.5234187052694159,0.701098738389222,0,1,1,1
1,0.8318242973871971,0.8819994376412237,0.9369658288621653,0.9479097084107246,1,1,1,1
0,0.0452861855676606,0.3315589433721875,0.07431499903070728,0.3978439138821537,0,0,0,0
0,0.19967818715413294,0.5307430668382388,0.07431499903070728,0.4568734218781583,0,1,0,0
0,0.13015677754213772,0.32932690180068913,0.07431499903070728,0.3978439138821537,0,0,0,0
0,0.043724409306770934,0.310000514168277,0.07431499903070728,0.37265323151672886,0,0,0,0
0,0.13795162730308438,0.37138686661366616,0.043146073851833694,0.23888391686748214,0,0,0,0
0,0.29054473503338124,0.3088301578751092,0.13655988961459878,0.3978439138821537,0,0,0,0
0,0.15324379666995286,0.16997753440736826,0.2843241992058826,0.15659063436336962,0,0,0,0
0,0.3969353715966824,0.5594478066107672,0.07103470408429507,0.23888391686748214,0,1,0,0
0,0.0997792977798506,0.3988711566972262,0.07431499903070728,0.3978439138821537,0,0,0,0
1,0.6410909399171056,0.7068625274412954,0.5234187052694159,0.701098738389222,1,1,1,1
0,0.9525088866691832,0.4921207597442799,0.9249893275964554,0.3978439138821537,1,0,1,0
0,0.3320675626386596,0.508643369137942,0.13655988961459878,0.3978439138821537,0,1,0,0
0,0.6565300066552705,0.6666408781264785,0.4472301288753701,0.3978439138821537,1,1,0,0
0,0.10018021687273843,0.412884567275032,0.07431499903070728,0.23888391686748214,0,0,0,0
0,0.02850332281797669,0.2576229845999283,0.07431499903070728,0.23888391686748214,0,0,0,0
0,0.027522486237247106,0.17760765218607275,0.13655988961459878,0.15659063436336962,0,0,0,0
0,0.32622324622861015,0.5847358720956815,0.07431499903070728,0.701098738389222,0,1,0,1
0,0.4862363385288576,0.43712747036698474,0.4472301288753701,0.3978439138821537,0,0,0,0
0,0.07334607069425253,0.3367951600634705,0.07431499903070728,0.37265323151672886,0,0,0,0
0,0.042964832394501995,0.21710704973489173,0.13655988961459878,0.2909786896464161,0,0,0,0
0,0.25366707476035477,0.2673524516293707,0.07103470408429507,0.15659063436336962,0,0,0,0
0,0.03807529953166694,0.2549416070726123,0.07431499903070728,0.15659063436336962,0,0,0,0
0,0.024824640098216402,0.1889754231486909,0.07431499903070728,0.15659063436336962,0,0,0,0
0,0.2847236792921416,0.525200335935773,0.07431499903070728,0.701098738389222,0,1,0,1
0,0.41485953784145396,0.6663657267263654,0.13655988961459878,0.3978439138821537,0,1,0,0
0,0.03136567495548705,0.25244022506366187,0.07431499903070728,0.2909786896464161,0,0,0,0
1,0.9340653145611738,0.6232693708525018,0.8761146978001559,0.3978439138821537,1,1,1,0
0,0.10034461601311126,0.46490360458492874,0.07431499903070728,0.3978439138821537,0,0,0,0
0,0.40286832542235756,0.3291043791932603,0.4472301288753701,0.3978439138821537,0,0,0,0
0,0.09465885452407276,0.3805409720126514,0.07431499903070728,0.37265323151672886,0,0,0,0
0,0.25156087160974283,0.15017444237968927,0.7616858140337348,0.15659063436336962,0,0,1,0
0,0.15460906888113268,0.2919735716417032,0.4472301288753701,0.3978439138821537,0,0,0,0
0,0.21158431018146812,0.5589334429237371,0.07431499903070728,0.701098738389222,0,1,0,1
0,0.07841084343862015,0.23090469056079196,0.13655988961459878,0.15659063436336962,0,0,0,0
0,0.675811134023521,0.6491761059028588,0.4472301288753701,0.3978439138821537,1,1,0,0
0,0.9316851953396946,0.6682448038506342,0.7849054919390522,0.4568734218781583,1,1,1,0
0,0.3939428895551364,0.5105609328986108,0.13655988961459878,0.3978439138821537,0,1,0,0
1,0.852541749592478,0.5628469818270357,0.7849054919390522,0.701098738389222,1,1,1,1
0,0.1559054257484015,0.42656899906612644,0.07431499903070728,0.37265323151672886,0,0,0,0
0,0.03399880781986375,0.30664953127410205,0.07431499903070728,0.4568734218781583,0,0,0,0
0,0.6286040908371223,0.3413621545022415,0.7849054919390522,0.3978439138821537,1,0,1,0
0,0.49082176116455944,0.49900645490203327,0.07103470408429507,0.2909786896464161,0,0,0,0
0,0.19494802051736987,0.40889794933314755,0.5234187052694159,0.37265323151672886,0,0,1,0
0,0.5633833611973346,0.5115949845735008,0.7119238007333535,0.37265323151672886,1,1,1,0
0,0.8883398269890767,0.4504588209512921,0.8761146978001559,0.3978439138821537,1,0,1,0
0,0.6966363159543199,0.6883211449545797,0.7119238007333535,0.701098738389222,1,1,1,1
0,0.02270095597589104,0.21739724477588787,0.07431499903070728,0.15659063436336962,0,0,0,0
0,0.47466241154713773,0.6564154831381033,0.07431499903070728,0.701098738389222,0,1,0,1
0,0.0063387770268627155,0.11075456400628318,0.07431499903070728,0.15659063436336962,0,0,0,0
0,0.04622846347104977,0.22310042243756567,0.07431499903070728,0.2909786896464161,0,0,0,0
0,0.07717533485248118,0.35445483200682726,0.5234187052694159,0.4568734218781583,0,0,1,0
0,0.09554952303023712,0.3955522387885024,0.13655988961459878,0.3978439138821537,0,0,0,0
0,0.6587549203008343,0.5422960921353152,0.7119238007333535,0.701098738389222,1,1,1,1
0,0.16581257244664496,0.38865784780258933,0.13655988961459878,0.3978439138821537,0,0,0,0
0,0.21735779914119954,0.6019254191525957,0.13655988961459878,0.3978439138821537,0,1,0,0
0,0.5503602344832811,0.503862763257832,0.4472301288753701,0.3978439138821537,1,1,0,0
0,0.8887346303461208,0.5492240313782059,0.8761146978001559,0.4568734218781583,1,1,1,0
1,0.2894551529047121,0.5700357845173717,0.07431499903070728,0.808688118677574,0,1,0,1
0,0.21176660201523406,0.5012662201739128,0.07431499903070728,0.701098738389222,0,1,0,1
0,0.23981902326672697,0.5180503509405415,0.07431499903070728,0.6545986309349229,0,1,0,1
0,0.24593390816058872,0.4551708234675616,0.5234187052694159,0.37265323151672886,0,0,1,0
0,0.04948512311812713,0.24805331742913786,0.07431499903070728,0.15659063436336962,0,0,0,0
0,0.023465084061819606,0.21547197346081498,0.07431499903070728,0.2909786896464161,0,0,0,0
0,0.1694614874827787,0.47961946079848095,0.07431499903070728,0.3978439138821537,0,0,0,0
0,0.07560653858008734,0.28360211299980614,0.13655988961459878,0.3978439138821537,0,0,0,0
1,0.7157623563182421,0.523036831783658,0.7119238007333535,0.37265323151672886,1,1,1,0
0,0.10307830934431335,0.31191859308822534,0.07431499903070728,0.23888391686748214,0,0,0,0
0,0.15308908455726655,0.35382526370845263,0.13655988961459878,0.3978439138821537,0,0,0,0
0,0.10371137077355211,0.370436132825121,0.07431499903070728,0.37265323151672886,0,0,0,0
0,0.1987630447459788,0.3557581131174501,0.13655988961459878,0.3978439138821537,0,0,0,0
0,0.3704687936278318,0.5046811825263304,0.7119238007333535,0.37265323151672886,0,1,1,0
0,0.17130708405419912,0.47242525167220256,0.043146073851833694,0.2909786896464161,0,0,0,0
1,0.9588700987436956,0.5626062491713532,0.9249893275964554,0.3978439138821537,1,1,1,0
0,0.004908744276067367,0.1462286934265309,0.07431499903070728,0.4568734218781583,0,0,0,0
1,0.9899342829073159,0.5598402515231494,0.9249893275964554,0.701098738389222,1,1,1,1
0,0.1428188991669479,0.48638720719035317,0.07431499903070728,0.37265323151672886,0,0,0,0
0,0.016521154922076946,0.11661386741072158,0.13655988961459878,0.15659063436336962,0,0,0,0
0,0.04630612509869772,0.34066134680929855,0.07431499903070728,0.3978439138821537,0,0,0,0
0,0.13290112278414917,0.18003560717980183,0.07103470408429507,0.15659063436336962,0,0,0,0
0,0.9277512033655434,0.9420314344720131,0.9369658288621653,0.9479097084107246,1,1,1,1
0,0.5016939772206513,0.4371795630902095,0.4472301288753701,0.3978439138821537,1,0,0,0
0,0.0506393951992033,0.251629005978707,0.07431499903070728,0.15659063436336962,0,0,0,0
0,0.036790682396602985,0.21139112435990245,0.07431499903070728,0.2909786896464161,0,0,0,0
0,0.4957048411852508,0.2838568702816061,0.7849054919390522,0.3978439138821537,0,0,1,0
0,0.9999325590338729,0.6681863883493002,0.9249893275964554,0.701098738389222,1,1,1,1
0,0.26434306588742784,0.42856595933245556,0.13655988961459878,0.3978439138821537,0,0,0,0
0,0.029984305721233843,0.18423949086783165,0.13655988961459878,0.23888391686748214,0,0,0,0
0,0.29238673290721845,0.4942067824910558,0.5234187052694159,0.701098738389222,0,0,1,1
1,0.4056191488222456,0.37901862730484953,0.7119238007333535,0.701098738389222,0,0,1,1
0,0.047714307016844835,0.2125946884876556,0.13655988961459878,0.15659063436336962,0,0,0,0
0,0.045976863136255486,0.3251912079983132,0.07431499903070728,0.2909786896464161,0,0,0,0
0,0.36465938121805574,0.37839028247229456,0.4472301288753701,0.3978439138821537,0,0,0,0
0,0.014242400713681151,0.1224699748965584,0.13655988961459878,0.15659063436336962,0,0,0,0
1,0.9761751236380296,0.32340813967849225,0.9249893275964554,0.3978439138821537,1,0,1,0
0,0.2719639254523888,0.3316930945882052,0.07103470408429507,0.23888391686748214,0,0,0,0
0,0.02394770592669763,0.11319893140456902,0.07103470408429507,0.15659063436336962,0,0,0,0
0,0.23155742914115848,0.45210888939759614,0.043146073851833694,0.23888391686748214,0,0,0,0
0,0.1347875176599616,0.1752935878154619,0.07103470408429507,0.15659063436336962,0,0,0,0
0,0.16747628279544205,0.34356980664237924,0.13655988961459878,0.3978439138821537,0,0,0,0
0,0.9615956170528696,0.62937203682291,0.8761146978001559,0.3978439138821537,1,1,1,0
0,0.14898775546557383,0.49403814591246775,0.13655988961459878,0.3978439138821537,0,0,0,0
0,0.20887019991869124,0.42773668656785413,0.13655988961459878,0.3978439138821537,0,0,0,0
0,0.9296892333873581,0.5309101601781459,0.8761146978001559,0.37265323151672886,1,1,1,0
0,0.0054815604432635395,0.09578658599083012,0.07431499903070728,0.15659063436336962,0,0,0,0
0,0.03476386405226962,0.28471328366892706,0.07431499903070728,0.37265323151672886,0,0,0,0
0,0.7423651032950133,0.6442352770320554,0.4472301288753701,0.3978439138821537,1,1,0,0
0,0.03609366844271154,0.2745031183216491,0.07431499903070728,0.37265323151672886,0,0,0,0
0,0.08652355543997448,0.20789483602577788,0.07103470408429507,0.15659063436336962,0,0,0,0
0,0.1696519327829233,0.39380325852053605,0.5234187052694159,0.37265323151672886,0,0,1,0
0,0.7424194973809628,0.5833790680139153,0.5234187052694159,0.701098738389222,1,1,1,1
0,0.5876341783018258,0.4502435965975846,0.7119238007333535,0.37265323151672886,1,0,1,0
0,0.09150177448580543,0.36726239878762623,0.07431499903070728,0.2909786896464161,0,0,0,0
1,0.960561511122179,0.770923502978251,0.7849054919390522,0.701098738389222,1,1,1,1
0,0.005734422312420894,0.21224679833949964,0.07431499903070728,0.3978439138821537,0,0,0,0
0,0.8658395269844339,0.8247858838889823,0.7119238007333535,0.701098738389222,1,1,1,1
0,0.02649373193563001,0.28055519178363403,0.07431499903070728,0.3978439138821537,0,0,0,0
0,0.10409549766555375,0.3272612876145444,0.13655988961459878,0.23888391686748214,0,0,0,0
0,0.1487559315390821,0.5470037343162704,0.07431499903070728,0.8919618540568964,0,1,0,1
0,0.29934468607877346,0.46243120391422105,0.5234187052694159,0.37265323151672886,0,0,1,0
0,0.25126145724626275,0.3454081305374074,0.4472301288753701,0.3978439138821537,0,0,0,0
0,0.20680414738604339,0.5119767781655498,0.5234187052694159,0.4568734218781583,0,1,1,0
1,0.8767308079113028,0.8696342259246036,0.9369658288621653,0.9479097084107246,1,1,1,1
0,0.14206133962943432,0.49600412350279044,0.07431499903070728,0.4568734218781583,0,0,0,0
0,0.012019794931560428,0.16846910649727323,0.07431499903070728,0.37265323151672886,0,0,0,0
0,0.031228978940881225,0.27789086709709615,0.07431499903070728,0.37265323151672886,0,0,0,0
1,0.314921507523284,0.5990499609191393,0.5234187052694159,0.701098738389222,0,1,1,1
0,0.679024899852992,0.6006632407726921,0.4472301288753701,0.3978439138821537,1,1,0,0
0,0.6028573620362551,0.5845003521350289,0.5234187052694159,0.701098738389222,1,1,1,1
0,0.31909488784846024,0.2648547772661336,0.2843241992058826,0.2909786896464161,0,0,0,0
0,0.050174546508054876,0.3042144435869592,0.07431499903070728,0.3978439138821537,0,0,0,0
0,0.1818814005646812,0.44447823329753283,0.07431499903070728,0.3978439138821537,0,0,0,0
0,0.3632309518470415,0.4787662676332661,0.13655988961459878,0.3978439138821537,0,0,0,0
0,0.11367768557869617,0.37353574105864373,0.07431499903070728,0.37265323151672886,0,0,0,0
0,0.02203339603066462,0.2851413870758361,0.07431499903070728,0.3978439138821537,0,0,0,0
0,0.3205796575997456,0.5738533712982841,0.07431499903070728,0.3978439138821537,0,1,0,0
1,0.9883364807773701,0.9229461818781376,0.9602234262685618,0.9479097084107246,1,1,1,1
0,0.08520761615915529,0.36278370585172615,0.07431499903070728,0.23888391686748214,0,0,0,0
0,0.49954064557883593,0.6476554902247519,0.07431499903070728,0.701098738389222,0,1,0,1
0,0.8175310214831224,0.4635843188362155,0.8761146978001559,0.4568734218781583,1,0,1,0
0,0.96288013646227,0.24423331262403214,0.8797509975750424,0.2909786896464161,1,0,1,0
0,0.12480781090198129,0.33783342508685404,0.043146073851833694,0.2909786896464161,0,0,0,0
0,0.2145848695636299,0.5279012914709712,0.07431499903070728,0.3978439138821537,0,1,0,0
0,0.14991191260382836,0.3575104165188592,0.7119238007333535,0.4568734218781583,0,0,1,0
0,0.569362363949888,0.7147105221430649,0.07431499903070728,0.701098738389222,1,1,0,1
0,0.04085289707765745,0.18302423892512737,0.13655988961459878,0.15659063436336962,0,0,0,0
0,0.058535618313041195,0.3587953027323497,0.07431499903070728,0.3978439138821537,0,0,0,0
1,0.9441414323892839,0.8535538828827436,0.9602234262685618,0.9269601406234662,1,1,1,1
0,0.48474106713933135,0.41132344596670006,0.07103470408429507,0.2909786896464161,0,0,0,0
0,0.0825515488188841,0.323450072415143,0.5234187052694159,0.4568734218781583,0,0,1,0
0,0.17827455352323374,0.4478112893002841,0.13655988961459878,0.3978439138821537,0,0,0,0
0,0.18152550901254214,0.4425315829592772,0.13655988961459878,0.3978439138821537,0,0,0,0
0,0.5016715944181154,0.549365367159225,0.7119238007333535,0.701098738389222,1,1,1,1
0,0.1515768219206541,0.5135932790393705,0.13655988961459878,0.3978439138821537,0,1,0,0
0,0.22405389715658744,0.3460573258327113,0.07103470408429507,0.23888391686748214,0,0,0,0
0,0.7635705897278376,0.4735313354764889,0.7849054919390522,0.3978439138821537,1,0,1,0
0,0.025190651231254194,0.2683335628433537,0.07431499903070728,0.3978439138821537,0,0,0,0
0,0.5343354679214948,0.5652845159952025,0.5234187052694159,0.701098738389222,1,1,1,1
0,0.22718043189435091,0.31525054980777195,0.4472301288753701,0.3978439138821537,0,0,0,0
1,0.7555327355135262,0.6973920420619043,0.7119238007333535,0.701098738389222,1,1,1,1
0,0.6372972597966351,0.8368568837162992,0.7563345524221652,0.9479097084107246,1,1,1,1
1,0.9728153360047234,0.9649925950145167,0.9369658288621653,0.9479097084107246,1,1,1,1
0,0.922976737807918,0.9291583062691213,0.9602234262685618,0.9479097084107246,1,1,1,1
0,0.2949164517529027,0.47268002878036164,0.5234187052694159,0.37265323151672886,0,0,1,0
0,0.11541834630514541,0.2126987155748776,0.4472301288753701,0.3978439138821537,0,0,0,0
0,0.15755119588191885,0.5342377176902204,0.07431499903070728,0.3978439138821537,0,1,0,0
1,0.6391469579473386,0.7199602087246106,0.5234187052694159,0.701098738389222,1,1,1,1
0,0.0668174347669952,0.27708023950393806,0.13655988961459878,0.2909786896464161,0,0,0,0
0,0.3113355293431161,0.5433560943665586,0.5234187052694159,0.701098738389222,0,1,1,1
0,0.11817281276245735,0.2912493786818377,0.5234187052694159,0.701098738389222,0,0,1,1
0,0.10429220884693785,0.25814957444494646,0.13655988961459878,0.23888391686748214,0,0,0,0
0,0.20314172012619666,0.48617904348528695,0.07431499903070728,0.37265323151672886,0,0,0,0
0,0.17890185179773535,0.3292365908629297,0.13655988961459878,0.3978439138821537,0,0,0,0
0,0.026039005089486703,0.18216748698566168,0.07431499903070728,0.15659063436336962,0,0,0,0
0,0.03833301469776204,0.23375017247344898,0.07431499903070728,0.47969074013403357,0,0,0,0
0,0.7682749409113125,0.3396805436618194,0.8761146978001559,0.3978439138821537,1,0,1,0
0,0.04183760305969385,0.30477209090822416,0.07431499903070728,0.3978439138821537,0,0,0,0
1,0.9382563995507567,0.9380779797767254,0.9369658288621653,0.9269601406234662,1,1,1,1
0,0.17240445385938966,0.1935232681134644,0.07103470408429507,0.15659063436336962,0,0,0,0
0,0.09675251294236994,0.2749352680779106,0.13655988961459878,0.2909786896464161,0,0,0,0
0,0.16012845369949175,0.3294446746031267,0.4472301288753701,0.3978439138821537,0,0,0,0
0,0.0432630455907517,0.33033824720639327,0.07431499903070728,0.3978439138821537,0,0,0,0
0,0.24728931709087523,0.5583260597824558,0.07431499903070728,0.37265323151672886,0,1,0,0
0,0.18168687182626028,0.4314179666032697,0.13655988961459878,0.3978439138821537,0,0,0,0
0,0.061304723431020454,0.3332920433935027,0.07431499903070728,0.3978439138821537,0,0,0,0
0,0.2787937600687568,0.3742452764849403,0.13655988961459878,0.3978439138821537,0,0,0,0
0,0.06319649454578267,0.2529660662023548,0.5234187052694159,0.4568734218781583,0,0,1,0
0,0.06755332155805001,0.17892831497775583,0.07103470408429507,0.15659063436336962,0,0,0,0
0,0.4467259749015763,0.24824760790131428,0.624061140007934,0.2909786896464161,0,0,1,0
0,0.10463939576688637,0.41478034375989664,0.13655988961459878,0.3978439138821537,0,0,0,0
0,0.18344691117521902,0.45032773568331674,0.07431499903070728,0.3978439138821537,0,0,0,0
1,0.6721187280987171,0.6476871050526949,0.7119238007333535,0.4568734218781583,1,1,1,0
0,0.21080084306681898,0.5213457898008798,0.07431499903070728,0.701098738389222,0,1,0,1
0,0.19165942488263613,0.12085262805436606,0.7616858140337348,0.15659063436336962,0,0,1,0
0,0.3810414529968478,0.4067726882699138,0.4472301288753701,0.3978439138821537,0,0,0,0
0,0.6375447005783234,0.555261276829396,0.4472301288753701,0.3978439138821537,1,1,0,0
0,0.016683332263321006,0.18390527735810924,0.07431499903070728,0.4568734218781583,0,0,0,0
0,0.2926994880932946,0.20062287876746396,0.33476237395442404,0.23888391686748214,0,0,0,0
0,0.5964900595168315,0.5005051861763933,0.4472301288753701,0.3978439138821537,1,1,0,0
1,0.6850385653071109,0.8278864265394719,0.7512025309012217,0.701098738389222,1,1,1,1
0,0.3079751082569717,0.43049095710245855,0.07431499903070728,0.3978439138821537,0,0,0,0
0,0.10648904996719273,0.2629171792054665,0.07103470408429507,0.23888391686748214,0,0,0,0
0,0.19584163386441808,0.41078198677737576,0.13655988961459878,0.3978439138821537,0,0,0,0
0,0.3306103470185778,0.5655259141886684,0.07431499903070728,0.37265323151672886,0,1,0,0
0,0.09425291747977338,0.3785438935992431,0.07431499903070728,0.23888391686748214,0,0,0,0
0,0.40987325405064595,0.7369339251244901,0.186156446724178,0.3978439138821537,0,1,0,0
0,0.09228001685869008,0.23186641435012692,0.4472301288753701,0.3978439138821537,0,0,0,0
0,0.12888515394751004,0.15626321273382263,0.2843241992058826,0.2909786896464161,0,0,0,0
0,0.226626064378609,0.32884207655054276,0.13655988961459878,0.3978439138821537,0,0,0,0
0,0.1538874173726625,0.33142181817939875,0.4472301288753701,0.3978439138821537,0,0,0,0
0,0.17520314469984116,0.4506191046224205,0.07431499903070728,0.37265323151672886,0,0,0,0
0,0.4353272362466177,0.7518553187781715,0.5234187052694159,0.701098738389222,0,1,1,1
1,0.5806191869315466,0.5186987183559358,0.7119238007333535,0.6545986309349229,1,1,1,1
0,0.6872981338015365,0.684263282893473,0.7119238007333535,0.4568734218781583,1,1,1,0
0,0.4763798592172656,0.5553681005927158,0.07431499903070728,0.701098738389222,0,1,0,1
1,0.9424513094111105,0.785094006799544,0.7119238007333535,0.701098738389222,1,1,1,1
0,0.9826686889345494,0.36715100967366054,0.8797509975750424,0.23888391686748214,1,0,1,0
0,0.2638833218936727,0.5730179587358166,0.5234187052694159,0.4568734218781583,0,1,1,0
0,0.09595178368445849,0.2753761017690913,0.043146073851833694,0.2909786896464161,0,0,0,0
0,0.4786226198419589,0.6483849955813303,0.5234187052694159,0.701098738389222,0,1,1,1
0,0.18986660024197347,0.45558461960133745,0.07431499903070728,0.37265323151672886,0,0,0,0
0,0.6661533501257627,0.870202746466726,0.0,0.8342236211422674,1,1,0,1
0,0.02250818987482863,0.1721560461096783,0.07431499903070728,0.15659063436336962,0,0,0,0
1,0.9164836172232304,0.6562022441400962,0.7849054919390522,0.701098738389222,1,1,1,1
0,0.45186588281534334,0.6464656612715735,0.07431499903070728,0.701098738389222,0,1,0,1
0,0.319782257917866,0.520273172165999,0.13655988961459878,0.3978439138821537,0,1,0,0
0,0.4847467015017065,0.7961850071072855,0.186156446724178,0.701098738389222,0,1,0,1
0,0.003974310571430194,0.1531328186721632,0.07431499903070728,0.3978439138821537,0,0,0,0
0,0.0364114617674362,0.17818859690535024,0.13655988961459878,0.15659063436336962,0,0,0,0
0,0.09115506708517418,0.21446052641099378,0.07103470408429507,0.2909786896464161,0,0,0,0
0,0.05669935692223797,0.23572555254817357,0.13655988961459878,0.15659063436336962,0,0,0,0
0,0.7887658013182567,0.4679434824066153,0.7849054919390522,0.701098738389222,1,0,1,1
0,0.6700391745083252,0.6695866087216598,0.5234187052694159,0.701098738389222,1,1,1,1
0,0.014533746127601171,0.17415793139136002,0.07431499903070728,0.15659063436336962,0,0,0,0
0,0.03015236053808103,0.2975910689937142,0.07431499903070728,0.3978439138821537,0,0,0,0
0,0.1527857244098915,0.4565050057836095,0.07431499903070728,0.37265323151672886,0,0,0,0
0,0.4394488418567662,0.44811679841536145,0.4472301288753701,0.3978439138821537,0,0,0,0
0,0.03872775835434427,0.22016043610765004,0.07431499903070728,0.2909786896464161,0,0,0,0
0,0.9932786775452416,0.22272745662266646,0.8797509975750424,0.15659063436336962,1,0,1,0
0,0.42049217205914774,0.5895746184024098,0.13655988961459878,0.3978439138821537,0,1,0,0
0,0.08520853745489675,0.3352896666767751,0.07431499903070728,0.2909786896464161,0,0,0,0
0,0.024731813051974687,0.2665071294477683,0.07431499903070728,0.3978439138821537,0,0,0,0
0,0.028488777489247455,0.2991347084682595,0.07431499903070728,0.37265323151672886,0,0,0,0
0,0.1623026259333253,0.5364889929044526,0.07431499903070728,0.37265323151672886,0,1,0,0
1,0.2285004718106167,0.3225612329122812,0.7119238007333535,0.37265323151672886,0,0,1,0
0,0.25615273392925003,0.5815636846113936,0.5234187052694159,0.4568734218781583,0,1,1,0
0,0.6891433757700351,0.6023432075679329,0.4472301288753701,0.3978439138821537,1,1,0,0
0,0.08385409373943549,0.23399016393005018,0.07103470408429507,0.2909786896464161,0,0,0,0
0,0.17163661414202458,0.4787029910094877,0.07431499903070728,0.3978439138821537,0,0,0,0
0,0.15114366956197017,0.3084041430631001,0.5234187052694159,0.37265323151672886,0,0,1,0
0,0.05253165343577451,0.396602814236487,0.07431499903070728,0.3978439138821537,0,0,0,0
0,0.28053874798945155,0.3272022499475742,0.07103470408429507,0.2909786896464161,0,0,0,0
0,0.13595056078928325,0.4043258819134232,0.13655988961459878,0.3978439138821537,0,0,0,0
0,0.16711416875200322,0.4057709773178693,0.07431499903070728,0.701098738389222,0,0,0,1
0,0.24362796457271368,0.41673402902787976,0.5234187052694159,0.701098738389222,0,0,1,1
0,0.10717849091337309,0.28035399456765686,0.13655988961459878,0.3978439138821537,0,0,0,0
0,0.0700484424273287,0.43489215264517256,0.07431499903070728,0.3978439138821537,0,0,0,0
0,0.9756998245233426,0.4031974354787844,0.9249893275964554,0.701098738389222,1,0,1,1
1,0.9915169931654516,0.36770424738740803,0.9249893275964554,0.4568734218781583,1,0,1,0
0,0.15690844974508564,0.44186016202025896,0.07431499903070728,0.3978439138821537,0,0,0,0
0,0.018596910361072402,0.1085156753005246,0.07103470408429507,0.15659063436336962,0,0,0,0
0,0.09656186967491724,0.37822051355789904,0.07431499903070728,0.23888391686748214,0,0,0,0
0,0.0874721803443469,0.23002966076810544,0.13655988961459878,0.2909786896464161,0,0,0,0
0,0.31070804744519787,0.5237767959030337,0.5234187052694159,0.4568734218781583,0,1,1,0
1,0.9570217756644185,0.4418316506273084,0.8797509975750424,0.2909786896464161,1,0,1,0
0,0.5146601486820771,0.8154961431200518,0.4986819481082508,0.701098738389222,1,1,0,1
0,0.062205051650449386,0.24138791263799006,0.07431499903070728,0.2909786896464161,0,0,0,0
0,0.36821060546725703,0.5027018169507993,0.5234187052694159,0.6545986309349229,0,1,1,1
0,0.08158067324917624,0.31400828155126487,0.13655988961459878,0.3978439138821537,0,0,0,0
0,0.3318706007030778,0.46361871838383817,0.07431499903070728,0.701098738389222,0,0,0,1
1,0.9231792146788096,0.497176395818508,0.8761146978001559,0.3978439138821537,1,0,1,0
0,0.701243284867793,0.6809752217711131,0.7119238007333535,0.37265323151672886,1,1,1,0
0,0.027726371416922427,0.19106682127337438,0.07431499903070728,0.15659063436336962,0,0,0,0
0,0.5257014761221799,0.6037903481818585,0.5234187052694159,0.701098738389222,1,1,1,1
0,0.03569839480568977,0.18443151769528157,0.07431499903070728,0.2909786896464161,0,0,0,0
0,0.058059799731687164,0.17846171316768747,0.07103470408429507,0.15659063436336962,0,0,0,0
0,0.15710662986372548,0.41391753952476074,0.07431499903070728,0.3978439138821537,0,0,0,0
0,0.3459169850019675,0.5184509361857605,0.07431499903070728,0.3978439138821537,0,1,0,0
0,0.07963437911702034,0.1935260055909306,0.13655988961459878,0.15659063436336962,0,0,0,0
0,0.4253058712833426,0.22322624833894014,0.7616858140337348,0.47969074013403357,0,0,1,0
0,0.4547873576985335,0.19052208495731665,0.7616858140337348,0.2909786896464161,0,0,1,0
0,0.023085983646907806,0.22282504513764195,0.07431499903070728,0.3978439138821537,0,0,0,0
0,0.05177803024106899,0.27760251232741096,0.07431499903070728,0.23888391686748214,0,0,0,0
0,0.07521562231504614,0.34577425417487,0.07431499903070728,0.3978439138821537,0,0,0,0
0,0.5929351672642343,0.6255873752146801,0.7119238007333535,0.4568734218781583,1,1,1,0
0,0.10444165779380263,0.36055096575765955,0.043146073851833694,0.2909786896464161,0,0,0,0
0,0.1330897857034524,0.4167411847971365,0.13655988961459878,0.3978439138821537,0,0,0,0
0,0.24987511981933067,0.4724101943392049,0.5234187052694159,0.701098738389222,0,0,1,1
0,0.08160261028932395,0.28430041712380527,0.13655988961459878,0.2909786896464161,0,0,0,0
1,0.9558637741785112,0.7288980008722146,0.7119238007333535,0.701098738389222,1,1,1,1
0,0.06892742680534995,0.2374515255339724,0.4472301288753701,0.3978439138821537,0,0,0,0
0,0.41940067308605156,0.47692094680469366,0.4472301288753701,0.3978439138821537,0,0,0,0
0,0.06420655734092982,0.3065278185134732,0.07431499903070728,0.37265323151672886,0,0,0,0
0,0.18532442512351444,0.24660116618876704,0.07103470408429507,0.23888391686748214,0,0,0,0
0,0.45878212120632317,0.16136676686624163,0.7616858140337348,0.15659063436336962,0,0,1,0
0,0.3241180494743461,0.5328731582641528,0.07431499903070728,0.701098738389222,0,1,0,1
0,0.7991795562918972,0.6074007801093775,0.4472301288753701,0.808688118677574,1,1,0,1
0,0.9730077503549429,0.34487893238413997,0.8797509975750424,0.23888391686748214,1,0,1,0
0,0.05314138643705572,0.28886884648226097,0.07431499903070728,0.2909786896464161,0,0,0,0
0,0.11258679639943095,0.35993846089633746,0.13655988961459878,0.3978439138821537,0,0,0,0
0,0.0652578588629887,0.2772524204172787,0.07431499903070728,0.3978439138821537,0,0,0,0
0,0.2642593599429382,0.41271839188946663,0.4472301288753701,0.3978439138821537,0,0,0,0
0,0.6376519314922181,0.5672117814715982,0.7119238007333535,0.701098738389222,1,1,1,1
0,0.16941861023615776,0.4810327637755497,0.07431499903070728,0.3978439138821537,0,0,0,0
0,0.5143656978436323,0.4536401791947132,0.07103470408429507,0.2909786896464161,1,0,0,0
0,0.12312606308240931,0.45815843902606274,0.07431499903070728,0.37265323151672886,0,0,0,0
0,0.054650724074390686,0.2374858025881819,0.13655988961459878,0.2909786896464161,0,0,0,0
0,0.7786740818411573,0.43903384372162313,0.7616858140337348,0.23888391686748214,1,0,1,0
0,0.1716338207492303,0.4210728039603102,0.5234187052694159,0.4568734218781583,0,0,1,0
0,0.3717088569504113,0.4575904484513995,0.7119238007333535,0.37265323151672886,0,0,1,0
0,0.02527503224346617,0.2073162592920253,0.07431499903070728,0.3978439138821537,0,0,0,0
0,0.09229882856238017,0.3395744924894694,0.07431499903070728,0.701098738389222,0,0,0,1
0,0.938820543790782,0.7766060231980491,0.7849054919390522,0.701098738389222,1,1,1,1
0,0.3360634507180153,0.5180149755455989,0.4472301288753701,0.3978439138821537,0,1,0,0
0,0.4112040943560005,0.636139595170264,0.07431499903070728,0.701098738389222,0,1,0,1
0,0.25147652700991946,0.40556647688221076,0.7119238007333535,0.6545986309349229,0,0,1,1
0,0.3204069170607556,0.5414893505144519,0.5234187052694159,0.701098738389222,0,1,1,1
0,0.9462486340591468,0.6450043231163,0.7849054919390522,0.701098738389222,1,1,1,1
0,0.0449960841048197,0.27081875195943383,0.07431499903070728,0.15659063436336962,0,0,0,0
0,0.9149987591225244,0.9478766189714812,0.7563345524221652,0.9479097084107246,1,1,1,1
0,0.011164046946371745,0.15843303579357365,0.07431499903070728,0.2909786896464161,0,0,0,0
0,0.05568739206044084,0.21185952877129177,0.13655988961459878,0.2909786896464161,0,0,0,0
0,0.0855388003082769,0.34759583166226626,0.5234187052694159,0.4568734218781583,0,0,1,0
0,0.34425214975014773,0.5828136355166053,0.07431499903070728,0.701098738389222,0,1,0,1
0,0.30505711582879635,0.3084361499221862,0.4472301288753701,0.3978439138821537,0,0,0,0
0,0.17751091436581373,0.4264854552269828,0.5234187052694159,0.37265323151672886,0,0,1,0
0,0.5483096675377896,0.4822440631866172,0.4472301288753701,0.3978439138821537,1,0,0,0
0,0.31395969438407023,0.3361111037713567,0.07103470408429507,0.23888391686748214,0,0,0,0
0,0.07515112440271289,0.3929918583726162,0.07431499903070728,0.3978439138821537,0,0,0,0
0,0.1511168158213984,0.4452898551590897,0.13655988961459878,0.3978439138821537,0,0,0,0
0,0.4904243078041738,0.17297904696878139,0.7616858140337348,0.15659063436336962,0,0,1,0
0,0.08892857534693313,0.3973615270284816,0.07431499903070728,0.37265323151672886,0,0,0,0
0,0.12700048071765194,0.3518935280140562,0.5234187052694159,0.37265323151672886,0,0,1,0
0,0.030979963793567232,0.1686454597713028,0.07431499903070728,0.2909786896464161,0,0,0,0
0,0.9983614701867616,0.44452049720437503,0.8797509975750424,0.2909786896464161,1,0,1,0
0,0.44583290810053605,0.4339245508643636,0.7119238007333535,0.701098738389222,0,0,1,1
1,0.15122451974124893,0.4487065416284021,0.7512025309012217,0.2909786896464161,0,0,1,0
0,0.1262177993504187,0.40359815502904683,0.07431499903070728,0.3978439138821537,0,0,0,0
0,0.049105004110332244,0.367950769673811,0.07431499903070728,0.2909786896464161,0,0,0,0
0,0.1934073109411811,0.41604551168006587,0.5234187052694159,0.701098738389222,0,0,1,1
0,0.03443939406107267,0.15866687535295942,0.13655988961459878,0.15659063436336962,0,0,0,0
0,0.5567831075545903,0.5234361340177356,0.7119238007333535,0.37265323151672886,1,1,1,0
0,0.04159620115589845,0.17386160933917386,0.13655988961459878,0.15659063436336962,0,0,0,0
0,0.09083036315967168,0.42584114169896997,0.07431499903070728,0.3978439138821537,0,0,0,0
0,0.5669772414561955,0.48531403725973177,0.7119238007333535,0.37265323151672886,1,0,1,0
0,0.6854924963854762,0.25860274739353806,0.7616858140337348,0.23888391686748214,1,0,1,0
0,0.6556100050179847,0.6911825578285946,0.5234187052694159,0.701098738389222,1,1,1,1
0,0.35573906963691543,0.62110088458827,0.4472301288753701,0.3978439138821537,0,1,0,0
0,0.059614253033398464,0.278681872315053,0.5234187052694159,0.4568734218781583,0,0,1,0
0,0.15539021038432177,0.43874863988692797,0.07431499903070728,0.37265323151672886,0,0,0,0
0,0.07284712980468223,0.2817738439085882,0.13655988961459878,0.2909786896464161,0,0,0,0
1,0.8893165425711637,0.4490464425943541,0.8761146978001559,0.3978439138821537,1,0,1,0
0,0.7712675345581624,0.331727827608144,0.8761146978001559,0.3978439138821537,1,0,1,0
0,0.9793860549218031,0.34402704750128515,0.9249893275964554,0.8919618540568964,1,0,1,1
0,0.0970191668255483,0.4436572779748688,0.07431499903070728,0.3978439138821537,0,0,0,0
0,0.17574374882265012,0.5789046730420533,0.07431499903070728,0.4568734218781583,0,1,0,0
0,0.055900924858688174,0.23375816921227832,0.13655988961459878,0.2909786896464161,0,0,0,0
0,0.098070574538805,0.14786532234062977,0.07103470408429507,0.15659063436336962,0,0,0,0
0,0.12761950837284014,0.38454414858951363,0.07431499903070728,0.2909786896464161,0,0,0,0
1,0.5267463440165905,0.6934822905874981,0.5234187052694159,0.701098738389222,1,1,1,1
0,0.05464609697745877,0.17484977182732858,0.13655988961459878,0.15659063436336962,0,0,0,0
0,0.21578906147947446,0.37433935061747253,0.4472301288753701,0.3978439138821537,0,0,0,0
0,0.06268275123458197,0.34112273171978,0.13655988961459878,0.3978439138821537,0,0,0,0
0,0.30449620414546313,0.43220409989679665,0.5234187052694159,0.701098738389222,0,0,1,1
0,0.15846355397206752,0.522114713059428,0.07431499903070728,0.3978439138821537,0,1,0,0
0,0.1486364994962495,0.33452688691967913,0.13655988961459878,0.3978439138821537,0,0,0,0
0,0.019022848497330134,0.15255763200160471,0.13655988961459878,0.2909786896464161,0,0,0,0
0,0.05264851161720568,0.30408695194397917,0.07431499903070728,0.3978439138821537,0,0,0,0
0,0.07922532082477905,0.15850826314714447,0.07103470408429507,0.15659063436336962,0,0,0,0
0,0.25882942569212763,0.36093964608530216,0.4472301288753701,0.3978439138821537,0,0,0,0
0,0.17049920793373818,0.45775874109587894,0.07431499903070728,0.37265323151672886,0,0,0,0
0,0.02293229596510002,0.1590910579683773,0.5234187052694159,0.37265323151672886,0,0,1,0
0,0.06774329765947823,0.23100181110939996,0.13655988961459878,0.2909786896464161,0,0,0,0
1,0.9951026183985743,0.9186027468468727,0.8761146978001559,0.9479097084107246,1,1,1,1
0,0.8066385771182826,0.3139814019141965,0.9249893275964554,0.3978439138821537,1,0,1,0
0,0.5447282673137906,0.5768586082024025,0.7119238007333535,0.6545986309349229,1,1,1,1
0,0.7543198621080925,0.2808706828208343,0.7616858140337348,0.2909786896464161,1,0,1,0
0,0.38884415502609815,0.4420830553946876,0.7119238007333535,0.4568734218781583,0,0,1,0
0,0.2422414589817131,0.39565202560853596,0.07103470408429507,0.2909786896464161,0,0,0,0
0,0.1057995510699802,0.41078164333041917,0.07431499903070728,0.3978439138821537,0,0,0,0
0,0.18228569271252146,0.4257700181840035,0.5234187052694159,0.37265323151672886,0,0,1,0
0,0.08926529156225686,0.2428297389775095,0.13655988961459878,0.2909786896464161,0,0,0,0
0,0.21956686116306293,0.39856624549704645,0.13655988961459878,0.3978439138821537,0,0,0,0
1,0.9999928964214881,0.7224516990112674,0.9249893275964554,0.701098738389222,1,1,1,1
0,0.9898987682205678,0.7520133615837358,0.8761146978001559,0.701098738389222,1,1,1,1
0,0.2668224565711252,0.4346935509189118,0.07103470408429507,0.23888391686748214,0,0,0,0
0,0.1857559219356814,0.2924017459326326,0.4472301288753701,0.3978439138821537,0,0,0,0
0,0.03939292461754468,0.2450931450168205,0.07431499903070728,0.23888391686748214,0,0,0,0
0,0.09261853189210155,0.4472568395377631,0.07431499903070728,0.3978439138821537,0,0,0,0
1,0.95613506877163,0.9442215059382982,0.9602234262685618,0.9479097084107246,1,1,1,1
0,0.13498135301139802,0.38048079713140465,0.13655988961459878,0.3978439138821537,0,0,0,0
0,0.0910656008400262,0.3364078398663016,0.7119238007333535,0.4568734218781583,0,0,1,0
0,0.1727680578056953,0.42660752571319227,0.5234187052694159,0.37265323151672886,0,0,1,0
0,0.08354185355721376,0.15578657722425623,0.07103470408429507,0.2909786896464161,0,0,0,0
0,0.07702204810466978,0.2938607896474687,0.07431499903070728,0.3978439138821537,0,0,0,0
1,0.6489437938846628,0.6267594121305752,0.7119238007333535,0.701098738389222,1,1,1,1
0,0.5840339284784758,0.8312276181413474,0.9369658288621653,0.8342236211422674,1,1,1,1
0,0.0401758105535486,0.2878180566325458,0.07431499903070728,0.23888391686748214,0,0,0,0
0,0.14168016209791298,0.23838268452813427,0.07103470408429507,0.15659063436336962,0,0,0,0
0,0.23899198464660895,0.41588037070649,0.4472301288753701,0.3978439138821537,0,0,0,0
0,0.21777078604078232,0.3431180300661898,0.4472301288753701,0.3978439138821537,0,0,0,0
0,0.05776021163012692,0.2548007292659245,0.07431499903070728,0.15659063436336962,0,0,0,0
0,0.11585813341928328,0.3671858928327094,0.07431499903070728,0.23888391686748214,0,0,0,0
0,0.5880994228529037,0.5186209678440828,0.7119238007333535,0.701098738389222,1,1,1,1
0,0.1943262050522418,0.47872270965398356,0.07431499903070728,0.37265323151672886,0,0,0,0
0,0.3684233260682799,0.44897376304147846,0.7119238007333535,0.701098738389222,0,0,1,1
0,0.06852219186292391,0.31347606557076024,0.07431499903070728,0.3978439138821537,0,0,0,0
1,0.8768367474629156,0.768778002933751,0.7119238007333535,0.701098738389222,1,1,1,1
0,0.21689540915445815,0.5797854208299309,0.07431499903070728,0.3978439138821537,0,1,0,0
0,0.2756886996099485,0.46970527455532557,0.13655988961459878,0.3978439138821537,0,0,0,0
0,0.046785434000970044,0.36833938963398244,0.07431499903070728,0.37265323151672886,0,0,0,0
0,0.03772655019973856,0.28418282733269307,0.07431499903070728,0.23888391686748214,0,0,0,0
1,0.8830345039118714,0.44118964544851247,0.8761146978001559,0.3978439138821537,1,0,1,0
0,0.14719633197908297,0.3206471761698987,0.043146073851833694,0.2909786896464161,0,0,0,0
0,0.40691281480096486,0.5798087613582549,0.5234187052694159,0.701098738389222,0,1,1,1
0,0.10477613149591654,0.36323008605217194,0.5234187052694159,0.37265323151672886,0,0,1,0
0,0.09378524896197853,0.3587323769281369,0.07431499903070728,0.3978439138821537,0,0,0,0
0,0.3887271058986519,0.6125511776715244,0.07431499903070728,0.701098738389222,0,1,0,1
0,0.8518765796745472,0.8054714922314111,0.7119238007333535,0.701098738389222,1,1,1,1
1,0.9994063661350777,0.8396976528185518,0.9249893275964554,0.701098738389222,1,1,1,1
0,0.09065474305390275,0.28882063841616046,0.13655988961459878,0.2909786896464161,0,0,0,0
0,0.4425393919625529,0.4647738819363222,0.4472301288753701,0.3978439138821537,0,0,0,0
0,0.31564169101599443,0.4392857477985161,0.4472301288753701,0.3978439138821537,0,0,0,0
0,0.1281882805809712,0.3901134493563388,0.07431499903070728,0.37265323151672886,0,0,0,0
0,0.4531857645748271,0.5894594177199962,0.5234187052694159,0.37265323151672886,0,1,1,0
1,0.9688279301978537,0.819251858891845,0.7849054919390522,0.701098738389222,1,1,1,1
0,0.5189893809576692,0.6616498343104759,0.07431499903070728,0.701098738389222,1,1,0,1
0,0.013618951752070492,0.13586732202077784,0.13655988961459878,0.15659063436336962,0,0,0,0
0,0.06725921077468854,0.23081099963139856,0.043146073851833694,0.15659063436336962,0,0,0,0
0,0.25281272998849835,0.4846680351928806,0.5234187052694159,0.37265323151672886,0,0,1,0
0,0.0787901294760981,0.42075777038211276,0.07431499903070728,0.3978439138821537,0,0,0,0
0,0.12151178880790477,0.3593436187148629,0.5234187052694159,0.4568734218781583,0,0,1,0
0,0.1486381989478476,0.4287948243273882,0.13655988961459878,0.3978439138821537,0,0,0,0
0,0.1331143613914152,0.22389831942577593,0.07103470408429507,0.2909786896464161,0,0,0,0
0,0.5056347942618151,0.5227098693211604,0.7119238007333535,0.701098738389222,1,1,1,1
0,0.02198739829559918,0.1896379674031834,0.07431499903070728,0.15659063436336962,0,0,0,0
0,0.10730192475207621,0.28692018323371343,0.043146073851833694,0.23888391686748214,0,0,0,0
0,0.06696662894318306,0.12062273453721369,0.07103470408429507,0.15659063436336962,0,0,0,0
0,0.11619488591055,0.4402396759336849,0.13655988961459878,0.3978439138821537,0,0,0,0
0,0.17007023619851636,0.46413971468143966,0.07431499903070728,0.37265323151672886,0,0,0,0
0,0.024037165388565214,0.18237872688813628,0.07431499903070728,0.15659063436336962,0,0,0,0
0,0.49293622768036843,0.49924086627997344,0.4472301288753701,0.3978439138821537,0,0,0,0
0,0.0019313252191579347,0.08709654910969547,0.07431499903070728,0.23888391686748214,0,0,0,0
0,0.15555927021399563,0.3601024332414121,0.13655988961459878,0.3978439138821537,0,0,0,0
0,0.9558855059913589,0.10523607484238395,0.8797509975750424,0.15659063436336962,1,0,1,0
0,0.14069078911677005,0.48158730892199364,0.07431499903070728,0.3978439138821537,0,0,0,0
0,0.14702328165060755,0.38024441804473536,0.5234187052694159,0.37265323151672886,0,0,1,0
0,0.033725300640476026,0.166872906335277,0.13655988961459878,0.2909786896464161,0,0,0,0
0,0.9998299319614736,0.4711383758057649,0.9249893275964554,0.3978439138821537,1,0,1,0
0,0.08910084078589413,0.2666467620357293,0.043146073851833694,0.15659063436336962,0,0,0,0
1,0.6212347936066058,0.29825461651274654,0.7616858140337348,0.2909786896464161,1,0,1,0
0,0.7301022869410632,0.4978945350511327,0.7119238007333535,0.701098738389222,1,0,1,1
0,0.9379411773928431,0.955284573021124,0.7563345524221652,0.9479097084107246,1,1,1,1
0,0.698027825319527,0.4652065817040084,0.7119238007333535,0.701098738389222,1,0,1,1
0,0.23974537517263772,0.45545662390497127,0.13655988961459878,0.3978439138821537,0,0,0,0
0,0.1942433566382685,0.4052560826031005,0.13655988961459878,0.3978439138821537,0,0,0,0
0,0.14113464797391384,0.2286957447551234,0.07103470408429507,0.2909786896464161,0,0,0,0
0,0.05353159907438224,0.21171274926320285,0.043146073851833694,0.23888391686748214,0,0,0,0
0,0.017783123699338682,0.1874895350142633,0.07431499903070728,0.15659063436336962,0,0,0,0
0,0.3373955272207402,0.5550984718082724,0.5234187052694159,0.6545986309349229,0,1,1,1
0,0.5042112185550593,0.4476498113095381,0.7119238007333535,0.6545986309349229,1,0,1,1
0,0.057195294026752386,0.28330272855326016,0.07431499903070728,0.23888391686748214,0,0,0,0
0,0.12331993357709324,0.43779012830471575,0.07431499903070728,0.3978439138821537,0,0,0,0
0,0.1713455917695906,0.4998216530301871,0.07431499903070728,0.701098738389222,0,0,0,1
0,0.1079734311517058,0.29945168604988676,0.13655988961459878,0.3978439138821537,0,0,0,0
0,0.02906437742229632,0.3191375158118867,0.07431499903070728,0.3978439138821537,0,0,0,0
0,0.046965493690315364,0.28720488827235857,0.07431499903070728,0.23888391686748214,0,0,0,0
1,0.4527976738419547,0.43220232587034657,0.4472301288753701,0.3978439138821537,0,0,0,0
1,0.9813303690640145,0.5778099398183388,0.9249893275964554,0.701098738389222,1,1,1,1
0,0.2142768315900237,0.44364441021572404,0.07431499903070728,0.701098738389222,0,0,0,1
0,0.07213854425257649,0.24511389359765873,0.13655988961459878,0.2909786896464161,0,0,0,0
0,0.08120298724349136,0.4869248095257254,0.07431499903070728,0.4568734218781583,0,0,0,0
1,0.9835701221381632,0.8888767826892637,0.7119238007333535,0.701098738389222,1,1,1,1
0,0.06123603973007225,0.39074395960514285,0.07431499903070728,0.2909786896464161,0,0,0,0
0,0.07364980821164197,0.11566306288859812,0.07103470408429507,0.2909786896464161,0,0,0,0
1,0.9320232830969055,0.4802329133385534,0.8761146978001559,0.3978439138821537,1,0,1,0
0,0.022088708959597945,0.1600166742881889,0.13655988961459878,0.15659063436336962,0,0,0,0
0,0.04310058716401775,0.13244738805665435,0.07103470408429507,0.23888391686748214,0,0,0,0
0,0.5531001284069056,0.49453322266035454,0.4472301288753701,0.3978439138821537,1,0,0,0
0,0.0425216367871747,0.3092519234656468,0.13655988961459878,0.3978439138821537,0,0,0,0
0,0.019437917795413068,0.1363129542814362,0.13655988961459878,0.2909786896464161,0,0,0,0
0,0.29164898939767664,0.2551851093605019,0.641289481962736,0.23888391686748214,0,0,1,0
0,0.5182841812107039,0.6252811765329652,0.5234187052694159,0.701098738389222,1,1,1,1
1,0.5279876068177277,0.4566063673317979,0.4472301288753701,0.8919618540568964,1,0,0,1
0,0.04807692450713219,0.28356676080045934,0.07431499903070728,0.3978439138821537,0,0,0,0
0,0.1153682115701055,0.42409543472867467,0.07431499903070728,0.2909786896464161,0,0,0,0
0,0.8252282910117573,0.49151404266266685,0.7849054919390522,0.3978439138821537,1,0,1,0
0,0.1505399388884864,0.13271179672557068,0.2843241992058826,0.15659063436336962,0,0,0,0
0,0.36800643281379636,0.1707489642410453,0.7616858140337348,0.15659063436336962,0,0,1,0
0,0.10999508422705329,0.38667402051265676,0.13655988961459878,0.3978439138821537,0,0,0,0
1,0.9559637588468125,0.8674245994943944,0.9602234262685618,0.9269601406234662,1,1,1,1
1,0.8342227972416955,0.4805662096762846,0.8761146978001559,0.37265323151672886,1,0,1,0
0,0.4105850224581953,0.4415624939089384,0.4472301288753701,0.3978439138821537,0,0,0,0
0,0.06786289388762827,0.24407952570196859,0.13655988961459878,0.2909786896464161,0,0,0,0
0,0.3842488282620989,0.45105695475343,0.13655988961459878,0.3978439138821537,0,0,0,0
0,0.04530622369389992,0.26457964652570276,0.07431499903070728,0.2909786896464161,0,0,0,0
0,0.356469981863237,0.19438087629192274,0.7616858140337348,0.2909786896464161,0,0,1,0
0,0.1761070072471149,0.39046599427470474,0.07431499903070728,0.6545986309349229,0,0,0,1
0,0.5036980917968117,0.5255895362781983,0.07431499903070728,0.3978439138821537,1,1,0,0
0,0.1003380145450961,0.34172843689664406,0.07431499903070728,0.2909786896464161,0,0,0,0
0,0.0452912318323447,0.20077631012340758,0.07431499903070728,0.2909786896464161,0,0,0,0
0,0.09543305952265242,0.2990514920605571,0.13655988961459878,0.23888391686748214,0,0,0,0
0,0.23870754654098267,0.337604093559424,0.7119238007333535,0.37265323151672886,0,0,1,0
0,0.1020175063462757,0.37092750632640853,0.07431499903070728,0.37265323151672886,0,0,0,0
0,0.05864866141811349,0.24938304624199317,0.13655988961459878,0.3978439138821537,0,0,0,0
1,0.9794372140958703,0.49492013156749326,0.9249893275964554,0.3978439138821537,1,0,1,0
0,0.7242462597648064,0.7494777766449114,0.13655988961459878,0.808688118677574,1,1,0,1
0,0.2554678768730131,0.3370639099312191,0.07103470408429507,0.2909786896464161,0,0,0,0
0,0.18261054959265843,0.4119943581490757,0.13655988961459878,0.3978439138821537,0,0,0,0
0,0.1933585850775276,0.475266751252416,0.5234187052694159,0.4568734218781583,0,0,1,0
1,0.7429481025142419,0.19789279148321254,0.8797509975750424,0.15659063436336962,1,0,1,0
0,0.5498877739048176,0.5855042733699253,0.7119238007333535,0.701098738389222,1,1,1,1
0,0.19556416207054883,0.5117238486151177,0.07431499903070728,0.3978439138821537,0,1,0,0
0,0.21214262133722203,0.3955319243439769,0.7119238007333535,0.4568734218781583,0,0,1,0
0,0.5285170220277868,0.5749242658080668,0.4472301288753701,0.3978439138821537,1,1,0,0
1,0.8379182708221569,0.7498762952907281,0.7119238007333535,0.701098738389222,1,1,1,1
0,0.15071918414601235,0.3479779837922614,0.5234187052694159,0.37265323151672886,0,0,1,0
0,0.6233191171367367,0.6350542237660618,0.5234187052694159,0.701098738389222,1,1,1,1
1,0.7951042391494998,0.4000119346325969,0.8761146978001559,0.3978439138821537,1,0,1,0
0,0.07615957252287679,0.30134923626348925,0.07431499903070728,0.3978439138821537,0,0,0,0
0,0.2762033375563847,0.4517525350452308,0.4472301288753701,0.3978439138821537,0,0,0,0
0,0.05437980207157232,0.3093226948395871,0.07431499903070728,0.37265323151672886,0,0,0,0
1,0.9013541005767376,0.31874278794191485,0.9249893275964554,0.3978439138821537,1,0,1,0
1,0.949631383027286,0.43634305993485223,0.9249893275964554,0.37265323151672886,1,0,1,0
1,0.5491394992210661,0.6279424607050307,0.5234187052694159,0.701098738389222,1,1,1,1
0,0.003548533353561712,0.11666317626724737,0.07431499903070728,0.3978439138821537,0,0,0,0
0,0.13890252216655405,0.25123289817666833,0.07103470408429507,0.2909786896464161,0,0,0,0
0,0.08983481180405643,0.12031891889175605,0.07103470408429507,0.2909786896464161,0,0,0,0
0,0.3531865667015365,0.5396974613917553,0.5234187052694159,0.4568734218781583,0,1,1,0
0,0.16652278904090267,0.4309286267168084,0.07431499903070728,0.2909786896464161,0,0,0,0
0,0.14616367918829484,0.538501699485701,0.07431499903070728,0.701098738389222,0,1,0,1
0,0.8921253391979727,0.3888446969972447,0.8761146978001559,0.701098738389222,1,0,1,1
0,0.4707074505876324,0.5142694985359972,0.7119238007333535,0.37265323151672886,0,1,1,0
0,0.9814767497482775,0.8660350543460916,0.7849054919390522,0.701098738389222,1,1,1,1
1,0.9520246011984868,0.9602931626423284,0.9369658288621653,0.9269601406234662,1,1,1,1
0,0.13667881478485128,0.24022595635977867,0.07103470408429507,0.2909786896464161,0,0,0,0
0,0.062433777785270185,0.3077914971965096,0.07431499903070728,0.23888391686748214,0,0,0,0
0,0.09025479155927406,0.22385914052770406,0.13655988961459878,0.2909786896464161,0,0,0,0
0,0.05457609711357047,0.36878043963700036,0.07431499903070728,0.4568734218781583,0,0,0,0
0,0.10904165813224866,0.45179851171399044,0.07431499903070728,0.2909786896464161,0,0,0,0
1,0.9204974403221037,0.4220219990195709,0.9249893275964554,0.3978439138821537,1,0,1,0
0,0.3257785335212341,0.6152814805093492,0.07431499903070728,0.701098738389222,0,1,0,1
1,0.9944769348971642,0.5950313877201486,0.9249893275964554,0.701098738389222,1,1,1,1
1,0.6974035271144766,0.7608883162240434,0.7119238007333535,0.701098738389222,1,1,1,1
0,0.5654065091627376,0.5441269361051813,0.7119238007333535,0.6545986309349229,1,1,1,1
0,0.3935734821812846,0.3274134489609394,0.4472301288753701,0.3978439138821537,0,0,0,0
0,0.11824911436667107,0.3943168286932041,0.07431499903070728,0.23888391686748214,0,0,0,0
0,0.09524627295611476,0.4584070148404552,0.07431499903070728,0.3978439138821537,0,0,0,0
0,0.24214346596881617,0.41081242067431484,0.5234187052694159,0.701098738389222,0,0,1,1
0,0.1896900869884306,0.3960972131840146,0.07103470408429507,0.23888391686748214,0,0,0,0
0,0.4744976256386067,0.5376468223513013,0.5234187052694159,0.701098738389222,0,1,1,1
1,0.9779780185111602,0.7399333461247366,0.7849054919390522,0.701098738389222,1,1,1,1
0,0.3919708724941337,0.18804624063677558,0.624061140007934,0.15659063436336962,0,0,1,0
0,0.12076285609453546,0.46571961023402325,0.07431499903070728,0.3978439138821537,0,0,0,0
0,0.22287277310776005,0.3081690606368067,0.7119238007333535,0.701098738389222,0,0,1,1
0,0.2058408184102609,0.572276815372924,0.07431499903070728,0.3978439138821537,0,1,0,0
0,0.12482973304087791,0.48848613946132435,0.07431499903070728,0.4568734218781583,0,0,0,0
0,0.23158163203482027,0.3743780262629916,0.4472301288753701,0.3978439138821537,0,0,0,0
0,0.059261836335115704,0.3942274091844532,0.07431499903070728,0.3978439138821537,0,0,0,0
0,0.34912838868677415,0.4599639287195609,0.4472301288753701,0.3978439138821537,0,0,0,0
0,0.23583871140917512,0.49423323100080774,0.13655988961459878,0.3978439138821537,0,0,0,0
0,0.012629756253666366,0.10253887595974522,0.13655988961459878,0.15659063436336962,0,0,0,0
0,0.78157108900707,0.47020718884827944,0.7849054919390522,0.37265323151672886,1,0,1,0
0,0.37058562298575193,0.620806005877352,0.07431499903070728,0.701098738389222,0,1,0,1
1,0.6473710599164649,0.31701542230549873,0.8761146978001559,0.3978439138821537,1,0,1,0
0,0.08858333492617325,0.27327303859864926,0.13655988961459878,0.23888391686748214,0,0,0,0
0,0.2886833021712423,0.4917659326700163,0.13655988961459878,0.3978439138821537,0,0,0,0
0,0.11011768981032616,0.24259777574709665,0.07103470408429507,0.15659063436336962,0,0,0,0
0,0.08041162885799623,0.1942050720106087,0.13655988961459878,0.15659063436336962,0,0,0,0
1,0.9921336058498009,0.141737738312493,0.8797509975750424,0.15659063436336962,1,0,1,0
0,0.09053002767472278,0.41105233636294286,0.07431499903070728,0.3978439138821537,0,0,0,0
0,0.05170333487448374,0.196938564892722,0.043146073851833694,0.23888391686748214,0,0,0,0
0,0.5304947537603417,0.6409462074536082,0.5234187052694159,0.701098738389222,1,1,1,1
0,0.8636284656186484,0.4527158806623193,0.8761146978001559,0.3978439138821537,1,0,1,0
0,0.42923407906058,0.4681372062297477,0.4472301288753701,0.3978439138821537,0,0,0,0
0,0.4424168730186339,0.6770590495672177,0.07431499903070728,0.701098738389222,0,1,0,1
0,0.44989973320063353,0.20731382800316592,0.7616858140337348,0.2909786896464161,0,0,1,0
1,0.7106102651886219,0.6241924351393597,0.7119238007333535,0.701098738389222,1,1,1,1
0,0.1284261723864449,0.16004568239252037,0.2843241992058826,0.15659063436336962,0,0,0,0
0,0.17525235711501763,0.4098732874537318,0.4472301288753701,0.3978439138821537,0,0,0,0
1,0.5259415192301867,0.5014370996047083,0.7119238007333535,0.4568734218781583,1,1,1,0
0,0.07590493424878933,0.25361147644856114,0.13655988961459878,0.2909786896464161,0,0,0,0
0,0.02976381432672215,0.24927363753478854,0.07431499903070728,0.23888391686748214,0,0,0,0
0,0.06849728423498794,0.35348481833591866,0.07431499903070728,0.3978439138821537,0,0,0,0
0,0.8107056185914581,0.8568990494759572,0.5234187052694159,0.701098738389222,1,1,1,1
0,0.7545327505629492,0.42381068070679684,0.8761146978001559,0.3978439138821537,1,0,1,0
1,0.7484013065547265,0.470246165107812,0.7849054919390522,0.4568734218781583,1,0,1,0
0,0.7827578234461244,0.4536316027905077,0.7849054919390522,0.37265323151672886,1,0,1,0
0,0.05014320880906467,0.1849360934029507,0.13655988961459878,0.15659063436336962,0,0,0,0
0,0.024756924016137705,0.1310607983672802,0.07103470408429507,0.15659063436336962,0,0,0,0
0,0.05678923206356715,0.3951569555378192,0.07431499903070728,0.37265323151672886,0,0,0,0
0,0.7875557840890726,0.7721779711377904,0.5234187052694159,0.701098738389222,1,1,1,1
0,0.022754099212787485,0.17764684332256,0.07431499903070728,0.15659063436336962,0,0,0,0
1,0.9547878982999972,0.5276145676104821,0.8761146978001559,0.701098738389222,1,1,1,1
0,0.04806479832075545,0.2622302901639785,0.07431499903070728,0.37265323151672886,0,0,0,0
0,0.03347500911996249,0.22956236260650212,0.13655988961459878,0.3978439138821537,0,0,0,0
0,0.23286709661056595,0.41205694757930117,0.5234187052694159,0.37265323151672886,0,0,1,0
0,0.13799770313815332,0.2756943325006007,0.07103470408429507,0.15659063436336962,0,0,0,0
0,0.08315409206971063,0.36121903992975973,0.07431499903070728,0.37265323151672886,0,0,0,0
0,0.7685400464428143,0.7966781571674381,0.5234187052694159,0.701098738389222,1,1,1,1
1,0.7889133290312683,0.7591396612826162,0.5234187052694159,0.701098738389222,1,1,1,1
0,0.0504554550471487,0.22720183568682764,0.13655988961459878,0.2909786896464161,0,0,0,0
1,0.6498650339490066,0.596505241881734,0.7119238007333535,0.701098738389222,1,1,1,1
0,0.21409902204686992,0.3617572864504308,0.4472301288753701,0.3978439138821537,0,0,0,0
1,0.9717149133686722,0.665179874617719,0.8761146978001559,0.701098738389222,1,1,1,1
0,0.030493933042266993,0.20149544315722295,0.07431499903070728,0.23888391686748214,0,0,0,0
0,0.1298750034948422,0.29660552213834623,0.4472301288753701,0.3978439138821537,0,0,0,0
0,0.050701685525039196,0.2786329647302015,0.07431499903070728,0.37265323151672886,0,0,0,0
0,0.3524038986568841,0.49390937073864477,0.13655988961459878,0.3978439138821537,0,0,0,0
0,0.08075362254654687,0.3766446298780985,0.07431499903070728,0.4568734218781583,0,0,0,0
0,0.03578186326318578,0.21956646221503817,0.13655988961459878,0.2909786896464161,0,0,0,0
0,0.223003062699138,0.5253606305464014,0.07431499903070728,0.4568734218781583,0,1,0,0
0,0.03853331796978791,0.26499889706754404,0.07431499903070728,0.2909786896464161,0,0,0,0
0,0.40101587746255096,0.4890036911274993,0.4472301288753701,0.3978439138821537,0,0,0,0
0,0.09560754506649109,0.3260340830777686,0.07431499903070728,0.3978439138821537,0,0,0,0
0,0.053298570316290074,0.20463241724695214,0.13655988961459878,0.15659063436336962,0,0,0,0
0,0.4297902162822904,0.46988957842187373,0.7119238007333535,0.701098738389222,0,0,1,1
0,0.3113318634015648,0.4285590029385139,0.7119238007333535,0.4568734218781583,0,0,1,0
0,0.15653981290229674,0.46814961526069926,0.07431499903070728,0.37265323151672886,0,0,0,0
0,0.2475275417071185,0.48380546007231945,0.5234187052694159,0.37265323151672886,0,0,1,0
0,0.13661092135369815,0.4765790155287725,0.07431499903070728,0.37265323151672886,0,0,0,0
0,0.5533991631457615,0.5451760353064466,0.7119238007333535,0.37265323151672886,1,1,1,0
0,0.9425980074642137,0.474137413390495,0.9249893275964554,0.3978439138821537,1,0,1,0
0,0.09948348500812015,0.4203779123187629,0.07431499903070728,0.23888391686748214,0,0,0,0
0,0.30991012286145814,0.5060295992953749,0.5234187052694159,0.37265323151672886,0,1,1,0
0,0.32943929999826266,0.42480826610818273,0.4472301288753701,0.3978439138821537,0,0,0,0
0,0.14681444941326785,0.47731866846423104,0.07431499903070728,0.4568734218781583,0,0,0,0
0,0.42920129787757655,0.5913255432859142,0.13655988961459878,0.3978439138821537,0,1,0,0
0,0.108360535869605,0.2694247647842311,0.13655988961459878,0.3978439138821537,0,0,0,0
0,0.01092671790217892,0.1867539030580667,0.07431499903070728,0.3978439138821537,0,0,0,0
0,0.5343197848889847,0.3764878640237899,0.7849054919390522,0.3978439138821537,1,0,1,0
0,0.09851646325848458,0.21556335670111146,0.4472301288753701,0.3978439138821537,0,0,0,0
0,0.33327869932933485,0.4424582830698518,0.7119238007333535,0.701098738389222,0,0,1,1
0,0.12014444839764307,0.41639013641352535,0.13655988961459878,0.3978439138821537,0,0,0,0
0,0.05479106597443857,0.33861355727793163,0.07431499903070728,0.3978439138821537,0,0,0,0
0,0.6126065468338219,0.6462559669962845,0.5234187052694159,0.701098738389222,1,1,1,1
0,0.8250211432140859,0.8062289436902728,0.5234187052694159,0.701098738389222,1,1,1,1
0,0.09027167043743632,0.26281998349979446,0.13655988961459878,0.2909786896464161,0,0,0,0
0,0.03452174539353341,0.29577567120147186,0.07431499903070728,0.3978439138821537,0,0,0,0
0,0.11947297857386191,0.43528629880916625,0.07431499903070728,0.37265323151672886,0,0,0,0
0,0.8859946125977243,0.6172333443727706,0.7119238007333535,0.701098738389222,1,1,1,1
0,0.07181514424480066,0.36167963905986167,0.07431499903070728,0.4568734218781583,0,0,0,0
0,0.12738598681546986,0.4512237787117679,0.07431499903070728,0.3978439138821537,0,0,0,0
0,0.8628560856678187,0.8874960932965565,0.9602234262685618,0.9269601406234662,1,1,1,1
0,0.28323105680464317,0.31925819112544823,0.2843241992058826,0.15659063436336962,0,0,0,0
0,0.2813098349767266,0.5232649867524198,0.13655988961459878,0.3978439138821537,0,1,0,0
0,0.09680377966058587,0.3489381512625637,0.07431499903070728,0.3978439138821537,0,0,0,0
0,0.24349188067419478,0.410655110201834,0.5234187052694159,0.701098738389222,0,0,1,1
1,0.9900422707352862,0.8909547144103954,0.966188612902029,0.9269601406234662,1,1,1,1
1,0.9966262318575823,0.5631268933657396,0.9249893275964554,0.3978439138821537,1,1,1,0
0,0.0695867490006215,0.3702414682117495,0.07431499903070728,0.23888391686748214,0,0,0,0
0,0.029664011013190775,0.16939542214710454,0.13655988961459878,0.15659063436336962,0,0,0,0
0,0.13599542154489774,0.28732579372711464,0.07103470408429507,0.2909786896464161,0,0,0,0
0,0.031325456449201414,0.27365518159297886,0.07431499903070728,0.2909786896464161,0,0,0,0
0,0.06108018725837206,0.4020740696513947,0.07431499903070728,0.3978439138821537,0,0,0,0
0,0.02266108970016925,0.19045417927268685,0.07431499903070728,0.2909786896464161,0,0,0,0
0,0.08049649276332109,0.3976444248390953,0.07431499903070728,0.3978439138821537,0,0,0,0
0,0.2855636223875071,0.6436821778236339,0.07431499903070728,0.37265323151672886,0,1,0,0
0,0.054997907982635624,0.18346233644011134,0.07103470408429507,0.15659063436336962,0,0,0,0
0,0.5026906030754387,0.7002158599028957,0.07431499903070728,0.701098738389222,1,1,0,1
0,0.013335278618305167,0.13434785974235913,0.07431499903070728,0.2909786896464161,0,0,0,0
0,0.0724731276347539,0.3341398231480859,0.07431499903070728,0.37265323151672886,0,0,0,0
0,0.10231206130804077,0.1496386937066539,0.07103470408429507,0.15659063436336962,0,0,0,0
0,0.5472725212448946,0.7967390706345558,0.186156446724178,0.701098738389222,1,1,0,1
0,0.3272411216231326,0.5239929178299958,0.13655988961459878,0.3978439138821537,0,1,0,0
0,0.3579544559592934,0.5663222522439239,0.07431499903070728,0.6545986309349229,0,1,0,1
0,0.19009519936164115,0.5042501581201579,0.07431499903070728,0.3978439138821537,0,1,0,0
0,0.01571794001554825,0.26223457476971024,0.07431499903070728,0.23888391686748214,0,0,0,0
0,0.09779111659929973,0.19110567506014314,0.07103470408429507,0.15659063436336962,0,0,0,0
1,0.9220171673315722,0.6683017755395377,0.7119238007333535,0.701098738389222,1,1,1,1
0,0.24429464419353888,0.43911557662896694,0.4472301288753701,0.3978439138821537,0,0,0,0
0,0.14519792389740638,0.49311443471619965,0.07431499903070728,0.701098738389222,0,0,0,1
0,0.2352141737267273,0.37147430912804996,0.13655988961459878,0.3978439138821537,0,0,0,0
0,0.10140131157711053,0.45292723842073707,0.07431499903070728,0.701098738389222,0,0,0,1
0,0.3340850163978057,0.5445862138590079,0.5234187052694159,0.37265323151672886,0,1,1,0
0,0.03431538010531886,0.24870465222118598,0.07431499903070728,0.15659063436336962,0,0,0,0
0,0.2575789068743819,0.5522379534515575,0.5234187052694159,0.4568734218781583,0,1,1,0
0,0.6387314248328677,0.6360075134932593,0.7119238007333535,0.37265323151672886,1,1,1,0
0,0.13515340753418104,0.34047077654959895,0.13655988961459878,0.3978439138821537,0,0,0,0
0,0.02755541184172353,0.32831064750318545,0.07431499903070728,0.37265323151672886,0,0,0,0
0,0.5491435961415168,0.6101520618576354,0.7119238007333535,0.701098738389222,1,1,1,1
0,0.025550287487373466,0.14916884073428804,0.13655988961459878,0.15659063436336962,0,0,0,0
0,0.9984244870701037,0.6232494754538831,0.9249893275964554,0.3978439138821537,1,1,1,0
0,0.09480420218738866,0.2802542135323562,0.13655988961459878,0.3978439138821537,0,0,0,0
1,0.6532989024773397,0.5039725489421794,0.4472301288753701,0.3978439138821537,1,1,0,0
0,0.295917716269525,0.2818570317658061,0.4472301288753701,0.3978439138821537,0,0,0,0
0,0.17337430773914936,0.40472950698718124,0.5234187052694159,0.37265323151672886,0,0,1,0
0,0.4592356826596154,0.31662981756519015,0.7849054919390522,0.3978439138821537,0,0,1,0
1,0.9107720843582702,0.5934037074358103,0.8761146978001559,0.3978439138821537,1,1,1,0
0,0.32254920458239505,0.46427363348822176,0.4472301288753701,0.3978439138821537,0,0,0,0
0,0.6036164181681881,0.5948385796751392,0.5234187052694159,0.6545986309349229,1,1,1,1
0,0.07089553412029267,0.247289774311776,0.13655988961459878,0.23888391686748214,0,0,0,0
0,0.09823299535270735,0.2662376549475121,0.13655988961459878,0.15659063436336962,0,0,0,0
1,0.49217492200136287,0.7065129488751394,0.13655988961459878,0.3978439138821537,0,1,0,0
0,0.08762609154040561,0.41577987477099054,0.07431499903070728,0.4568734218781583,0,0,0,0
0,0.2898346735493239,0.6452055437876327,0.07431499903070728,0.3978439138821537,0,1,0,0
0,0.055699309451714495,0.2714237819870603,0.07431499903070728,0.37265323151672886,0,0,0,0
0,0.02311549745838912,0.1716068424679389,0.07431499903070728,0.15659063436336962,0,0,0,0
0,0.6800352422190851,0.7304737008228609,0.4472301288753701,0.3978439138821537,1,1,0,0
0,0.18781187453358716,0.3587159873884284,0.13655988961459878,0.3978439138821537,0,0,0,0
1,0.8528089007752374,0.4818624825357566,0.7849054919390522,0.3978439138821537,1,0,1,0
0,0.1567023445013221,0.4212732302171434,0.07431499903070728,0.6545986309349229,0,0,0,1
0,0.04208646222507784,0.20846102707965086,0.13655988961459878,0.23888391686748214,0,0,0,0
0,0.9938145649555468,0.5528212385138895,0.9249893275964554,0.701098738389222,1,1,1,1
0,0.24719593471257073,0.2979399819878759,0.7119238007333535,0.37265323151672886,0,0,1,0
0,0.1563929967380818,0.31221377016757873,0.7119238007333535,0.37265323151672886,0,0,1,0
0,0.08786108784983887,0.45165647072211546,0.07431499903070728,0.4568734218781583,0,0,0,0
0,0.049402750406951704,0.24946892815688168,0.07431499903070728,0.3978439138821537,0,0,0,0
0,0.20529738566405253,0.5172979980975249,0.07431499903070728,0.701098738389222,0,1,0,1
0,0.7942403584035912,0.5947834924303859,0.7119238007333535,0.701098738389222,1,1,1,1
0,0.1351004376757086,0.5296278942524139,0.07431499903070728,0.4568734218781583,0,1,0,0
1,0.9024692199057869,0.8556063276414662,0.5234187052694159,0.701098738389222,1,1,1,1
0,0.23333832817137287,0.4729167904596841,0.5234187052694159,0.4568734218781583,0,0,1,0
0,0.11467459362213388,0.39858251548323864,0.07431499903070728,0.37265323151672886,0,0,0,0
1,0.9673143963017609,0.7239682056582043,0.8761146978001559,0.701098738389222,1,1,1,1
0,0.15381367791340278,0.33885066442472345,0.13655988961459878,0.3978439138821537,0,0,0,0
0,0.46571553317056863,0.5190236304087386,0.7119238007333535,0.701098738389222,0,1,1,1
0,0.11088779640780623,0.3602317346538837,0.07431499903070728,0.37265323151672886,0,0,0,0
0,0.07113876544870774,0.3027073749455167,0.13655988961459878,0.3978439138821537,0,0,0,0
0,0.41480720315181085,0.4026038796170679,0.4472301288753701,0.3978439138821537,0,0,0,0
0,0.01796899709046003,0.12671779575880038,0.13655988961459878,0.2909786896464161,0,0,0,0
1,0.06709562618449577,0.1989724611988505,0.07431499903070728,0.23888391686748214,0,0,0,0
0,0.17207708458479792,0.4014986855258226,0.5234187052694159,0.701098738389222,0,0,1,1
0,0.1850549873326092,0.3381245965115126,0.043146073851833694,0.23888391686748214,0,0,0,0
0,0.04693335332168159,0.24999499290864227,0.07431499903070728,0.2909786896464161,0,0,0,0
0,0.4936458834700528,0.541739289640221,0.7119238007333535,0.37265323151672886,0,1,1,0
0,0.08739384223928691,0.4226062239745375,0.07431499903070728,0.3978439138821537,0,0,0,0
0,0.725438724249503,0.6339115609400972,0.4472301288753701,0.3978439138821537,1,1,0,0
0,0.23090874671062606,0.420585323659274,0.07431499903070728,0.701098738389222,0,0,0,1
0,0.1297568900186613,0.46366311909911034,0.07431499903070728,0.23888391686748214,0,0,0,0
1,0.7705859031001421,0.5566400006947603,0.7849054919390522,0.4568734218781583,1,1,1,0
0,0.1673271458474723,0.3903470224375945,0.043146073851833694,0.23888391686748214,0,0,0,0
0,0.14460398064405744,0.4348023472488051,0.07431499903070728,0.37265323151672886,0,0,0,0
0,0.12647046038224982,0.19895912618036157,0.07103470408429507,0.15659063436336962,0,0,0,0
0,0.8476915497513696,0.6930145473851496,0.7119238007333535,0.701098738389222,1,1,1,1
0,0.5061886724487832,0.29867710762511995,0.4472301288753701,0.3978439138821537,1,0,0,0
1,0.4698918489884128,0.6539059860436305,0.5234187052694159,0.701098738389222,0,1,1,1
0,0.21430817232602184,0.4502503574928658,0.13655988961459878,0.3978439138821537,0,0,0,0
0,0.023746256324405735,0.16662742021349372,0.07431499903070728,0.2909786896464161,0,0,0,0
0,0.6991662754107788,0.37056314886685665,0.4472301288753701,0.3978439138821537,1,0,0,0
1,0.9840183474897121,0.3327172621994912,0.9249893275964554,0.3978439138821537,1,0,1,0
0,0.5813370511153845,0.5344776436345594,0.7119238007333535,0.37265323151672886,1,1,1,0
0,0.04910178442230088,0.11290197133674468,0.07103470408429507,0.2909786896464161,0,0,0,0
0,0.3848110103249782,0.4319521855879346,0.7119238007333535,0.701098738389222,0,0,1,1
0,0.8407419782090628,0.48644847710572287,0.7849054919390522,0.701098738389222,1,0,1,1
0,0.3139311922836537,0.4557361667079375,0.13655988961459878,0.3978439138821537,0,0,0,0
0,0.3555234821256919,0.4088179578371392,0.7119238007333535,0.37265323151672886,0,0,1,0
0,0.20945307364966695,0.3067910589458967,0.4472301288753701,0.3978439138821537,0,0,0,0
0,0.4923581971059939,0.35890136769122905,0.641289481962736,0.23888391686748214,0,0,1,0
0,0.19283823187555,0.2880202398502654,0.07103470408429507,0.23888391686748214,0,0,0,0
0,0.117027978089138,0.4176658797163019,0.13655988961459878,0.3978439138821537,0,0,0,0
0,0.6336223763592888,0.5555936134278916,0.7119238007333535,0.701098738389222,1,1,1,1
0,0.3592384334958861,0.5903475100435419,0.07431499903070728,0.3978439138821537,0,1,0,0
0,0.12904029753945756,0.46506616172458515,0.07431499903070728,0.37265323151672886,0,0,0,0
0,0.04101103056185558,0.19308975609858975,0.13655988961459878,0.15659063436336962,0,0,0,0
0,0.3427051929686721,0.5568782946709383,0.5234187052694159,0.37265323151672886,0,1,1,0
0,0.15962360680163928,0.3834176381957121,0.13655988961459878,0.3978439138821537,0,0,0,0
0,0.00021852786507047875,0.02760313542000273,0.07431499903070728,0.15659063436336962,0,0,0,0
0,0.24515182142361866,0.5301073396770708,0.07431499903070728,0.701098738389222,0,1,0,1
1,0.8861202543233485,0.5592463325959722,0.7849054919390522,0.37265323151672886,1,1,1,0
0,0.026689259171216378,0.1865423452800184,0.07431499903070728,0.47969074013403357,0,0,0,0
0,0.013585437957679686,0.18704501741179747,0.07431499903070728,0.23888391686748214,0,0,0,0
1,0.9347022548680519,0.5011746133366833,0.9249893275964554,0.4568734218781583,1,1,1,0
0,0.06147063102899045,0.3182019665550374,0.07431499903070728,0.4568734218781583,0,0,0,0
0,0.6303630344865473,0.5049875052327149,0.7849054919390522,0.3978439138821537,1,1,1,0
0,0.0983567118732138,0.3668757527765591,0.07431499903070728,0.37265323151672886,0,0,0,0
0,0.11600194926456682,0.4364748887459093,0.07431499903070728,0.3978439138821537,0,0,0,0
0,0.025672214876130677,0.1468012158834993,0.13655988961459878,0.15659063436336962,0,0,0,0
0,0.03877016774293954,0.1705049424421347,0.13655988961459878,0.2909786896464161,0,0,0,0
0,0.18598081595509017,0.5029711362405422,0.07431499903070728,0.3978439138821537,0,1,0,0
1,0.9816192924335305,0.9765574840118751,0.9369658288621653,0.9479097084107246,1,1,1,1
0,0.6160767729039717,0.5472390392118981,0.7119238007333535,0.701098738389222,1,1,1,1
0,0.19834842607852002,0.3925716279357508,0.5234187052694159,0.701098738389222,0,0,1,1
0,0.03790874902033699,0.19222357900204542,0.07431499903070728,0.15659063436336962,0,0,0,0
0,0.40200339237864696,0.3966314223532695,0.13655988961459878,0.3978439138821537,0,0,0,0
0,0.2641524439904832,0.5576286833217977,0.07431499903070728,0.701098738389222,0,1,0,1
0,0.45269176545103784,0.18981527829099498,0.7616858140337348,0.15659063436336962,0,0,1,0
0,0.06502067989295161,0.36450597472136326,0.07431499903070728,0.2909786896464161,0,0,0,0
0,0.13493818356389214,0.2911027155990791,0.07103470408429507,0.23888391686748214,0,0,0,0
0,0.014459071436531865,0.10988128313427115,0.13655988961459878,0.15659063436336962,0,0,0,0
0,0.16056870919697447,0.43435549319913436,0.13655988961459878,0.3978439138821537,0,0,0,0
0,0.2639252887637705,0.4696316847963235,0.5234187052694159,0.701098738389222,0,0,1,1
0,0.21232462019599624,0.5696133727271986,0.07431499903070728,0.808688118677574,0,1,0,1
1,0.8590690236503614,0.8523467541259739,0.9602234262685618,0.8342236211422674,1,1,1,1
0,0.023398593681790706,0.2208728630588617,0.13655988961459878,0.3978439138821537,0,0,0,0
0,0.1495986103423774,0.27698359584527643,0.7119238007333535,0.37265323151672886,0,0,1,0
0,0.12651588700096253,0.33817498931455015,0.13655988961459878,0.2909786896464161,0,0,0,0
0,0.5198241589954253,0.755007628771296,0.07431499903070728,0.701098738389222,1,1,0,1
1,0.5619109022192006,0.609854731587757,0.5234187052694159,0.701098738389222,1,1,1,1
0,0.02417009575650411,0.16861206690633967,0.07431499903070728,0.2909786896464161,0,0,0,0
0,0.3671501006694751,0.5481788599121836,0.5234187052694159,0.37265323151672886,0,1,1,0
0,0.22566297015948944,0.23110631781498894,0.2843241992058826,0.2909786896464161,0,0,0,0
0,0.2847178496270942,0.46035060362476915,0.13655988961459878,0.3978439138821537,0,0,0,0
0,0.46625796012447634,0.3024811966252338,0.7849054919390522,0.4568734218781583,0,0,1,0
0,0.19070469673683846,0.49004244479189973,0.07431499903070728,0.3978439138821537,0,0,0,0
0,0.9999916684693805,0.43474126641555816,0.8797509975750424,0.23888391686748214,1,0,1,0
1,0.15516382549594906,0.3296702970852096,0.13655988961459878,0.3978439138821537,0,0,0,0
0,0.053421227639831245,0.2939683759019624,0.13655988961459878,0.3978439138821537,0,0,0,0
0,0.057026980783566585,0.32248425347245,0.07431499903070728,0.3978439138821537,0,0,0,0
0,0.09144873545936087,0.15468003606132733,0.07103470408429507,0.15659063436336962,0,0,0,0
0,0.7563411937430567,0.759485152197536,0.5234187052694159,0.701098738389222,1,1,1,1
0,0.7635057583161059,0.7173072398344481,0.5234187052694159,0.701098738389222,1,1,1,1
0,0.6813991539576515,0.7891115509518951,0.5234187052694159,0.701098738389222,1,1,1,1
0,0.06556291882291887,0.24345624612043665,0.13655988961459878,0.3978439138821537,0,0,0,0
1,0.5440981247697154,0.4285343831001658,0.4472301288753701,0.3978439138821537,1,0,0,0
0,0.2060842964791878,0.4375098811567124,0.07431499903070728,0.3978439138821537,0,0,0,0
0,0.12084377169517112,0.4603861430408344,0.07431499903070728,0.701098738389222,0,0,0,1
0,0.15212086110099862,0.3428132031246619,0.7119238007333535,0.4568734218781583,0,0,1,0
0,0.767542756492107,0.36994320143625203,0.7849054919390522,0.3978439138821537,1,0,1,0
0,0.12662796916605332,0.3839953897553057,0.13655988961459878,0.3978439138821537,0,0,0,0
1,0.9994337967845881,0.7766941252339887,0.9249893275964554,0.701098738389222,1,1,1,1
1,0.5208251485145039,0.6103128861992606,0.5234187052694159,0.4568734218781583,1,1,1,0
0,0.3971618585651841,0.46013593720801876,0.7119238007333535,0.4568734218781583,0,0,1,0
0,0.690231725481295,0.4525039728274459,0.7119238007333535,0.701098738389222,1,0,1,1
0,0.26856919248272204,0.4958195961393817,0.13655988961459878,0.3978439138821537,0,0,0,0
1,0.707858567173593,0.23337752966132508,0.7616858140337348,0.2909786896464161,1,0,1,0
0,0.05556034530323492,0.28560942604149775,0.5234187052694159,0.37265323151672886,0,0,1,0
0,0.6479006128123207,0.6096064503691557,0.4472301288753701,0.3978439138821537,1,1,0,0
0,0.19596296387140993,0.31090435254002247,0.07103470408429507,0.23888391686748214,0,0,0,0
0,0.3531315449605701,0.6357752011635961,0.5234187052694159,0.4568734218781583,0,1,1,0
0,0.33648014759323513,0.3600050768398961,0.4472301288753701,0.3978439138821537,0,0,0,0
0,0.8477859798041075,0.4307816213127665,0.7616858140337348,0.2909786896464161,1,0,1,0
0,0.33273761628588777,0.6111693350316543,0.5234187052694159,0.4568734218781583,0,1,1,0
0,0.09585399566844921,0.2620342927830944,0.13655988961459878,0.23888391686748214,0,0,0,0
0,0.4693088858650071,0.6549834877429609,0.5234187052694159,0.701098738389222,0,1,1,1
0,0.030154141516597097,0.18150293820496072,0.13655988961459878,0.15659063436336962,0,0,0,0
0,0.057411642116042105,0.2969179327470393,0.07431499903070728,0.2909786896464161,0,0,0,0
0,0.5198558513551282,0.5620623361423239,0.7119238007333535,0.37265323151672886,1,1,1,0
0,0.19062721254547046,0.4785563756742129,0.07431499903070728,0.37265323151672886,0,0,0,0
0,0.015399102946806931,0.17374653716263808,0.07431499903070728,0.23888391686748214,0,0,0,0
0,0.20422928736438642,0.4854740658209546,0.043146073851833694,0.2909786896464161,0,0,0,0
0,0.19911246475542121,0.48459481162039436,0.07431499903070728,0.37265323151672886,0,0,0,0
0,0.1429471451732223,0.3281748122422603,0.4472301288753701,0.3978439138821537,0,0,0,0
0,0.3775722870988333,0.591908963086667,0.07431499903070728,0.3978439138821537,0,1,0,0
0,0.21676900519672024,0.16585506060097174,0.624061140007934,0.15659063436336962,0,0,1,0
0,0.01708091875565007,0.20008026063365006,0.07431499903070728,0.3978439138821537,0,0,0,0
0,0.06785088810886708,0.3711801482657583,0.07431499903070728,0.23888391686748214,0,0,0,0
0,0.05228889865482675,0.27965814835594505,0.13655988961459878,0.3978439138821537,0,0,0,0
0,0.4040971028422661,0.4840529147711483,0.4472301288753701,0.3978439138821537,0,0,0,0
0,0.6326427737754128,0.38820146839149505,0.7119238007333535,0.37265323151672886,1,0,1,0
0,0.025484664769254074,0.27310553129824794,0.07431499903070728,0.23888391686748214,0,0,0,0
0,0.33314283065196076,0.5030348766670749,0.5234187052694159,0.37265323151672886,0,1,1,0
0,0.8999387199424258,0.5673859409476265,0.7849054919390522,0.3978439138821537,1,1,1,0
0,0.41877018763520935,0.4214467838228473,0.7849054919390522,0.4568734218781583,0,0,1,0
0,0.7474769621438317,0.8516456917845981,0.4986819481082508,0.701098738389222,1,1,0,1
0,0.19568997047365774,0.4812148159532932,0.07431499903070728,0.3978439138821537,0,0,0,0
0,0.9551113610885682,0.950933612041212,0.9602234262685618,0.9479097084107246,1,1,1,1
0,0.32656849528335696,0.30930296816274866,0.4472301288753701,0.3978439138821537,0,0,0,0
0,0.5007360415857292,0.7758577500595701,0.4986819481082508,0.3978439138821537,1,1,0,0
1,0.8174948145855628,0.7417111410230199,0.7119238007333535,0.701098738389222,1,1,1,1
0,0.14489232443716804,0.24487021166291859,0.07103470408429507,0.15659063436336962,0,0,0,0
0,0.11181623348700276,0.37414270038111896,0.5234187052694159,0.37265323151672886,0,0,1,0
0,0.17127456001431376,0.3914294526667679,0.07431499903070728,0.3978439138821537,0,0,0,0
0,0.03492546827911886,0.2737295627020114,0.07431499903070728,0.3978439138821537,0,0,0,0
0,0.07145737398959211,0.4248875348871117,0.07431499903070728,0.3978439138821537,0,0,0,0
0,0.3508586787588542,0.37953158720506913,0.7119238007333535,0.37265323151672886,0,0,1,0
0,0.543327454895941,0.41700548036120627,0.7849054919390522,0.3978439138821537,1,0,1,0
0,0.08177364542987332,0.5173087178110263,0.07431499903070728,0.3978439138821537,0,1,0,0
0,0.09771817454117258,0.30802955286437,0.13655988961459878,0.3978439138821537,0,0,0,0
0,0.20997096144606733,0.4898703170753577,0.13655988961459878,0.3978439138821537,0,0,0,0
0,0.029748254296874204,0.19857606148397508,0.07431499903070728,0.2909786896464161,0,0,0,0
0,0.523024527442289,0.34689846595753054,0.7849054919390522,0.3978439138821537,1,0,1,0
0,0.7369546571824426,0.2799450978245897,0.8761146978001559,0.701098738389222,1,0,1,1
1,0.8514751813307344,0.4664266988746406,0.8761146978001559,0.3978439138821537,1,0,1,0
0,0.32689311235286955,0.4178198044935283,0.7119238007333535,0.6545986309349229,0,0,1,1
0,0.09928304122955058,0.2306106251190041,0.07103470408429507,0.15659063436336962,0,0,0,0
0,0.1483763960185325,0.42177161229292526,0.13655988961459878,0.3978439138821537,0,0,0,0
0,0.04598759603477208,0.2310936739204997,0.07431499903070728,0.2909786896464161,0,0,0,0
0,0.11427777039153553,0.3949066598465488,0.07431499903070728,0.3978439138821537,0,0,0,0
0,0.10731966422332531,0.35714342243055375,0.13655988961459878,0.3978439138821537,0,0,0,0
0,0.11042801488904215,0.38127723297632476,0.07431499903070728,0.37265323151672886,0,0,0,0
0,0.4525056432534829,0.45576406688381704,0.7119238007333535,0.701098738389222,0,0,1,1
0,0.4432438599817771,0.8459843958360984,0.0,0.8342236211422674,0,1,0,1
1,0.9272923373475762,0.9047171879166302,0.9602234262685618,0.9479097084107246,1,1,1,1
1,0.5346382084132273,0.6783133710129745,0.5234187052694159,0.701098738389222,1,1,1,1
1,0.9946481653855607,0.2563959392497298,0.8797509975750424,0.2909786896464161,1,0,1,0
1,0.9313614887425301,0.5151055795127278,0.8761146978001559,0.3978439138821537,1,1,1,0
0,0.038262585842391623,0.22379035714439655,0.07431499903070728,0.15659063436336962,0,0,0,0
0,0.29232039366966167,0.5266349080491914,0.5234187052694159,0.6545986309349229,0,1,1,1
0,0.2927330459487664,0.5101644551772316,0.07431499903070728,0.701098738389222,0,1,0,1
0,0.09874853174991742,0.4147947107891474,0.07431499903070728,0.37265323151672886,0,0,0,0
0,0.947258448934665,0.8901980785814206,0.7119238007333535,0.701098738389222,1,1,1,1
0,0.1413829282652444,0.3967755334704939,0.07431499903070728,0.3978439138821537,0,0,0,0
1,0.9338795101410681,0.8476349775623883,0.966188612902029,0.9269601406234662,1,1,1,1
1,0.8726555056793686,0.4754774759992725,0.8761146978001559,0.3978439138821537,1,0,1,0
0,0.14050245637517952,0.5033215816000874,0.07431499903070728,0.3978439138821537,0,1,0,0
0,0.09137717325707546,0.4793906864501511,0.4986819481082508,0.2909786896464161,0,0,0,0
0,0.15711047954210963,0.28253026703255163,0.07103470408429507,0.23888391686748214,0,0,0,0
1,0.8341215410168471,0.5647180845639991,0.7849054919390522,0.3978439138821537,1,1,1,0
0,0.46240372600760954,0.4718587442539326,0.07103470408429507,0.2909786896464161,0,0,0,0
0,0.04639417005832629,0.21402988345985968,0.13655988961459878,0.15659063436336962,0,0,0,0
0,0.051664887343170235,0.3644923643966529,0.07431499903070728,0.3978439138821537,0,0,0,0
0,0.05960714599422451,0.3679035763491604,0.07431499903070728,0.23888391686748214,0,0,0,0
0,0.14352198730351118,0.370533220636626,0.043146073851833694,0.23888391686748214,0,0,0,0
1,0.4975766445275397,0.4412398721187861,0.7119238007333535,0.6545986309349229,0,0,1,1
0,0.11179194597529254,0.37773757681937303,0.043146073851833694,0.23888391686748214,0,0,0,0
0,0.03690594393279328,0.30647795397730004,0.07431499903070728,0.4568734218781583,0,0,0,0
0,0.07502604609414532,0.3729824518158314,0.07431499903070728,0.3978439138821537,0,0,0,0
0,0.9302331634068313,0.7078756326006813,0.7849054919390522,0.701098738389222,1,1,1,1
0,0.04693501042538776,0.19551368240508588,0.13655988961459878,0.15659063436336962,0,0,0,0
0,0.12984810767601515,0.2747209731646415,0.07103470408429507,0.23888391686748214,0,0,0,0
0,0.493688223781096,0.7195568357229299,0.07431499903070728,0.701098738389222,0,1,0,1
0,0.09170027145294474,0.3071519740679308,0.13655988961459878,0.3978439138821537,0,0,0,0
0,0.06760083792320216,0.342499991219641,0.07431499903070728,0.2909786896464161,0,0,0,0
0,0.119165816744933,0.37616418121303785,0.13655988961459878,0.3978439138821537,0,0,0,0
0,0.07037434576046188,0.3464350952755656,0.07431499903070728,0.2909786896464161,0,0,0,0
1,0.6591690106116578,0.7288475755478856,0.5234187052694159,0.701098738389222,1,1,1,1
0,0.3245336699214633,0.31155605925729324,0.4472301288753701,0.3978439138821537,0,0,0,0
0,0.05488138524759424,0.34061622410094416,0.07431499903070728,0.3978439138821537,0,0,0,0
0,0.1614908034247709,0.44961405932065857,0.07431499903070728,0.37265323151672886,0,0,0,0
1,0.9689978116851703,0.5707998327964319,0.8761146978001559,0.701098738389222,1,1,1,1
0,0.038678181219205,0.3038589958370787,0.5234187052694159,0.4568734218781583,0,0,1,0
0,0.1481713707602399,0.42375569979113525,0.13655988961459878,0.3978439138821537,0,0,0,0
0,0.030786754426293843,0.26889355724135294,0.13655988961459878,0.3978439138821537,0,0,0,0
0,0.46742715283720093,0.18147655793492887,0.7616858140337348,0.15659063436336962,0,0,1,0
0,0.12773935993090882,0.4649373250821798,0.07431499903070728,0.3978439138821537,0,0,0,0
0,0.12027968773534754,0.5175967773120946,0.07431499903070728,0.37265323151672886,0,1,0,0
0,0.4422726607379876,0.47465491824673717,0.5234187052694159,0.701098738389222,0,0,1,1
0,0.8693853867943102,0.5661273922014043,0.7849054919390522,0.701098738389222,1,1,1,1
1,0.9165951820148159,0.44292237456303285,0.9249893275964554,0.3978439138821537,1,0,1,0
1,0.9606651723892926,0.8394283850213456,0.7119238007333535,0.701098738389222,1,1,1,1
1,0.9612658091947126,0.9178618632695795,0.9602234262685618,0.9479097084107246,1,1,1,1
0,0.03390008722990795,0.22756072958960458,0.07431499903070728,0.23888391686748214,0,0,0,0
0,0.05574273617086474,0.40186870722546736,0.07431499903070728,0.4568734218781583,0,0,0,0
0,0.04920301597974698,0.28211953951479224,0.13655988961459878,0.3978439138821537,0,0,0,0
0,0.6674730406825198,0.5390529755412832,0.7119238007333535,0.701098738389222,1,1,1,1
0,0.08812212155106104,0.37454005250176714,0.07431499903070728,0.37265323151672886,0,0,0,0
0,0.5379351414526289,0.49639822227102764,0.4472301288753701,0.3978439138821537,1,0,0,0
0,0.06549833084386607,0.34729001915506996,0.07431499903070728,0.23888391686748214,0,0,0,0
0,0.3381827405931043,0.47539837748837116,0.5234187052694159,0.37265323151672886,0,0,1,0
0,0.021383536158395066,0.1625969248001308,0.07431499903070728,0.15659063436336962,0,0,0,0
0,0.3815146120679103,0.29927158205378984,0.7119238007333535,0.37265323151672886,0,0,1,0
1,0.5902370619824322,0.5546061531306854,0.4472301288753701,0.3978439138821537,1,1,0,0
0,0.16245215353224407,0.5465683782837493,0.07431499903070728,0.4568734218781583,0,1,0,0
0,0.6088732647856309,0.6640567793048993,0.07431499903070728,0.701098738389222,1,1,0,1
0,0.10087301990197851,0.3739257963408723,0.07431499903070728,0.23888391686748214,0,0,0,0
0,0.2350033025496626,0.4957296940914709,0.07431499903070728,0.37265323151672886,0,0,0,0
1,0.1857454936877568,0.46534533991512433,0.13655988961459878,0.3978439138821537,0,0,0,0
0,0.04634858134678136,0.2698230096899649,0.07431499903070728,0.2909786896464161,0,0,0,0
0,0.3170339209498915,0.5063446456825201,0.07431499903070728,0.701098738389222,0,1,0,1
0,0.22091336056324537,0.23658499126316057,0.07103470408429507,0.2909786896464161,0,0,0,0
0,0.03224296522766492,0.21877041295977834,0.07431499903070728,0.47969074013403357,0,0,0,0
0,0.12020582589270229,0.3878698014379441,0.13655988961459878,0.3978439138821537,0,0,0,0
0,0.10670265679835163,0.45164499586227125,0.07431499903070728,0.3978439138821537,0,0,0,0
0,0.12049624539188251,0.4054264422092149,0.07431499903070728,0.37265323151672886,0,0,0,0
0,0.16182549664878967,0.3731217518420754,0.5234187052694159,0.701098738389222,0,0,1,1
0,0.06337963662733506,0.2991114349341379,0.07431499903070728,0.37265323151672886,0,0,0,0
0,0.13527833804506004,0.3523465966650586,0.07431499903070728,0.37265323151672886,0,0,0,0
0,0.1219484620075135,0.3966933372394348,0.07431499903070728,0.37265323151672886,0,0,0,0
0,0.551609083077836,0.6476842291099598,0.07431499903070728,0.701098738389222,1,1,0,1
0,0.06189794750900288,0.39862471793229215,0.07431499903070728,0.3978439138821537,0,0,0,0
0,0.8288912521247154,0.9231640215585054,0.7563345524221652,0.9269601406234662,1,1,1,1
0,0.10682585330914225,0.4265271883523176,0.13655988961459878,0.3978439138821537,0,0,0,0
0,0.7548517568670846,0.5257453080202009,0.7119238007333535,0.701098738389222,1,1,1,1
0,0.034827596100703476,0.21175294529882638,0.07431499903070728,0.2909786896464161,0,0,0,0
0,0.10571155036136887,0.35895924841851234,0.5234187052694159,0.37265323151672886,0,0,1,0
0,0.267950490194469,0.5102667459210877,0.5234187052694159,0.4568734218781583,0,1,1,0
1,0.6409856833040817,0.396139370652948,0.7849054919390522,0.3978439138821537,1,0,1,0
1,0.9506291759761871,0.6852243322739011,0.8761146978001559,0.808688118677574,1,1,1,1
0,0.09419610312930567,0.38126828614513436,0.07431499903070728,0.3978439138821537,0,0,0,0
0,0.34759149797434197,0.5557166820570518,0.13655988961459878,0.808688118677574,0,1,0,1
0,0.02830151558410153,0.21953320167370302,0.07431499903070728,0.2909786896464161,0,0,0,0
0,0.15910202053252975,0.3849891048232881,0.13655988961459878,0.3978439138821537,0,0,0,0
1,0.5083256486296885,0.723714846497229,0.07431499903070728,0.808688118677574,1,1,0,1
0,0.370806715420112,0.5342659483693482,0.13655988961459878,0.3978439138821537,0,1,0,0
0,0.9265268948507244,0.515676317280438,0.8761146978001559,0.701098738389222,1,1,1,1
0,0.8205625044612008,0.9096962356202716,0.7563345524221652,0.9269601406234662,1,1,1,1
0,0.42133572135400493,0.3810648692131739,0.4472301288753701,0.3978439138821537,0,0,0,0
0,0.07265763590123284,0.2808522474608643,0.13655988961459878,0.3978439138821537,0,0,0,0
1,0.6452948781433966,0.5739217566059488,0.7119238007333535,0.4568734218781583,1,1,1,0
0,0.3605750810689231,0.1599105479075367,0.7616858140337348,0.15659063436336962,0,0,1,0
0,0.35074843271821393,0.5605429439313457,0.7119238007333535,0.4568734218781583,0,1,1,0
0,0.9012154790720788,0.47130570674517946,0.8761146978001559,0.701098738389222,1,0,1,1
0,0.0772416528013743,0.2264305800268439,0.13655988961459878,0.2909786896464161,0,0,0,0
1,0.9425354802596156,0.9436952856815642,0.9369658288621653,0.9479097084107246,1,1,1,1
0,0.9878617984067941,0.620915346135803,0.9249893275964554,0.701098738389222,1,1,1,1
0,0.20384620389302924,0.4853320778469823,0.5234187052694159,0.4568734218781583,0,0,1,0
0,0.08104463195879624,0.17189899649278326,0.07103470408429507,0.15659063436336962,0,0,0,0
0,0.5538228563970862,0.8078019441923094,0.4986819481082508,0.701098738389222,1,1,0,1
0,0.46444550307597543,0.6248469906568538,0.07431499903070728,0.701098738389222,0,1,0,1
0,0.04899738087863128,0.1816662739355441,0.13655988961459878,0.2909786896464161,0,0,0,0
0,0.3263375374163087,0.3476777228429519,0.4472301288753701,0.3978439138821537,0,0,0,0
1,0.9761737050970538,0.5951982201069184,0.9249893275964554,0.701098738389222,1,1,1,1
0,0.06257054184405719,0.1684228072556816,0.07103470408429507,0.15659063436336962,0,0,0,0
0,0.14569063614542394,0.364129138147719,0.043146073851833694,0.23888391686748214,0,0,0,0
0,0.0021972614271148615,0.06233440085290699,0.07431499903070728,0.2909786896464161,0,0,0,0
0,0.24241426934597365,0.37887425808229575,0.07103470408429507,0.23888391686748214,0,0,0,0
0,0.053923583832921035,0.3594901081264036,0.07431499903070728,0.23888391686748214,0,0,0,0
0,0.06679029524339467,0.36841579645033184,0.07431499903070728,0.3978439138821537,0,0,0,0
0,0.2515372181362673,0.2851162611827251,0.07103470408429507,0.2909786896464161,0,0,0,0
0,0.02064620484357335,0.23291603828202032,0.07431499903070728,0.15659063436336962,0,0,0,0
0,0.31003673518783464,0.44331879745482466,0.4472301288753701,0.3978439138821537,0,0,0,0
0,0.11216031030288574,0.4265729413679368,0.07431499903070728,0.2909786896464161,0,0,0,0
1,0.767714694683135,0.4064294596029556,0.8761146978001559,0.3978439138821537,1,0,1,0
0,0.032224171382617565,0.18233693117580027,0.13655988961459878,0.15659063436336962,0,0,0,0
0,0.5119109228346863,0.5519130944644881,0.7119238007333535,0.701098738389222,1,1,1,1
0,0.10275762097679246,0.2793642226562223,0.07103470408429507,0.23888391686748214,0,0,0,0
0,0.0986175117960508,0.3613830313926269,0.07431499903070728,0.2909786896464161,0,0,0,0
0,0.8712933071574863,0.7846273991473693,0.7119238007333535,0.701098738389222,1,1,1,1
0,0.06018447707342571,0.24226154428093558,0.13655988961459878,0.2909786896464161,0,0,0,0
0,0.16325726665140422,0.3419533867921318,0.4472301288753701,0.3978439138821537,0,0,0,0
0,0.021623779152835115,0.21301171621333712,0.07431499903070728,0.2909786896464161,0,0,0,0
0,0.32347419724849813,0.45657656589967616,0.7119238007333535,0.37265323151672886,0,0,1,0
0,0.08423264137919732,0.2875758658074044,0.13655988961459878,0.3978439138821537,0,0,0,0
0,0.030846906780543103,0.24926001518526308,0.07431499903070728,0.2909786896464161,0,0,0,0
0,0.10637848092436,0.36783280182141964,0.13655988961459878,0.3978439138821537,0,0,0,0
0,0.023033771372222216,0.17530086331440542,0.07431499903070728,0.2909786896464161,0,0,0,0
0,0.012325727493893835,0.13534963002288336,0.07431499903070728,0.15659063436336962,0,0,0,0
0,0.055808264631494776,0.23044454858977603,0.13655988961459878,0.2909786896464161,0,0,0,0
1,0.5228092777396434,0.5086844366991154,0.7119238007333535,0.701098738389222,1,1,1,1
1,0.9803255005895933,0.6667417722814133,0.9249893275964554,0.701098738389222,1,1,1,1
0,0.9952827865454937,0.5378441206019401,0.9249893275964554,0.37265323151672886,1,1,1,0
0,0.003965820183184634,0.09464979240795025,0.07431499903070728,0.15659063436336962,0,0,0,0
0,0.02924017097507656,0.28650882202199646,0.07431499903070728,0.3978439138821537,0,0,0,0
0,0.04835341449008632,0.17151076732019796,0.13655988961459878,0.15659063436336962,0,0,0,0
0,0.1827880543227395,0.3270879822114717,0.13655988961459878,0.3978439138821537,0,0,0,0
0,0.11896824548610155,0.3367828051337328,0.07431499903070728,0.37265323151672886,0,0,0,0
0,0.05387624168684506,0.34316424652069955,0.07431499903070728,0.3978439138821537,0,0,0,0
0,0.058886419540896295,0.33041751392492186,0.13655988961459878,0.3978439138821537,0,0,0,0
0,0.15276581469105416,0.41071579103736433,0.13655988961459878,0.3978439138821537,0,0,0,0
0,0.088825915142163,0.40812774899759907,0.07431499903070728,0.3978439138821537,0,0,0,0
0,0.02942824940030769,0.16658804629083698,0.13655988961459878,0.15659063436336962,0,0,0,0
0,0.19017855944827108,0.4863678614569424,0.07431499903070728,0.3978439138821537,0,0,0,0
1,0.9743119255676502,0.2919068735840312,0.9249893275964554,0.3978439138821537,1,0,1,0
0,0.35663772173760344,0.1694128347393769,0.33476237395442404,0.15659063436336962,0,0,0,0
0,0.018947206917807807,0.1520503027036019,0.13655988961459878,0.15659063436336962,0,0,0,0
0,0.6514591434012248,0.5049855437327541,0.4472301288753701,0.3978439138821537,1,1,0,0
0,0.8334265436296292,0.38040469907373914,0.8761146978001559,0.3978439138821537,1,0,1,0
0,0.9281288930535552,0.9075270888887402,0.9369658288621653,0.9479097084107246,1,1,1,1
0,0.08696936553192262,0.2077060984428809,0.4472301288753701,0.3978439138821537,0,0,0,0
0,0.20958012821862104,0.47386792771137815,0.5234187052694159,0.4568734218781583,0,0,1,0
0,0.025854127332322663,0.1537423776864691,0.043146073851833694,0.23888391686748214,0,0,0,0
0,0.2818520507821734,0.6531229971972314,0.4986819481082508,0.3978439138821537,0,1,0,0
0,0.2594701980001329,0.40266709832678454,0.7119238007333535,0.4568734218781583,0,0,1,0
0,0.13401796532050658,0.3156772369262699,0.13655988961459878,0.3978439138821537,0,0,0,0
0,0.06349586025985353,0.340799082166606,0.13655988961459878,0.3978439138821537,0,0,0,0
0,0.04972429318710907,0.2529305523782497,0.07431499903070728,0.2909786896464161,0,0,0,0
0,0.43540436003905564,0.4757989637594177,0.7119238007333535,0.37265323151672886,0,0,1,0
1,0.914540253153116,0.8918526189478855,0.9369658288621653,0.9479097084107246,1,1,1,1
0,0.42775637068440264,0.28333278729250555,0.624061140007934,0.2909786896464161,0,0,1,0
1,0.7178835823963537,0.8810331193278205,0.9369658288621653,0.9269601406234662,1,1,1,1
0,0.26289709799597083,0.5488599898284714,0.5234187052694159,0.6545986309349229,0,1,1,1
0,0.10200330388309192,0.34548281990183555,0.13655988961459878,0.2909786896464161,0,0,0,0
0,0.008708453294654401,0.1884903403654037,0.07431499903070728,0.2909786896464161,0,0,0,0
0,0.2507071557166813,0.5367666464239533,0.13655988961459878,0.3978439138821537,0,1,0,0
1,0.9776112116925625,0.9422041383295727,0.9602234262685618,0.9479097084107246,1,1,1,1
0,0.018254820849453436,0.20101209959030925,0.07431499903070728,0.15659063436336962,0,0,0,0
0,0.18792518622275461,0.5230178307460696,0.07431499903070728,0.37265323151672886,0,1,0,0
1,0.9919201128824583,0.47611909341054853,0.9249893275964554,0.3978439138821537,1,0,1,0
0,0.9326134213516635,0.5743222114962836,0.7849054919390522,0.701098738389222,1,1,1,1
0,0.2112024684466042,0.30358337311842176,0.07103470408429507,0.2909786896464161,0,0,0,0
0,0.8694354097127741,0.9029610008530203,0.9602234262685618,0.9479097084107246,1,1,1,1
0,0.025764592686491564,0.17433694305357417,0.07431499903070728,0.15659063436336962,0,0,0,0
0,0.0777599724787614,0.24539396168201527,0.07431499903070728,0.3978439138821537,0,0,0,0
0,0.4601936255069816,0.4966345317589045,0.4472301288753701,0.3978439138821537,0,0,0,0
0,0.1268971283289334,0.2584411630195965,0.07103470408429507,0.2909786896464161,0,0,0,0
1,0.9341684762302414,0.7747836457374859,0.7119238007333535,0.701098738389222,1,1,1,1
1,0.9402196304171243,0.5664880968212328,0.8761146978001559,0.701098738389222,1,1,1,1
0,0.1317970963436107,0.4947128891026251,0.07431499903070728,0.3978439138821537,0,0,0,0
0,0.05331327193707941,0.2872719855997671,0.07431499903070728,0.2909786896464161,0,0,0,0
0,0.5323364647592923,0.519235496702551,0.7119238007333535,0.37265323151672886,1,1,1,0
0,0.026034853424387248,0.21947735649378372,0.07431499903070728,0.15659063436336962,0,0,0,0
1,0.6963476824377893,0.5996556020557886,0.7119238007333535,0.37265323151672886,1,1,1,0
0,0.18866878277647461,0.27725137261371535,0.4472301288753701,0.3978439138821537,0,0,0,0
0,0.5065014946464351,0.47155022927153417,0.4472301288753701,0.3978439138821537,1,0,0,0
0,0.09450096929642736,0.21049142223312353,0.07103470408429507,0.2909786896464161,0,0,0,0
0,0.8878164513875003,0.34920052688787745,0.9249893275964554,0.37265323151672886,1,0,1,0
0,0.4065307540591199,0.6391715769448048,0.07431499903070728,0.701098738389222,0,1,0,1
0,0.17295973732086806,0.4089237570576883,0.13655988961459878,0.3978439138821537,0,0,0,0
1,0.7148643828573461,0.6393144947979202,0.7119238007333535,0.4568734218781583,1,1,1,0
0,0.3974058190803594,0.46645151829303416,0.07103470408429507,0.2909786896464161,0,0,0,0
0,0.3756187046801715,0.48514903587730396,0.7119238007333535,0.4568734218781583,0,0,1,0
1,0.9783094286692888,0.7551120474381394,0.8761146978001559,0.701098738389222,1,1,1,1
0,0.14075453961636908,0.3789538612572309,0.07431499903070728,0.3978439138821537,0,0,0,0
0,0.06286266486889297,0.3427065434371321,0.13655988961459878,0.3978439138821537,0,0,0,0
0,0.21113905062814944,0.5541143101094348,0.07431499903070728,0.37265323151672886,0,1,0,0
1,0.9907930085152384,0.9141935990548335,0.9602234262685618,0.9479097084107246,1,1,1,1
0,0.10297956205713367,0.37931899855788354,0.07431499903070728,0.23888391686748214,0,0,0,0
0,0.7091369957977967,0.6213060129926231,0.7119238007333535,0.701098738389222,1,1,1,1
0,0.3758339146655437,0.572758435064855,0.13655988961459878,0.3978439138821537,0,1,0,0
0,0.0878051827198667,0.36771670594248285,0.07431499903070728,0.37265323151672886,0,0,0,0
0,0.05903790353293287,0.305271099020184,0.07431499903070728,0.701098738389222,0,0,0,1
0,0.11441864785214266,0.3877446564347782,0.13655988961459878,0.3978439138821537,0,0,0,0
0,0.4718380788414181,0.47508857179895353,0.4472301288753701,0.3978439138821537,0,0,0,0
0,0.8055387847526791,0.861755345243422,0.5234187052694159,0.701098738389222,1,1,1,1
0,0.6844231709819413,0.19230744545142364,0.8797509975750424,0.2909786896464161,1,0,1,0
1,0.7461443377258031,0.43605434464281084,0.33476237395442404,0.23888391686748214,1,0,0,0
0,0.10532912546144914,0.3703528092268727,0.07431499903070728,0.37265323151672886,0,0,0,0
0,0.6672632832657467,0.7280499152144391,0.5234187052694159,0.701098738389222,1,1,1,1
0,0.13352485049546436,0.22159228127474864,0.07103470408429507,0.2909786896464161,0,0,0,0
0,0.27543914947029274,0.5506162756875751,0.07431499903070728,0.37265323151672886,0,1,0,0
1,0.8116897367553666,0.8610781702802104,0.5234187052694159,0.701098738389222,1,1,1,1
0,0.050949629771736664,0.14561602088694503,0.07103470408429507,0.15659063436336962,0,0,0,0
0,0.06505175320006816,0.4160530624817537,0.07431499903070728,0.3978439138821537,0,0,0,0
0,0.03331322107663056,0.292368118576923,0.07431499903070728,0.3978439138821537,0,0,0,0
0,0.014276026566610287,0.154025775621893,0.07431499903070728,0.15659063436336962,0,0,0,0
0,0.1299302777947749,0.19543485795283874,0.07103470408429507,0.15659063436336962,0,0,0,0
0,0.08673448834601137,0.379326305003413,0.07431499903070728,0.3978439138821537,0,0,0,0
0,0.04869084773945204,0.27538506200328616,0.13655988961459878,0.3978439138821537,0,0,0,0
0,0.0545355466875621,0.1839207094489383,0.13655988961459878,0.15659063436336962,0,0,0,0
0,0.2130412667188242,0.4803445135184803,0.07431499903070728,0.37265323151672886,0,0,0,0
0,0.1266030483295516,0.3926612421273274,0.07431499903070728,0.2909786896464161,0,0,0,0
0,0.13582586457053808,0.2960065226025357,0.4472301288753701,0.3978439138821537,0,0,0,0
0,0.026617443963155046,0.17147860392732445,0.07431499903070728,0.15659063436336962,0,0,0,0
0,0.4027387730388231,0.5958734807399635,0.07431499903070728,0.701098738389222,0,1,0,1
0,0.22479873428969752,0.5137692995827701,0.07431499903070728,0.3978439138821537,0,1,0,0
0,0.14928934433158642,0.35312086562513983,0.13655988961459878,0.3978439138821537,0,0,0,0
0,0.3576254578122723,0.2601919833486534,0.624061140007934,0.23888391686748214,0,0,1,0
0,0.17727857173210046,0.4236839931324963,0.07431499903070728,0.37265323151672886,0,0,0,0
0,0.048113368466168246,0.38315265625155837,0.07431499903070728,0.4568734218781583,0,0,0,0
0,0.22446190979672118,0.5049558648538681,0.07431499903070728,0.701098738389222,0,1,0,1
0,0.0955228880383412,0.31807896837254085,0.13655988961459878,0.3978439138821537,0,0,0,0
0,0.10134102955107226,0.21424354003726426,0.07103470408429507,0.15659063436336962,0,0,0,0
0,0.19463719152852543,0.40743147174213923,0.5234187052694159,0.37265323151672886,0,0,1,0
1,0.6256498066980739,0.44708161753072306,0.8761146978001559,0.4568734218781583,1,0,1,0
0,0.10961621296817751,0.5589596379106263,0.07431499903070728,0.3978439138821537,0,1,0,0
0,0.445472901363245,0.4608111668507879,0.7119238007333535,0.37265323151672886,0,0,1,0
0,0.7739892614650126,0.679865208247609,0.4472301288753701,0.3978439138821537,1,1,0,0
0,0.03616599184238513,0.26598216378612466,0.07431499903070728,0.2909786896464161,0,0,0,0
0,0.20222598331892377,0.3489809554005362,0.7119238007333535,0.4568734218781583,0,0,1,0
0,0.09656702537595283,0.3049663825941857,0.07431499903070728,0.3978439138821537,0,0,0,0
1,0.5639427396682166,0.47284491256644845,0.7119238007333535,0.701098738389222,1,0,1,1
0,0.4676351940049353,0.45750526612371367,0.7119238007333535,0.37265323151672886,0,0,1,0
0,0.31472620715980143,0.43382934361777953,0.4472301288753701,0.3978439138821537,0,0,0,0
0,0.26515737281752644,0.6737368579847671,0.07431499903070728,0.4568734218781583,0,1,0,0
0,0.10760618610796471,0.3771656915697389,0.07431499903070728,0.3978439138821537,0,0,0,0
0,0.22951800000552128,0.5767885370079182,0.07431499903070728,0.701098738389222,0,1,0,1
0,0.08541202379212842,0.330548287857421,0.07431499903070728,0.37265323151672886,0,0,0,0
0,0.05789542958736422,0.3214083078948005,0.13655988961459878,0.3978439138821537,0,0,0,0
0,0.24320690699099512,0.4295485627662334,0.5234187052694159,0.701098738389222,0,0,1,1
1,0.9441273250033441,0.8503300244450147,0.7119238007333535,0.701098738389222,1,1,1,1
0,0.015790329247314053,0.12162712256718446,0.13655988961459878,0.15659063436336962,0,0,0,0
0,0.1968884043258925,0.4590943790284071,0.07431499903070728,0.37265323151672886,0,0,0,0
0,0.2666649566018583,0.49525020141801984,0.5234187052694159,0.37265323151672886,0,0,1,0
0,0.10704439802960518,0.3888195307581485,0.07431499903070728,0.701098738389222,0,0,0,1
0,0.38272747512733246,0.37743615675132536,0.07103470408429507,0.2909786896464161,0,0,0,0
0,0.025183723178375226,0.19554959001217026,0.07431499903070728,0.23888391686748214,0,0,0,0
0,0.4609735329968543,0.5047387835708592,0.4472301288753701,0.3978439138821537,0,1,0,0
1,0.26861600120908735,0.49104045630608095,0.5234187052694159,0.701098738389222,0,0,1,1
0,0.08820110320443661,0.3781674980633303,0.07431499903070728,0.2909786896464161,0,0,0,0
0,0.03432228941152829,0.22699975046004534,0.07431499903070728,0.23888391686748214,0,0,0,0
0,0.25240607980403484,0.6047653975816333,0.07431499903070728,0.4568734218781583,0,1,0,0
0,0.45795360900039833,0.6278098615155203,0.13655988961459878,0.808688118677574,0,1,0,1
0,0.04308263192916906,0.18054945080939985,0.13655988961459878,0.2909786896464161,0,0,0,0
0,0.5199308105611226,0.5337544699382367,0.4472301288753701,0.3978439138821537,1,1,0,0
0,0.31985407352747763,0.37787041257572623,0.07103470408429507,0.23888391686748214,0,0,0,0
0,0.12360930247917482,0.36683541514540974,0.07431499903070728,0.37265323151672886,0,0,0,0
0,0.15520878119340964,0.5379945553800386,0.07431499903070728,0.3978439138821537,0,1,0,0
0,0.04972109801118783,0.20227997296467995,0.13655988961459878,0.15659063436336962,0,0,0,0
0,0.05827428176105129,0.25789218945416686,0.07431499903070728,0.23888391686748214,0,0,0,0
0,0.02667231792377653,0.18820854933948314,0.07431499903070728,0.2909786896464161,0,0,0,0
0,0.2737752909912245,0.6288793389361644,0.07431499903070728,0.4568734218781583,0,1,0,0
0,0.06907187146643512,0.41409511485022693,0.07431499903070728,0.3978439138821537,0,0,0,0
0,0.0062255147785543015,0.12228029632961235,0.07431499903070728,0.2909786896464161,0,0,0,0
0,0.28259147141382523,0.4595700992331427,0.5234187052694159,0.701098738389222,0,0,1,1
0,0.10626824012106269,0.29634240689698693,0.043146073851833694,0.23888391686748214,0,0,0,0
1,0.955566381076617,0.8242148209586355,0.7849054919390522,0.701098738389222,1,1,1,1
0,0.01652540283496248,0.15903909175834974,0.07431499903070728,0.47969074013403357,0,0,0,0
0,0.12001170526932842,0.16770117423977562,0.07103470408429507,0.15659063436336962,0,0,0,0
0,0.18660225633456723,0.346561678885606,0.4472301288753701,0.3978439138821537,0,0,0,0
0,0.3589418351590627,0.5055708916746534,0.13655988961459878,0.3978439138821537,0,1,0,0
0,0.21229262235661386,0.30667086091192614,0.07103470408429507,0.23888391686748214,0,0,0,0
0,0.11060501798566946,0.3586714643668263,0.13655988961459878,0.2909786896464161,0,0,0,0
0,0.2894087480960267,0.590018772111394,0.07431499903070728,0.701098738389222,0,1,0,1
0,0.32930194283447733,0.3598534720258257,0.07103470408429507,0.23888391686748214,0,0,0,0
1,0.9966792987604586,0.9733554485396089,0.9602234262685618,0.9479097084107246,1,1,1,1
0,0.03139749769837533,0.23211983444510162,0.13655988961459878,0.3978439138821537,0,0,0,0
0,0.382176449696396,0.518618965526959,0.4472301288753701,0.3978439138821537,0,1,0,0
0,0.14571679839047896,0.42975407245755776,0.13655988961459878,0.3978439138821537,0,0,0,0
0,0.013118143675028969,0.13341464714650228,0.07431499903070728,0.15659063436336962,0,0,0,0
0,0.4924584183125447,0.3418523057986503,0.4472301288753701,0.3978439138821537,0,0,0,0
0,0.130567028691383,0.45941922908633875,0.07431499903070728,0.37265323151672886,0,0,0,0
0,0.2335616935179428,0.39840468260060163,0.7119238007333535,0.37265323151672886,0,0,1,0
0,0.6856949907939129,0.611654550067884,0.5234187052694159,0.701098738389222,1,1,1,1
0,0.029596361123742487,0.21938554252963025,0.07431499903070728,0.15659063436336962,0,0,0,0
0,0.23135872998043744,0.463096547192756,0.5234187052694159,0.4568734218781583,0,0,1,0
0,0.09631815331239152,0.4011906107165543,0.13655988961459878,0.3978439138821537,0,0,0,0
0,0.1527251920767869,0.1513018151261235,0.2843241992058826,0.47969074013403357,0,0,0,0
0,0.10914576511260744,0.34336981040490705,0.5234187052694159,0.37265323151672886,0,0,1,0
0,0.5045494039525774,0.6362116477823698,0.8973324495563872,0.3978439138821537,1,1,1,0
0,0.4391699289282685,0.7235169441447414,0.07431499903070728,0.701098738389222,0,1,0,1
0,0.0982573603561698,0.17915591833261701,0.07103470408429507,0.2909786896464161,0,0,0,0
1,0.9458541285186881,0.9110038453553608,0.9602234262685618,0.9269601406234662,1,1,1,1
0,0.5312783950941635,0.6032988608548753,0.07431499903070728,0.701098738389222,1,1,0,1
0,0.16642679914537958,0.4534545392635561,0.13655988961459878,0.3978439138821537,0,0,0,0
0,0.5648681271309006,0.3127239054760291,0.7616858140337348,0.15659063436336962,1,0,1,0
1,0.9154574887243025,0.9442288562129917,0.9369658288621653,0.9269601406234662,1,1,1,1
0,0.2961430596417704,0.6649470774818766,0.07431499903070728,0.808688118677574,0,1,0,1
0,0.22885844154364043,0.2851920596583971,0.07103470408429507,0.15659063436336962,0,0,0,0
0,0.007898823069905764,0.1683627429624283,0.07431499903070728,0.37265323151672886,0,0,0,0
0,0.3164283626674207,0.4911961587226533,0.13655988961459878,0.3978439138821537,0,0,0,0
0,0.12349649816425765,0.3883490825694337,0.07431499903070728,0.23888391686748214,0,0,0,0
0,0.04566134824818178,0.24671796543515218,0.13655988961459878,0.3978439138821537,0,0,0,0
0,0.026098723135979506,0.23081515537495187,0.07431499903070728,0.2909786896464161,0,0,0,0
0,0.38049623304181,0.556624456969796,0.07431499903070728,0.3978439138821537,0,1,0,0
0,0.11718198592477541,0.3882866911728315,0.13655988961459878,0.3978439138821537,0,0,0,0
0,0.11535101680518559,0.39815496765368946,0.07431499903070728,0.3978439138821537,0,0,0,0
0,0.14075285603005985,0.4843615763743828,0.07431499903070728,0.37265323151672886,0,0,0,0
0,0.44823503763449896,0.3586597647041534,0.641289481962736,0.23888391686748214,0,0,1,0
0,0.2688967063953536,0.6240278652484933,0.07431499903070728,0.2909786896464161,0,1,0,0
0,0.023504404882121827,0.13005031501275724,0.13655988961459878,0.15659063436336962,0,0,0,0
0,0.22568648484126702,0.3950319201945867,0.13655988961459878,0.3978439138821537,0,0,0,0
1,0.7356964748209954,0.7479607352379193,0.5234187052694159,0.701098738389222,1,1,1,1
0,0.12409467398482622,0.2992464730849293,0.13655988961459878,0.3978439138821537,0,0,0,0
0,0.22157579781153158,0.5326136690763551,0.07431499903070728,0.3978439138821537,0,1,0,0
0,0.07107898117219963,0.40604495788562894,0.07431499903070728,0.2909786896464161,0,0,0,0
0,0.5130778119179287,0.724907981306768,0.07431499903070728,0.701098738389222,1,1,0,1
0,0.5202860431912796,0.7813121683152557,0.4986819481082508,0.3978439138821537,1,1,0,0
0,0.12638221047320305,0.3393810959872363,0.07431499903070728,0.3978439138821537,0,0,0,0
0,0.10007180930150796,0.4131320478265795,0.07431499903070728,0.37265323151672886,0,0,0,0
0,0.5615534730017536,0.5882288255563085,0.5234187052694159,0.701098738389222,1,1,1,1
0,0.13057331249810725,0.49077988844356063,0.07431499903070728,0.4568734218781583,0,0,0,0
0,0.04535560562431376,0.21578247066651793,0.07431499903070728,0.3978439138821537,0,0,0,0
0,0.6161476665471465,0.6128735508580104,0.7119238007333535,0.701098738389222,1,1,1,1
0,0.16385488408318474,0.3119102978181848,0.4472301288753701,0.3978439138821537,0,0,0,0
0,0.03956540172826089,0.22723832264082447,0.07431499903070728,0.2909786896464161,0,0,0,0
0,0.7407212094871208,0.512894535613865,0.7119238007333535,0.701098738389222,1,1,1,1
1,0.7011203366014962,0.39813439780336707,0.624061140007934,0.23888391686748214,1,0,1,0
0,0.027072407532490433,0.16541946584259137,0.07431499903070728,0.15659063436336962,0,0,0,0
0,0.07804852849893013,0.4102169530099728,0.07431499903070728,0.4568734218781583,0,0,0,0
0,0.14704733557744085,0.4033270239239402,0.07431499903070728,0.37265323151672886,0,0,0,0
1,0.8935720990348851,0.679751536359776,0.7849054919390522,0.701098738389222,1,1,1,1
0,0.09503928953190978,0.44601214185674815,0.07431499903070728,0.3978439138821537,0,0,0,0
1,0.8434869985198649,0.4598779032555373,0.8761146978001559,0.3978439138821537,1,0,1,0
0,0.8608570149452845,0.5189037613797209,0.7849054919390522,0.701098738389222,1,1,1,1
0,0.03819675739001325,0.15228697845618036,0.13655988961459878,0.2909786896464161,0,0,0,0
0,0.319291348821794,0.49720866841700995,0.07431499903070728,0.3978439138821537,0,0,0,0
0,0.14894539602573315,0.4123324980912051,0.07431499903070728,0.37265323151672886,0,0,0,0
0,0.17281336351316703,0.368771208099849,0.07103470408429507,0.2909786896464161,0,0,0,0
0,0.1413136328139511,0.3721570498324827,0.13655988961459878,0.3978439138821537,0,0,0,0
0,0.3297670792248731,0.5524444127883117,0.5234187052694159,0.6545986309349229,0,1,1,1
1,0.32957937916248536,0.29330017792405566,0.07103470408429507,0.2909786896464161,0,0,0,0
0,0.19499082754974154,0.23769052009641453,0.07103470408429507,0.2909786896464161,0,0,0,0
0,0.04643443645472786,0.344764526892732,0.07431499903070728,0.4568734218781583,0,0,0,0
0,0.026877663269535678,0.18979103582084614,0.07431499903070728,0.2909786896464161,0,0,0,0
0,0.40748164134829434,0.258513012244865,0.624061140007934,0.2909786896464161,0,0,1,0
0,0.7583886948305089,0.32758281266661843,0.8761146978001559,0.3978439138821537,1,0,1,0
0,0.10017106224270829,0.3104137822493898,0.13655988961459878,0.3978439138821537,0,0,0,0
0,0.06531681531168057,0.24794554145179354,0.13655988961459878,0.3978439138821537,0,0,0,0
0,0.1397058273109516,0.2985101969237306,0.043146073851833694,0.23888391686748214,0,0,0,0
0,0.11486023408103667,0.34088046724264437,0.5234187052694159,0.37265323151672886,0,0,1,0
0,0.03171095366018103,0.19392639984128546,0.07431499903070728,0.23888391686748214,0,0,0,0
0,0.09884364297847,0.2310214819705305,0.07103470408429507,0.2909786896464161,0,0,0,0
0,0.050872373950125276,0.3030916549131263,0.07431499903070728,0.3978439138821537,0,0,0,0
0,0.9941110172728912,0.4440286307361648,0.9249893275964554,0.3978439138821537,1,0,1,0
0,0.11174022698302981,0.42918003755836376,0.07431499903070728,0.3978439138821537,0,0,0,0
1,0.433846568982346,0.6360074507653504,0.07431499903070728,0.3978439138821537,0,1,0,0
0,0.2548922121249501,0.3234724937945188,0.7119238007333535,0.37265323151672886,0,0,1,0
0,0.6670546230984503,0.6869243557196121,0.5234187052694159,0.701098738389222,1,1,1,1
0,0.04633815487538922,0.20126530716290622,0.13655988961459878,0.2909786896464161,0,0,0,0
0,0.09118288682484078,0.30955144119553163,0.043146073851833694,0.23888391686748214,0,0,0,0
0,0.14414551346461588,0.45685609695091006,0.07431499903070728,0.3978439138821537,0,0,0,0
0,0.012048249656007452,0.13030570676386127,0.13655988961459878,0.15659063436336962,0,0,0,0
0,0.13018823877453967,0.41990701888100473,0.5234187052694159,0.4568734218781583,0,0,1,0
0,0.5891036641448081,0.5439646551801901,0.7119238007333535,0.37265323151672886,1,1,1,0
0,0.2689811238206094,0.5877490286444943,0.07431499903070728,0.701098738389222,0,1,0,1
0,0.9558317247000242,0.4176559179593796,0.9249893275964554,0.3978439138821537,1,0,1,0
0,0.339846489200399,0.4261945613301468,0.4472301288753701,0.3978439138821537,0,0,0,0
0,0.8454925514954164,0.8822830207609794,0.9602234262685618,0.9479097084107246,1,1,1,1
1,0.9260271110196419,0.5796044313636618,0.8761146978001559,0.3978439138821537,1,1,1,0
0,0.01268971160106498,0.14847718695975748,0.07431499903070728,0.15659063436336962,0,0,0,0
0,0.06823166867004325,0.1909537223020962,0.13655988961459878,0.15659063436336962,0,0,0,0
1,0.5237574144586623,0.7364923237209658,0.5234187052694159,0.701098738389222,1,1,1,1
1,0.2372096441130698,0.4118511489968202,0.5234187052694159,0.6545986309349229,0,0,1,1
0,0.08913073942532729,0.4524842920265716,0.07431499903070728,0.4568734218781583,0,0,0,0
0,0.19968881910909977,0.48800129032253253,0.13655988961459878,0.3978439138821537,0,0,0,0
0,0.2753406546058036,0.3865149947463766,0.4472301288753701,0.3978439138821537,0,0,0,0
0,0.2447960169561976,0.34311384295203545,0.4472301288753701,0.3978439138821537,0,0,0,0
0,0.20161661536312625,0.41213845788904785,0.13655988961459878,0.3978439138821537,0,0,0,0
0,0.4195806760309436,0.4957554965633776,0.7119238007333535,0.701098738389222,0,0,1,1
1,0.7176390858690286,0.8173268787438478,0.7512025309012217,0.701098738389222,1,1,1,1
0,0.22668897541906055,0.3940928802962419,0.5234187052694159,0.701098738389222,0,0,1,1
0,0.1050109527913538,0.3923607864730071,0.07431499903070728,0.3978439138821537,0,0,0,0
1,0.4117928073813391,0.5587761889971249,0.13655988961459878,0.808688118677574,0,1,0,1
0,0.21627443854154169,0.3573365106492356,0.4472301288753701,0.3978439138821537,0,0,0,0
0,0.29071831490134464,0.4459084628386428,0.13655988961459878,0.3978439138821537,0,0,0,0
0,0.23935469085494865,0.5378415898473596,0.07431499903070728,0.37265323151672886,0,1,0,0
0,0.01747004351899675,0.1226960602032068,0.13655988961459878,0.15659063436336962,0,0,0,0
1,0.7894998862996059,0.8156332471029326,0.5234187052694159,0.701098738389222,1,1,1,1
0,0.7675971654614085,0.7604649579379732,0.5234187052694159,0.701098738389222,1,1,1,1
0,0.14673254888623943,0.4217664811599026,0.5234187052694159,0.37265323151672886,0,0,1,0
0,0.1888135819621602,0.31505885807046524,0.07103470408429507,0.2909786896464161,0,0,0,0
0,0.07050304271494777,0.37899145797502126,0.07431499903070728,0.3978439138821537,0,0,0,0
0,0.18936793130907095,0.3725673242938252,0.13655988961459878,0.3978439138821537,0,0,0,0
0,0.44531216341131646,0.6764978874300517,0.07431499903070728,0.701098738389222,0,1,0,1
0,0.08594207883383019,0.44245254058650757,0.07431499903070728,0.3978439138821537,0,0,0,0
0,0.9040878578180915,0.5301443580296907,0.7849054919390522,0.701098738389222,1,1,1,1
1,0.028187322679737968,0.16396926952036464,0.07431499903070728,0.23888391686748214,0,0,0,0
1,0.977743033550109,0.5029740121565015,0.9249893275964554,0.3978439138821537,1,1,1,0
0,0.13642120190576326,0.321436126990238,0.13655988961459878,0.3978439138821537,0,0,0,0
0,0.08776016884722326,0.2637153115127688,0.4472301288753701,0.3978439138821537,0,0,0,0
0,0.13844057573199428,0.44329800511670375,0.13655988961459878,0.3978439138821537,0,0,0,0
0,0.3910897485801036,0.6651708334377071,0.5234187052694159,0.701098738389222,0,1,1,1
1,0.683804672515382,0.6693935832277401,0.7119238007333535,0.701098738389222,1,1,1,1
0,0.023859872044387713,0.16060357556063679,0.13655988961459878,0.23888391686748214,0,0,0,0
0,0.6886453269142032,0.4446972120814723,0.4472301288753701,0.3978439138821537,1,0,0,0
0,0.31084092156083554,0.4845488981415973,0.5234187052694159,0.37265323151672886,0,0,1,0
0,0.0019492705897116644,0.11787463557577216,0.07431499903070728,0.3978439138821537,0,0,0,0
0,0.10261717408055389,0.37283168564767344,0.07431499903070728,0.37265323151672886,0,0,0,0
0,0.09159655021163149,0.1790319841109688,0.07103470408429507,0.2909786896464161,0,0,0,0
0,0.9660252490802259,0.4339445970260335,0.8797509975750424,0.23888391686748214,1,0,1,0
0,0.03446292010843485,0.24114482552140554,0.07431499903070728,0.23888391686748214,0,0,0,0
0,0.0512636822475428,0.28230606986879314,0.07431499903070728,0.15659063436336962,0,0,0,0
0,0.18554790078030498,0.26008187897872,0.07103470408429507,0.23888391686748214,0,0,0,0
0,0.489165695951042,0.6875083249948587,0.07431499903070728,0.701098738389222,0,1,0,1
0,0.44902999150382006,0.6777048419694468,0.07431499903070728,0.701098738389222,0,1,0,1
0,0.331812089656466,0.609092345975908,0.07431499903070728,0.701098738389222,0,1,0,1
0,0.2871217729874419,0.3349501811896739,0.5234187052694159,0.701098738389222,0,0,1,1
0,0.7567150072948745,0.6508389328626313,0.7119238007333535,0.701098738389222,1,1,1,1
0,0.4533539757797649,0.4769390506549126,0.4472301288753701,0.3978439138821537,0,0,0,0
1,0.9493270331323426,0.41658332089031896,0.9249893275964554,0.3978439138821537,1,0,1,0
1,0.9891716358093681,0.5514320344802988,0.9249893275964554,0.3978439138821537,1,1,1,0
0,0.3923789884630718,0.5311458507859673,0.13655988961459878,0.3978439138821537,0,1,0,0
0,0.23545484711342404,0.5100799795457303,0.07431499903070728,0.3978439138821537,0,1,0,0
0,0.11258456684501489,0.36577153439307575,0.07431499903070728,0.23888391686748214,0,0,0,0
0,0.4896125282210064,0.32773120688405827,0.4472301288753701,0.3978439138821537,0,0,0,0
0,0.22913891356792856,0.21057059362047056,0.624061140007934,0.23888391686748214,0,0,1,0
0,0.3020956276248801,0.5292466082294988,0.5234187052694159,0.701098738389222,0,1,1,1
0,0.2680932677434444,0.38137879156675936,0.5234187052694159,0.701098738389222,0,0,1,1
0,0.07781732889558343,0.17189686758296704,0.07103470408429507,0.15659063436336962,0,0,0,0
0,0.9383319163340228,0.915462177574346,0.9369658288621653,0.9479097084107246,1,1,1,1
1,0.48462001248738695,0.5616143021330687,0.7119238007333535,0.4568734218781583,0,1,1,0
1,0.9224934238805098,0.419359140514873,0.9249893275964554,0.3978439138821537,1,0,1,0
0,0.0435960757748031,0.1888488964231941,0.13655988961459878,0.15659063436336962,0,0,0,0
0,0.4458993462428426,0.5748597031930848,0.5234187052694159,0.701098738389222,0,1,1,1
1,0.42393027042345693,0.4581793085501682,0.7119238007333535,0.701098738389222,0,0,1,1
0,0.2903780316714532,0.4521620939389438,0.5234187052694159,0.701098738389222,0,0,1,1
0,0.06911075633621792,0.36851107326620364,0.07431499903070728,0.3978439138821537,0,0,0,0
0,0.5001376223097042,0.45290076355974657,0.7119238007333535,0.4568734218781583,1,0,1,0
0,0.1513923269886997,0.3697430263823127,0.5234187052694159,0.37265323151672886,0,0,1,0
0,0.992301980025586,0.5503225218673108,0.9249893275964554,0.37265323151672886,1,1,1,0
0,0.03521915438860261,0.3137338421158213,0.07431499903070728,0.3978439138821537,0,0,0,0
0,0.021332346578688828,0.24970386979191,0.07431499903070728,0.3978439138821537,0,0,0,0
0,0.6556891752380706,0.6165929896328668,0.7119238007333535,0.701098738389222,1,1,1,1
0,0.21922023780935698,0.5354227246356045,0.5234187052694159,0.4568734218781583,0,1,1,0
0,0.07543895412997065,0.20675271902686493,0.13655988961459878,0.2909786896464161,0,0,0,0
1,0.9099854356565261,0.3870429355371495,0.9249893275964554,0.3978439138821537,1,0,1,0
0,0.24878589929963854,0.24104569601524908,0.07103470408429507,0.23888391686748214,0,0,0,0
0,0.07043674428497064,0.29936414932452393,0.13655988961459878,0.23888391686748214,0,0,0,0
0,0.025695707331569773,0.15028454084611018,0.13655988961459878,0.2909786896464161,0,0,0,0
0,0.3848432334444804,0.6528355579807605,0.07431499903070728,0.701098738389222,0,1,0,1
0,0.6617954417329149,0.3122078687762257,0.624061140007934,0.23888391686748214,1,0,1,0
0,0.13453162872677332,0.4338351598498782,0.13655988961459878,0.3978439138821537,0,0,0,0
1,0.9904191898750723,0.3537280463586813,0.9249893275964554,0.3978439138821537,1,0,1,0
0,0.08729191544147052,0.3605555438007745,0.07431499903070728,0.3978439138821537,0,0,0,0
0,0.04811079078510269,0.17983996447970324,0.13655988961459878,0.15659063436336962,0,0,0,0
0,0.221898419701689,0.3890717836037366,0.13655988961459878,0.3978439138821537,0,0,0,0
0,0.1881591755262755,0.4777393080151948,0.5234187052694159,0.4568734218781583,0,0,1,0
0,0.9997392781401144,0.2148486738256378,0.8797509975750424,0.2909786896464161,1,0,1,0
0,0.017194099264762487,0.21391870426155635,0.07431499903070728,0.2909786896464161,0,0,0,0
1,0.1528143257531697,0.37037960194109526,0.4472301288753701,0.3978439138821537,0,0,0,0
0,0.7892642754571032,0.6256009639312312,0.7119238007333535,0.701098738389222,1,1,1,1
0,0.2483556628770024,0.46190929514519624,0.5234187052694159,0.701098738389222,0,0,1,1
0,0.008249658560589852,0.12705635246351432,0.07431499903070728,0.3978439138821537,0,0,0,0
0,0.10323148926025268,0.36836626531499855,0.043146073851833694,0.15659063436336962,0,0,0,0
0,0.10506358638909986,0.2709129277248897,0.13655988961459878,0.3978439138821537,0,0,0,0
0,0.04197266644959491,0.2248242591143107,0.07431499903070728,0.3978439138821537,0,0,0,0
0,0.07428487215484925,0.2807224415065736,0.13655988961459878,0.3978439138821537,0,0,0,0
1,0.9920031643542627,0.4936568970412706,0.8797509975750424,0.23888391686748214,1,0,1,0
1,0.6726594334391991,0.2715737475212314,0.8761146978001559,0.3978439138821537,1,0,1,0
0,0.058160655124091666,0.29589565754507946,0.07431499903070728,0.3978439138821537,0,0,0,0
0,0.0724422104597331,0.4080407213159238,0.07431499903070728,0.2909786896464161,0,0,0,0
0,0.8743964126148519,0.7550603177088898,0.7119238007333535,0.701098738389222,1,1,1,1
1,0.39225192371726536,0.39926584341890586,0.7119238007333535,0.37265323151672886,0,0,1,0
0,0.2927937945907536,0.5147029069230652,0.8973324495563872,0.3978439138821537,0,1,1,0
0,0.024529916580181634,0.20845844534616076,0.13655988961459878,0.3978439138821537,0,0,0,0
0,0.07381837008806302,0.34368230596323274,0.07431499903070728,0.3978439138821537,0,0,0,0
0,0.050384137612477474,0.18754275513030422,0.13655988961459878,0.15659063436336962,0,0,0,0
1,0.971231046162471,0.9522590065174039,0.9369658288621653,0.9479097084107246,1,1,1,1
0,0.06530815292072777,0.24919589085532465,0.043146073851833694,0.15659063436336962,0,0,0,0
0,0.04585074686194638,0.31541389076503085,0.07431499903070728,0.15659063436336962,0,0,0,0
0,0.030154571678146207,0.27862837676716135,0.07431499903070728,0.3978439138821537,0,0,0,0
0,0.10092894217786211,0.4187789208458704,0.07431499903070728,0.3978439138821537,0,0,0,0
1,0.9151195129048646,0.40100907566915495,0.9249893275964554,0.4568734218781583,1,0,1,0
0,0.08285145189710362,0.26272204614494327,0.13655988961459878,0.3978439138821537,0,0,0,0
0,0.15018338863617414,0.28015805037984554,0.043146073851833694,0.23888391686748214,0,0,0,0
1,0.949504051370074,0.8711620149195328,0.9602234262685618,0.9479097084107246,1,1,1,1
0,0.40210311028911605,0.4458314607622741,0.7119238007333535,0.37265323151672886,0,0,1,0
0,0.6165205083883535,0.6372961358605321,0.7119238007333535,0.701098738389222,1,1,1,1
0,0.1586844169480812,0.27664490315397106,0.13655988961459878,0.3978439138821537,0,0,0,0
0,0.1172412926220321,0.31662120622529966,0.07431499903070728,0.3978439138821537,0,0,0,0
0,0.12482343247472891,0.35436554247855817,0.5234187052694159,0.701098738389222,0,0,1,1
1,0.8991570910207844,0.3386688480644519,0.9249893275964554,0.3978439138821537,1,0,1,0
0,0.01663926615628194,0.16805563885013766,0.07431499903070728,0.15659063436336962,0,0,0,0
0,0.09334458507833698,0.2708349977475846,0.13655988961459878,0.2909786896464161,0,0,0,0
0,0.275589955690758,0.41524496269246003,0.7119238007333535,0.37265323151672886,0,0,1,0
0,0.5493161200812705,0.526603308009211,0.5234187052694159,0.701098738389222,1,1,1,1
0,0.3118878625162667,0.5260373493814666,0.13655988961459878,0.3978439138821537,0,1,0,0
0,0.029659194364555774,0.1656908280040265,0.13655988961459878,0.2909786896464161,0,0,0,0
0,0.13633509567477622,0.3851876599579644,0.07431499903070728,0.3978439138821537,0,0,0,0
0,0.04008441625991444,0.18864348019759355,0.13655988961459878,0.15659063436336962,0,0,0,0
0,0.8980479490478936,0.3579460457850178,0.8797509975750424,0.2909786896464161,1,0,1,0
0,0.026419760608366556,0.16639026675857832,0.13655988961459878,0.2909786896464161,0,0,0,0
1,0.5989076689294692,0.8151726770988967,0.7512025309012217,0.701098738389222,1,1,1,1
0,0.040844329118501776,0.18456017047811454,0.13655988961459878,0.23888391686748214,0,0,0,0
0,0.046772948232091376,0.38732163533832636,0.07431499903070728,0.4568734218781583,0,0,0,0
0,0.3611765603214375,0.39126288213974264,0.7119238007333535,0.701098738389222,0,0,1,1
0,0.2299083940388896,0.46802446982653634,0.5234187052694159,0.701098738389222,0,0,1,1
0,0.31065302176072535,0.5504253566997144,0.5234187052694159,0.4568734218781583,0,1,1,0
0,0.0994006143731516,0.4650577381135408,0.07431499903070728,0.3978439138821537,0,0,0,0
0,0.31451250166348027,0.6282361893720316,0.07431499903070728,0.3978439138821537,0,1,0,0
0,0.2532351250731212,0.3266020684308071,0.4472301288753701,0.3978439138821537,0,0,0,0
0,0.2097560698237108,0.4527137586919056,0.13655988961459878,0.3978439138821537,0,0,0,0
0,0.7228404911825925,0.8109479246921077,0.5234187052694159,0.701098738389222,1,1,1,1
0,0.8178806633578681,0.8605177946406392,0.9369658288621653,0.9479097084107246,1,1,1,1
0,0.2776775844329954,0.3262573715944993,0.4472301288753701,0.3978439138821537,0,0,0,0
0,0.16235385643154657,0.5053579664664075,0.07431499903070728,0.37265323151672886,0,1,0,0
0,0.2965739971993714,0.3381493123223637,0.4472301288753701,0.3978439138821537,0,0,0,0
0,0.033671038854334936,0.307084034932506,0.07431499903070728,0.3978439138821537,0,0,0,0
0,0.1560802813248245,0.3836316304855984,0.13655988961459878,0.3978439138821537,0,0,0,0
0,0.08478765310114052,0.3585327548864363,0.07431499903070728,0.701098738389222,0,0,0,1
0,0.5269002565561476,0.4996217504322152,0.4472301288753701,0.3978439138821537,1,0,0,0
0,0.1840403636360554,0.4562305264701351,0.07431499903070728,0.701098738389222,0,0,0,1
0,0.2914294874645442,0.401446489068685,0.13655988961459878,0.3978439138821537,0,0,0,0
0,0.3745215528732964,0.4682036005451542,0.4472301288753701,0.3978439138821537,0,0,0,0
0,0.3303892830641572,0.5620295343856725,0.07431499903070728,0.701098738389222,0,1,0,1
0,0.1809985492152948,0.4855600679105467,0.07431499903070728,0.3978439138821537,0,0,0,0
0,0.17150192689808094,0.4796725259774508,0.07431499903070728,0.3978439138821537,0,0,0,0
0,0.06847878841630398,0.29370239410316223,0.07431499903070728,0.23888391686748214,0,0,0,0
1,0.7713592229465448,0.6729115310550642,0.7119238007333535,0.701098738389222,1,1,1,1
0,0.47658134617494124,0.4876810413546109,0.7119238007333535,0.37265323151672886,0,0,1,0
0,0.8108984853754824,0.8459789154635722,0.5234187052694159,0.701098738389222,1,1,1,1
0,0.07270865666765373,0.38113098799333156,0.07431499903070728,0.23888391686748214,0,0,0,0
0,0.21658841542817955,0.5420243267870091,0.07431499903070728,0.37265323151672886,0,1,0,0
0,0.03419942467182872,0.21031479763117442,0.13655988961459878,0.3978439138821537,0,0,0,0
0,0.10800983147786719,0.3702599907890174,0.5234187052694159,0.37265323151672886,0,0,1,0
0,0.5498591158350451,0.43005939726517584,0.4472301288753701,0.3978439138821537,1,0,0,0
1,0.25123079503868406,0.561221613755789,0.7512025309012217,0.3978439138821537,0,1,1,0
0,0.06034987546332569,0.3122602370500725,0.13655988961459878,0.3978439138821537,0,0,0,0
0,0.35482929450597495,0.5706273182548672,0.13655988961459878,0.3978439138821537,0,1,0,0
0,0.6679242201381542,0.43547864484568394,0.4472301288753701,0.3978439138821537,1,0,0,0
0,0.1302257826823933,0.4583046123275184,0.07431499903070728,0.3978439138821537,0,0,0,0
0,0.20650871777323543,0.5459374865222676,0.07431499903070728,0.37265323151672886,0,1,0,0
0,0.36417712430645227,0.5351872360070352,0.7119238007333535,0.701098738389222,0,1,1,1
0,0.5299207795953428,0.4953626418161552,0.7119238007333535,0.37265323151672886,1,0,1,0
0,0.0988576709116139,0.1814921637405854,0.07103470408429507,0.15659063436336962,0,0,0,0
0,0.3252778597026524,0.4573814231910432,0.4472301288753701,0.3978439138821537,0,0,0,0
0,0.0956970752182776,0.172229014902069,0.07103470408429507,0.2909786896464161,0,0,0,0
0,0.27886549439574326,0.5300174304794866,0.5234187052694159,0.37265323151672886,0,1,1,0
0,0.49159362482455893,0.6623952868670974,0.07431499903070728,0.701098738389222,0,1,0,1
0,0.3706704489710152,0.5393072319132353,0.7119238007333535,0.701098738389222,0,1,1,1
0,0.56090399508674,0.698480138837833,0.07431499903070728,0.701098738389222,1,1,0,1
0,0.22253143016861104,0.4318671036419916,0.5234187052694159,0.37265323151672886,0,0,1,0
0,0.0795386977091097,0.2260609045962407,0.13655988961459878,0.15659063436336962,0,0,0,0
0,0.1353945578718264,0.2928753436841789,0.4472301288753701,0.3978439138821537,0,0,0,0
0,0.2349539029190246,0.489295430807297,0.07431499903070728,0.6545986309349229,0,0,0,1
0,0.23441428706864273,0.3880586764458768,0.07103470408429507,0.23888391686748214,0,0,0,0
0,0.41076552084044066,0.6045182173289378,0.043146073851833694,0.2909786896464161,0,1,0,0
0,0.28346144516077204,0.38442874289177476,0.4472301288753701,0.3978439138821537,0,0,0,0
0,0.19619938256856415,0.4168654564927421,0.07431499903070728,0.701098738389222,0,0,0,1
0,0.8399708007049475,0.6317258142002077,0.4472301288753701,0.3978439138821537,1,1,0,0
0,0.17147495013181357,0.4333199441339072,0.07431499903070728,0.3978439138821537,0,0,0,0
0,0.15847931940336618,0.2895499019891455,0.13655988961459878,0.2909786896464161,0,0,0,0
0,0.99936772553424,0.875724405214373,0.9249893275964554,0.701098738389222,1,1,1,1
0,0.5545970632142261,0.2249802107631325,0.7616858140337348,0.15659063436336962,1,0,1,0
1,0.637281434955806,0.599225906251394,0.7119238007333535,0.701098738389222,1,1,1,1
0,0.09114394707383432,0.4720516321621539,0.07431499903070728,0.4568734218781583,0,0,0,0
0,0.07062792129818486,0.23604424623183234,0.043146073851833694,0.15659063436336962,0,0,0,0
1,0.8579076668521608,0.7487985559160703,0.7119238007333535,0.701098738389222,1,1,1,1
0,0.22791488501940035,0.4289871176878823,0.13655988961459878,0.3978439138821537,0,0,0,0
0,0.5351314980323526,0.5805477106126027,0.07431499903070728,0.701098738389222,1,1,0,1
0,0.06939530112333604,0.4335414595573178,0.07431499903070728,0.4568734218781583,0,0,0,0
0,0.08807644124726834,0.3296046914224636,0.07431499903070728,0.3978439138821537,0,0,0,0
0,0.21834743037404167,0.5000349365432215,0.07431499903070728,0.3978439138821537,0,1,0,0
0,0.055010207682025775,0.43397128027775694,0.07431499903070728,0.3978439138821537,0,0,0,0
0,0.12267441993646601,0.32712263806523073,0.13655988961459878,0.3978439138821537,0,0,0,0
0,0.02631822118940255,0.11171410278639117,0.07103470408429507,0.15659063436336962,0,0,0,0
0,0.06007081459828095,0.1459553823441641,0.07103470408429507,0.15659063436336962,0,0,0,0
0,0.3240905868882855,0.41333319461372775,0.13655988961459878,0.3978439138821537,0,0,0,0
0,0.0890488652832322,0.3404810146494013,0.07431499903070728,0.2909786896464161,0,0,0,0
0,0.3074045959318338,0.5565765600222572,0.13655988961459878,0.3978439138821537,0,1,0,0
0,0.004336602229760875,0.12023635662252197,0.07431499903070728,0.23888391686748214,0,0,0,0
0,0.04799787759646939,0.21366458638189528,0.13655988961459878,0.15659063436336962,0,0,0,0
0,0.24124366331679833,0.48257360764472024,0.4472301288753701,0.3978439138821537,0,0,0,0
0,0.9391421661819557,0.9503791924651684,0.9369658288621653,0.9479097084107246,1,1,1,1
0,0.05470982902514163,0.29043895246189116,0.07431499903070728,0.701098738389222,0,0,0,1
0,0.31164362259495787,0.38870267633341665,0.7119238007333535,0.4568734218781583,0,0,1,0
1,0.806902781794014,0.487587107491821,0.7849054919390522,0.3978439138821537,1,0,1,0
0,0.0648030691571515,0.37661994045552527,0.07431499903070728,0.3978439138821537,0,0,0,0
0,0.31882237023034266,0.5491754524899718,0.13655988961459878,0.3978439138821537,0,1,0,0
1,0.4451373197164753,0.6469605677605256,0.5234187052694159,0.701098738389222,0,1,1,1
1,0.2714983024439338,0.4595202275972341,0.07431499903070728,0.37265323151672886,0,0,0,0
0,0.13211985208243307,0.3767615916975107,0.07431499903070728,0.701098738389222,0,0,0,1
1,0.7309740143739959,0.539733422006275,0.7849054919390522,0.701098738389222,1,1,1,1
0,0.3064413889842717,0.4722171030405748,0.4472301288753701,0.3978439138821537,0,0,0,0
1,0.7897680196801954,0.8011582864746966,0.5234187052694159,0.701098738389222,1,1,1,1
0,0.08771899893698415,0.18251190603145317,0.07103470408429507,0.2909786896464161,0,0,0,0
0,0.19721477064962578,0.44245088989603243,0.07431499903070728,0.3978439138821537,0,0,0,0
0,0.767686716279324,0.49518138164387193,0.7849054919390522,0.3978439138821537,1,0,1,0
0,0.03622069507325757,0.28717633833188655,0.07431499903070728,0.3978439138821537,0,0,0,0
0,0.06994475127676819,0.3617176321352988,0.07431499903070728,0.3978439138821537,0,0,0,0
1,0.6326204606677472,0.35934519958076216,0.7849054919390522,0.37265323151672886,1,0,1,0
0,0.11687375089068137,0.3271215739213349,0.13655988961459878,0.3978439138821537,0,0,0,0
0,0.9605264572604002,0.9036337724015964,0.9602234262685618,0.9269601406234662,1,1,1,1
0,0.22050648613886184,0.4041465085042009,0.5234187052694159,0.37265323151672886,0,0,1,0
0,0.043879132745087424,0.21360771011020785,0.13655988961459878,0.2909786896464161,0,0,0,0
0,0.08893611302163523,0.2597131568125676,0.13655988961459878,0.23888391686748214,0,0,0,0
0,0.19291638626614266,0.38364941341612824,0.7119238007333535,0.4568734218781583,0,0,1,0
0,0.010466670567039281,0.10171338253422135,0.13655988961459878,0.15659063436336962,0,0,0,0
0,0.5548622709777887,0.5851552141603918,0.13655988961459878,0.3978439138821537,1,1,0,0
0,0.08752743411123348,0.235158491936072,0.07103470408429507,0.2909786896464161,0,0,0,0
0,0.04116607294150042,0.3491431134303232,0.07431499903070728,0.2909786896464161,0,0,0,0
0,0.08425758119875058,0.38467408185214125,0.07431499903070728,0.23888391686748214,0,0,0,0
0,0.2731205193963208,0.3638809309696104,0.7119238007333535,0.4568734218781583,0,0,1,0
0,0.23366429588943605,0.409072297928035,0.043146073851833694,0.23888391686748214,0,0,0,0
0,0.11772521792286926,0.4408107511861477,0.07431499903070728,0.3978439138821537,0,0,0,0
1,0.8605879288035007,0.833855488344677,0.7119238007333535,0.701098738389222,1,1,1,1
0,0.1198983543498427,0.2851624333567977,0.07103470408429507,0.23888391686748214,0,0,0,0
1,0.9901718407048485,0.28960210939190867,0.8797509975750424,0.2909786896464161,1,0,1,0
0,0.8777159211293634,0.4635086292960443,0.8761146978001559,0.3978439138821537,1,0,1,0
0,0.234448236593148,0.35508828068292186,0.4472301288753701,0.3978439138821537,0,0,0,0
0,0.08907228860590878,0.321842989281282,0.5234187052694159,0.4568734218781583,0,0,1,0
0,0.13481776026588047,0.46797449718362016,0.07431499903070728,0.4568734218781583,0,0,0,0
0,0.9668769560496103,0.2959504466907603,0.8797509975750424,0.2909786896464161,1,0,1,0
0,0.45612771255355045,0.48500014765211974,0.13655988961459878,0.3978439138821537,0,0,0,0
0,0.01533215252576512,0.22111193005367705,0.07431499903070728,0.3978439138821537,0,0,0,0
0,0.5023556627141498,0.5172142020283647,0.7119238007333535,0.4568734218781583,1,1,1,0
0,0.12463848630864684,0.40649159536325247,0.13655988961459878,0.3978439138821537,0,0,0,0
0,0.07074553677943049,0.1810037312447011,0.07103470408429507,0.15659063436336962,0,0,0,0
0,0.33968737231248614,0.4985631746712134,0.5234187052694159,0.701098738389222,0,0,1,1
0,0.0694438096982158,0.3257880458301536,0.07431499903070728,0.15659063436336962,0,0,0,0
1,0.5934351817411316,0.37457988917183,0.7849054919390522,0.3978439138821537,1,0,1,0
1,0.677320433635449,0.498423015382792,0.7119238007333535,0.4568734218781583,1,0,1,0
0,0.8408648120269966,0.46674772749845794,0.8761146978001559,0.701098738389222,1,0,1,1
0,0.20178223100276457,0.4772050153544212,0.5234187052694159,0.4568734218781583,0,0,1,0
0,0.02319156736958039,0.1708405794402819,0.07431499903070728,0.15659063436336962,0,0,0,0
0,0.10524003354436669,0.3996079677317539,0.07431499903070728,0.37265323151672886,0,0,0,0
0,0.39021319678785926,0.45500206872562476,0.7119238007333535,0.701098738389222,0,0,1,1
0,0.02340900697201476,0.16716355680687717,0.13655988961459878,0.15659063436336962,0,0,0,0
0,0.5508014030344358,0.42947851633090656,0.7119238007333535,0.37265323151672886,1,0,1,0
0,0.04716641882520561,0.22614699268797905,0.13655988961459878,0.23888391686748214,0,0,0,0
0,0.08151497044693087,0.33316865021695,0.07431499903070728,0.701098738389222,0,0,0,1
0,0.46082432208034596,0.37802107993869094,0.4472301288753701,0.3978439138821537,0,0,0,0
0,0.013021023489611802,0.16632770370629504,0.07431499903070728,0.15659063436336962,0,0,0,0
0,0.9586116225512707,0.7701130238302057,0.7849054919390522,0.701098738389222,1,1,1,1
0,0.16110347678243714,0.5191935957250913,0.07431499903070728,0.3978439138821537,0,1,0,0
0,0.15394915710102267,0.4236862133761493,0.07431499903070728,0.37265323151672886,0,0,0,0
0,0.1690506066757591,0.5416533907259636,0.07431499903070728,0.4568734218781583,0,1,0,0
0,0.14584502410184388,0.3163891860476517,0.043146073851833694,0.23888391686748214,0,0,0,0
0,0.5115526253286461,0.5852476043739738,0.13655988961459878,0.3978439138821537,1,1,0,0
0,0.6038551728814129,0.3860051762148971,0.4472301288753701,0.3978439138821537,1,0,0,0
0,0.2782080889520882,0.47433324029416996,0.5234187052694159,0.6545986309349229,0,0,1,1
0,0.08151011176506437,0.41700876388151675,0.07431499903070728,0.4568734218781583,0,0,0,0
0,0.04024752531398848,0.3005545708852614,0.07431499903070728,0.2909786896464161,0,0,0,0
0,0.1192031908209098,0.3484388388206677,0.043146073851833694,0.2909786896464161,0,0,0,0
0,0.22426329785777518,0.4705734468673435,0.07431499903070728,0.701098738389222,0,0,0,1
0,0.010576927823121666,0.1263535850418655,0.07431499903070728,0.15659063436336962,0,0,0,0
0,0.14911025273310538,0.35466791675693426,0.043146073851833694,0.23888391686748214,0,0,0,0
0,0.15903789530817553,0.46957911163124805,0.07431499903070728,0.23888391686748214,0,0,0,0
0,0.11232795761093443,0.34860350165448034,0.043146073851833694,0.23888391686748214,0,0,0,0
0,0.19702159381304848,0.4939238256964762,0.07431499903070728,0.3978439138821537,0,0,0,0
0,0.1061468409143096,0.20638985980025756,0.07103470408429507,0.15659063436336962,0,0,0,0
0,0.7696792789404838,0.7010631548174076,0.4472301288753701,0.808688118677574,1,1,0,1
0,0.12870888207793135,0.42982620317729314,0.13655988961459878,0.3978439138821537,0,0,0,0
0,0.11511028156121708,0.29436302424866073,0.13655988961459878,0.15659063436336962,0,0,0,0
0,0.11740418438467741,0.31079619187131385,0.13655988961459878,0.3978439138821537,0,0,0,0
0,0.3987692181573964,0.4533938226187624,0.4472301288753701,0.3978439138821537,0,0,0,0
1,0.9527135494590864,0.5949102697274008,0.8761146978001559,0.3978439138821537,1,1,1,0
0,0.6846467679179159,0.40681540547609113,0.7849054919390522,0.3978439138821537,1,0,1,0
1,0.5156535035601783,0.34770633343882573,0.7849054919390522,0.3978439138821537,1,0,1,0
0,0.4998326525650096,0.29959075192175605,0.4472301288753701,0.3978439138821537,0,0,0,0
0,0.5956879723276659,0.48793825026882354,0.7119238007333535,0.701098738389222,1,0,1,1
0,0.31192852045282493,0.5068264449302449,0.5234187052694159,0.701098738389222,0,1,1,1
0,0.030223204489668115,0.2666649657079803,0.07431499903070728,0.37265323151672886,0,0,0,0
0,0.21505392930579284,0.45036664373574037,0.07431499903070728,0.3978439138821537,0,0,0,0
1,0.7540918430908832,0.6765516878975477,0.7119238007333535,0.701098738389222,1,1,1,1
1,0.8737127048000198,0.7042426553530734,0.7119238007333535,0.701098738389222,1,1,1,1
0,0.5035252523484167,0.5193051453645904,0.4472301288753701,0.3978439138821537,1,1,0,0
0,0.11242187144338593,0.4245623223635689,0.07431499903070728,0.3978439138821537,0,0,0,0
0,0.33610649326957354,0.31454948384244075,0.4472301288753701,0.3978439138821537,0,0,0,0
0,0.2076767033049089,0.6006419667403956,0.07431499903070728,0.701098738389222,0,1,0,1
0,0.029491090836796817,0.14005472335076893,0.13655988961459878,0.15659063436336962,0,0,0,0
1,0.9689388331720767,0.6623411440328333,0.9249893275964554,0.4568734218781583,1,1,1,0
0,0.040622492235696125,0.23864684402965727,0.07431499903070728,0.3978439138821537,0,0,0,0
0,0.09553191130907586,0.3329279420323175,0.13655988961459878,0.8919618540568964,0,0,0,1
0,0.1914913647475167,0.23901913352086585,0.07103470408429507,0.2909786896464161,0,0,0,0
1,0.7557442190550023,0.8211604538772664,0.5234187052694159,0.701098738389222,1,1,1,1
0,0.4077732371179992,0.3895346175182602,0.7119238007333535,0.37265323151672886,0,0,1,0
1,0.6675962471779437,0.7089474678574849,0.7119238007333535,0.701098738389222,1,1,1,1
0,0.37305772153736605,0.3055438998802733,0.4472301288753701,0.3978439138821537,0,0,0,0
0,0.1863656739562598,0.38059410559797885,0.4472301288753701,0.3978439138821537,0,0,0,0
0,0.024910209427519005,0.18922581697117974,0.07431499903070728,0.15659063436336962,0,0,0,0
1,0.7601386323625939,0.8014915255032199,0.5234187052694159,0.701098738389222,1,1,1,1
0,0.02299548162611531,0.16641702508346987,0.13655988961459878,0.2909786896464161,0,0,0,0
0,0.40668850105973686,0.6112115464206972,0.07431499903070728,0.701098738389222,0,1,0,1
0,0.07133144789790351,0.34735177815214957,0.5234187052694159,0.4568734218781583,0,0,1,0
0,0.1754300973547309,0.5091630312240021,0.07431499903070728,0.3978439138821537,0,1,0,0
0,0.26479351986995514,0.2943105579712077,0.4472301288753701,0.3978439138821537,0,0,0,0
0,0.617308660896535,0.4384321360422353,0.7849054919390522,0.3978439138821537,1,0,1,0
1,0.9690989316377576,0.9514518106561246,0.9369658288621653,0.9269601406234662,1,1,1,1
0,0.5030919134706928,0.19479217211963365,0.7616858140337348,0.15659063436336962,1,0,1,0
0,0.11780282373476884,0.2080658928289733,0.07103470408429507,0.15659063436336962,0,0,0,0
0,0.17792266295341633,0.5309970876782832,0.07431499903070728,0.808688118677574,0,1,0,1
0,0.49283053812701366,0.49526597184008125,0.4472301288753701,0.3978439138821537,0,0,0,0
0,0.43440210260720713,0.2959004819741022,0.7849054919390522,0.3978439138821537,0,0,1,0
0,0.059145135261228825,0.3198315084858297,0.07431499903070728,0.3978439138821537,0,0,0,0
0,0.01165908561527733,0.12458754290370057,0.13655988961459878,0.15659063436336962,0,0,0,0
0,0.09762545468649271,0.26857641634690776,0.13655988961459878,0.3978439138821537,0,0,0,0
1,0.8367225566465989,0.7999183453964659,0.5234187052694159,0.701098738389222,1,1,1,1
0,0.06770158558980563,0.40856247771278514,0.07431499903070728,0.37265323151672886,0,0,0,0
1,0.9444817382666892,0.49636996555275964,0.9249893275964554,0.37265323151672886,1,0,1,0
0,0.06446518017696866,0.31610971752596456,0.13655988961459878,0.3978439138821537,0,0,0,0
0,0.1105439230903804,0.31902646896179104,0.07431499903070728,0.23888391686748214,0,0,0,0
0,0.16359267520217244,0.47615452986735124,0.07431499903070728,0.3978439138821537,0,0,0,0
1,0.5326239233145925,0.6588717317291285,0.5234187052694159,0.6545986309349229,1,1,1,1
0,0.11825346937050671,0.20714211986208603,0.07103470408429507,0.15659063436336962,0,0,0,0
0,0.05416802570396501,0.1758772740958629,0.13655988961459878,0.15659063436336962,0,0,0,0
0,0.47042737875769824,0.6989749153483937,0.5234187052694159,0.701098738389222,0,1,1,1
0,0.0658007257400871,0.2996748982786364,0.13655988961459878,0.3978439138821537,0,0,0,0
0,0.18881203702968977,0.3522351238579566,0.13655988961459878,0.23888391686748214,0,0,0,0
0,0.20488607571764733,0.4318698090296017,0.043146073851833694,0.23888391686748214,0,0,0,0
0,0.4512367271262354,0.6661212042122329,0.07431499903070728,0.701098738389222,0,1,0,1
0,0.17174523778959003,0.22085766780245575,0.07103470408429507,0.2909786896464161,0,0,0,0
0,0.5836723665842692,0.5065838252906207,0.4472301288753701,0.3978439138821537,1,1,0,0
0,0.246963829746984,0.5303383915578226,0.13655988961459878,0.3978439138821537,0,1,0,0
0,0.12019434427853598,0.28419439404721264,0.4472301288753701,0.3978439138821537,0,0,0,0
0,0.09918369059725468,0.2328958629959209,0.07103470408429507,0.2909786896464161,0,0,0,0
0,0.029403700905256187,0.16786879165332846,0.13655988961459878,0.2909786896464161,0,0,0,0
0,0.4189468646674287,0.5555536301997969,0.4472301288753701,0.3978439138821537,0,1,0,0
0,0.41791764268032805,0.5213016472085047,0.7119238007333535,0.701098738389222,0,1,1,1
0,0.1866981274582413,0.4658697179371326,0.07431499903070728,0.37265323151672886,0,0,0,0
0,0.10953246615941963,0.4390792194501941,0.07431499903070728,0.3978439138821537,0,0,0,0
0,0.060116469930986946,0.33195132032672003,0.07431499903070728,0.4568734218781583,0,0,0,0
0,0.21736185110921424,0.34039759564225797,0.13655988961459878,0.3978439138821537,0,0,0,0
0,0.10077577939598771,0.34371813863101597,0.5234187052694159,0.37265323151672886,0,0,1,0
0,0.0384585208969888,0.21583413135415497,0.07431499903070728,0.15659063436336962,0,0,0,0
0,0.2572907536470253,0.4912712656285205,0.5234187052694159,0.37265323151672886,0,0,1,0
0,0.6078578621038713,0.40319645262184073,0.624061140007934,0.2909786896464161,1,0,1,0
0,0.38275090210424084,0.532085568031849,0.07431499903070728,0.701098738389222,0,1,0,1
0,0.3976109819050029,0.2749801389509347,0.2843241992058826,0.15659063436336962,0,0,0,0
0,0.8479649349859073,0.3947472389816158,0.9249893275964554,0.3978439138821537,1,0,1,0
0,0.11056756556313727,0.3627606268204662,0.07431499903070728,0.23888391686748214,0,0,0,0
1,0.738512682802271,0.7022617991673942,0.4472301288753701,0.3978439138821537,1,1,0,0
0,0.18479240537314723,0.4342667745518558,0.13655988961459878,0.3978439138821537,0,0,0,0
0,0.20982586557544916,0.3420051133759754,0.7119238007333535,0.4568734218781583,0,0,1,0
0,0.18121560063379583,0.2990874202580199,0.7119238007333535,0.701098738389222,0,0,1,1
0,0.03076354460197532,0.254449151159221,0.07431499903070728,0.23888391686748214,0,0,0,0
0,0.3246406138320535,0.5228939362126521,0.7119238007333535,0.4568734218781583,0,1,1,0
1,0.8264036043493395,0.8306684897151059,0.7119238007333535,0.701098738389222,1,1,1,1
0,0.1579754886937943,0.43900198129386303,0.13655988961459878,0.3978439138821537,0,0,0,0
0,0.08801795227320697,0.30424849540477855,0.07431499903070728,0.23888391686748214,0,0,0,0
0,0.9558553632974427,0.47855932586787425,0.9249893275964554,0.701098738389222,1,0,1,1
0,0.010805824809135098,0.11789455879155464,0.13655988961459878,0.15659063436336962,0,0,0,0
0,0.21006526938181522,0.3801360384816149,0.7119238007333535,0.37265323151672886,0,0,1,0
0,0.827207857175436,0.33759068782350793,0.8761146978001559,0.3978439138821537,1,0,1,0
0,0.33408668466983327,0.5512382742986562,0.5234187052694159,0.37265323151672886,0,1,1,0
0,0.08489060907636148,0.3111713506441797,0.13655988961459878,0.3978439138821537,0,0,0,0
0,0.018355320750574087,0.17835865505687334,0.07431499903070728,0.15659063436336962,0,0,0,0
0,0.06616279951744251,0.2576725937055305,0.07431499903070728,0.15659063436336962,0,0,0,0
0,0.5713411208245012,0.4306930561379485,0.7119238007333535,0.6545986309349229,1,0,1,1
0,0.3404893382554878,0.4524073002668262,0.5234187052694159,0.701098738389222,0,0,1,1
0,0.48664581194470274,0.6157835047601157,0.5234187052694159,0.701098738389222,0,1,1,1
0,0.06562985713385822,0.40946823400093285,0.07431499903070728,0.3978439138821537,0,0,0,0
0,0.07061000819780891,0.43986307221101095,0.07431499903070728,0.4568734218781583,0,0,0,0
0,0.27160791985524474,0.5501307203629782,0.5234187052694159,0.37265323151672886,0,1,1,0
0,0.10394465612570684,0.44153313352119317,0.07431499903070728,0.4568734218781583,0,0,0,0
1,0.9999243337462305,0.36748632096774053,0.8797509975750424,0.2909786896464161,1,0,1,0
0,0.11760212420366818,0.4627510201997913,0.07431499903070728,0.2909786896464161,0,0,0,0
0,0.35465269627204504,0.4477140585599439,0.7119238007333535,0.701098738389222,0,0,1,1
0,0.27030929342989896,0.4979762662378849,0.13655988961459878,0.3978439138821537,0,0,0,0
0,0.21289556362887116,0.3193614092279751,0.4472301288753701,0.3978439138821537,0,0,0,0
0,0.5174310098901939,0.5651814357890808,0.7119238007333535,0.4568734218781583,1,1,1,0
0,0.1989004665025637,0.5173468119964463,0.07431499903070728,0.701098738389222,0,1,0,1
0,0.697776444334523,0.6036699762377018,0.4472301288753701,0.3978439138821537,1,1,0,0
0,0.15735335929961938,0.4431033057722815,0.07431499903070728,0.701098738389222,0,0,0,1
0,0.4081492002129109,0.33674397564163444,0.4472301288753701,0.3978439138821537,0,0,0,0
0,0.2580119044423856,0.5169230233901017,0.07431499903070728,0.3978439138821537,0,1,0,0
1,0.9986055531596941,0.9427452032257333,0.9249893275964554,0.9479097084107246,1,1,1,1
0,0.1782785229915404,0.4301147369789417,0.07431499903070728,0.3978439138821537,0,0,0,0
0,0.21417261916879402,0.5653696776879276,0.07431499903070728,0.701098738389222,0,1,0,1
1,0.6907139398233489,0.378576182299755,0.8761146978001559,0.4568734218781583,1,0,1,0
0,0.1223715571526832,0.5129081177599377,0.07431499903070728,0.701098738389222,0,1,0,1
0,0.03841720577110047,0.3291975089514113,0.07431499903070728,0.37265323151672886,0,0,0,0
0,0.9104337516788763,0.6704909782079369,0.7849054919390522,0.701098738389222,1,1,1,1
0,0.06180588651112511,0.2803192269195174,0.13655988961459878,0.3978439138821537,0,0,0,0
0,0.5905390824154336,0.4822293467404931,0.7119238007333535,0.6545986309349229,1,0,1,1
0,0.13584713049103223,0.3098839550842603,0.13655988961459878,0.23888391686748214,0,0,0,0
1,0.984564754632932,0.23537309688832353,0.8797509975750424,0.23888391686748214,1,0,1,0
0,0.802172786719277,0.6682524276220848,0.5234187052694159,0.701098738389222,1,1,1,1
0,0.25859766608598234,0.47418138476617233,0.07431499903070728,0.3978439138821537,0,0,0,0
0,0.04192395411797486,0.399114933712899,0.07431499903070728,0.4568734218781583,0,0,0,0
0,0.17585816075678212,0.4084917807472098,0.07431499903070728,0.37265323151672886,0,0,0,0
0,0.9586050107668278,0.9673897474863238,0.9369658288621653,0.9479097084107246,1,1,1,1
0,0.2096219921887767,0.4525592945384647,0.07431499903070728,0.3978439138821537,0,0,0,0
0,0.19562680773342692,0.4506348755653091,0.13655988961459878,0.3978439138821537,0,0,0,0
0,0.10835840914646969,0.316827976154746,0.4472301288753701,0.3978439138821537,0,0,0,0
0,0.3591186355928472,0.40472577874452526,0.7119238007333535,0.4568734218781583,0,0,1,0
0,0.8155571935151171,0.3751328232102353,0.8761146978001559,0.3978439138821537,1,0,1,0
0,0.2937885476795833,0.45307590138556547,0.13655988961459878,0.3978439138821537,0,0,0,0
0,0.5831813435881606,0.7048494874343274,0.5234187052694159,0.701098738389222,1,1,1,1
0,0.18122152295865324,0.46228043450077944,0.4472301288753701,0.3978439138821537,0,0,0,0
0,0.1503908122496496,0.4589239001601947,0.07431499903070728,0.3978439138821537,0,0,0,0
0,0.10802844929446721,0.364986321338151,0.13655988961459878,0.3978439138821537,0,0,0,0
0,0.16260372075280313,0.4144012091583704,0.07431499903070728,0.37265323151672886,0,0,0,0
0,0.5642816255421758,0.4615705176830169,0.07103470408429507,0.2909786896464161,1,0,0,0
0,0.09251985599412492,0.2840090483470893,0.13655988961459878,0.2909786896464161,0,0,0,0
1,0.9857436811110145,0.4172793513330137,0.9249893275964554,0.37265323151672886,1,0,1,0
0,0.02751069313480496,0.13571093404843007,0.13655988961459878,0.15659063436336962,0,0,0,0
0,0.014141207028455472,0.15032536865202045,0.07431499903070728,0.15659063436336962,0,0,0,0
1,0.8084279412323206,0.7244903490420052,0.7119238007333535,0.701098738389222,1,1,1,1
0,0.14616445745237427,0.34079370957250676,0.043146073851833694,0.2909786896464161,0,0,0,0
0,0.09024393058849534,0.34889041231161344,0.07431499903070728,0.3978439138821537,0,0,0,0
0,0.06050754715756052,0.3709281861087667,0.07431499903070728,0.3978439138821537,0,0,0,0
0,0.467367131176147,0.4599516194036545,0.4472301288753701,0.3978439138821537,0,0,0,0
0,0.06759035460932304,0.28529657810497216,0.4472301288753701,0.3978439138821537,0,0,0,0
0,0.015777214782880015,0.17282779019333294,0.07431499903070728,0.2909786896464161,0,0,0,0
0,0.330382121581104,0.5612272186127623,0.5234187052694159,0.701098738389222,0,1,1,1
0,0.058515303697625275,0.2983247545851322,0.07431499903070728,0.15659063436336962,0,0,0,0
0,0.030370953320496864,0.15239727067098185,0.13655988961459878,0.2909786896464161,0,0,0,0
0,0.7403715732471122,0.8318278056862469,0.5234187052694159,0.701098738389222,1,1,1,1
0,0.26887172880841603,0.4050035900654095,0.13655988961459878,0.3978439138821537,0,0,0,0
0,0.10119527902551195,0.4014346198546481,0.07431499903070728,0.4568734218781583,0,0,0,0
0,0.025072264844348918,0.14186712925795789,0.07431499903070728,0.7438003055596957,0,0,0,1
0,0.01912066340439138,0.18097535720826177,0.07431499903070728,0.15659063436336962,0,0,0,0
1,0.7160076033466348,0.4444525012245245,0.7119238007333535,0.701098738389222,1,0,1,1
0,0.6360824125684802,0.5318291407114036,0.4472301288753701,0.3978439138821537,1,1,0,0
0,0.13530350578470365,0.18177051171604156,0.07103470408429507,0.15659063436336962,0,0,0,0
0,0.3967183329660865,0.5629619565482799,0.07431499903070728,0.3978439138821537,0,1,0,0
0,0.3566945921828433,0.48114750230064685,0.4472301288753701,0.3978439138821537,0,0,0,0
1,0.9341069970873723,0.9437993892125703,0.9369658288621653,0.9269601406234662,1,1,1,1
1,0.9282690161153057,0.3218468331273125,0.9249893275964554,0.3978439138821537,1,0,1,0
0,0.9652765109689304,0.6585968808086637,0.8761146978001559,0.701098738389222,1,1,1,1
0,0.17091974695443876,0.5006818077390854,0.07431499903070728,0.3978439138821537,0,1,0,0
0,0.2035766616198234,0.47421079142296646,0.07431499903070728,0.701098738389222,0,0,0,1
0,0.13408611861403147,0.3191831895379687,0.4472301288753701,0.3978439138821537,0,0,0,0
0,0.10049820643899683,0.4121672381169061,0.07431499903070728,0.2909786896464161,0,0,0,0
0,0.02131647098849263,0.2545811008702536,0.07431499903070728,0.3978439138821537,0,0,0,0
0,0.04153850675005735,0.30618713100121775,0.07431499903070728,0.23888391686748214,0,0,0,0
0,0.4309826380154959,0.386214387176811,0.4472301288753701,0.3978439138821537,0,0,0,0
0,0.058026193892934695,0.1815236738575059,0.07103470408429507,0.15659063436336962,0,0,0,0
1,0.30437968778803043,0.49207573715699204,0.5234187052694159,0.701098738389222,0,0,1,1
1,0.7369485592804823,0.3634913271488627,0.33476237395442404,0.23888391686748214,1,0,0,0
0,0.043441132554406355,0.1442593925641147,0.07103470408429507,0.15659063436336962,0,0,0,0
0,0.22023747570451047,0.5238411681760521,0.13655988961459878,0.3978439138821537,0,1,0,0
0,0.08588918200084517,0.2466768703382722,0.13655988961459878,0.2909786896464161,0,0,0,0
0,0.04157336135337971,0.2886835085661754,0.07431499903070728,0.3978439138821537,0,0,0,0
0,0.28277387319955555,0.4619097724735618,0.13655988961459878,0.3978439138821537,0,0,0,0
0,0.11729052194579995,0.3780633044107281,0.5234187052694159,0.37265323151672886,0,0,1,0
0,0.034980634093609415,0.264787535671733,0.07431499903070728,0.23888391686748214,0,0,0,0
1,0.12401697973098472,0.20126492457170148,0.07103470408429507,0.23888391686748214,0,0,0,0
0,0.2838702655924983,0.5540148430560226,0.07431499903070728,0.701098738389222,0,1,0,1
0,0.16435153077830253,0.3087434070568802,0.4472301288753701,0.3978439138821537,0,0,0,0
0,0.1913284939743541,0.48670222512291683,0.07431499903070728,0.37265323151672886,0,0,0,0
0,0.0457908769994077,0.262134015550156,0.07431499903070728,0.15659063436336962,0,0,0,0
0,0.031043148399922754,0.13243745135230608,0.13655988961459878,0.15659063436336962,0,0,0,0
1,0.9975080146447931,0.49744434509541696,0.9249893275964554,0.3978439138821537,1,0,1,0
0,0.03634861711322478,0.17451905148657118,0.13655988961459878,0.15659063436336962,0,0,0,0
0,0.0554409308876557,0.2810529186283459,0.07431499903070728,0.37265323151672886,0,0,0,0
1,0.9484025451716771,0.7542265035339111,0.7849054919390522,0.701098738389222,1,1,1,1
0,0.04471079503855494,0.3721084652784995,0.07431499903070728,0.4568734218781583,0,0,0,0
0,0.09042071054715042,0.2648021144102136,0.13655988961459878,0.2909786896464161,0,0,0,0
0,0.7890524297270344,0.474504363947584,0.7849054919390522,0.701098738389222,1,0,1,1
0,0.9570414284331857,0.7976274843910882,0.7119238007333535,0.701098738389222,1,1,1,1
0,0.1510339533281834,0.4113669667200732,0.07431499903070728,0.37265323151672886,0,0,0,0
0,0.17544312697864575,0.43166455131067516,0.07431499903070728,0.37265323151672886,0,0,0,0
0,0.1768245121851275,0.5203584564433275,0.07431499903070728,0.3978439138821537,0,1,0,0
0,0.16127064432093796,0.4786047461223,0.07431499903070728,0.6545986309349229,0,0,0,1
0,0.1080327426578919,0.44610734719618267,0.07431499903070728,0.23888391686748214,0,0,0,0
1,0.7500936948216743,0.1892614069284716,0.8797509975750424,0.2909786896464161,1,0,1,0
0,0.10013441949885177,0.2978023460930371,0.043146073851833694,0.23888391686748214,0,0,0,0
1,0.4239597263201322,0.6519472772450715,0.5234187052694159,0.4568734218781583,0,1,1,0
0,0.09207216144652573,0.38713789684623207,0.07431499903070728,0.37265323151672886,0,0,0,0
0,0.14459038513940856,0.3834671009593712,0.043146073851833694,0.23888391686748214,0,0,0,0
0,0.09971552776771618,0.39924846622049426,0.07431499903070728,0.3978439138821537,0,0,0,0
0,0.07121707840884728,0.12662919198872893,0.07103470408429507,0.15659063436336962,0,0,0,0
0,0.17146881291199342,0.49163907110252614,0.07431499903070728,0.37265323151672886,0,0,0,0
0,0.09735559267529616,0.4298363319946434,0.07431499903070728,0.4568734218781583,0,0,0,0
0,0.15927424228487896,0.4320643854198586,0.07431499903070728,0.3978439138821537,0,0,0,0
0,0.06240353388605019,0.2884144377725553,0.07431499903070728,0.23888391686748214,0,0,0,0
1,0.5045802126196561,0.6891352303585953,0.13655988961459878,0.3978439138821537,1,1,0,0
0,0.1475947787440573,0.4029542022946251,0.5234187052694159,0.4568734218781583,0,0,1,0
0,0.007241249873302821,0.15011454280418765,0.07431499903070728,0.15659063436336962,0,0,0,0
1,0.8849308292906984,0.8277171932757631,0.5234187052694159,0.701098738389222,1,1,1,1
1,0.9258656127958254,0.666994775113756,0.7119238007333535,0.701098738389222,1,1,1,1
1,0.8106560821485544,0.7391926059740684,0.7119238007333535,0.701098738389222,1,1,1,1
0,0.6445665114997694,0.5383308070711631,0.4472301288753701,0.3978439138821537,1,1,0,0
0,0.23436611801860371,0.40812739951614113,0.5234187052694159,0.701098738389222,0,0,1,1
0,0.16161529974238098,0.43239365229787396,0.07431499903070728,0.701098738389222,0,0,0,1
0,0.09806545125113761,0.39212196781061065,0.07431499903070728,0.3978439138821537,0,0,0,0
0,0.08462153769133507,0.15279163727612838,0.07103470408429507,0.15659063436336962,0,0,0,0
0,0.01793394021201996,0.1266214375731771,0.13655988961459878,0.15659063436336962,0,0,0,0
0,0.34664974388932535,0.49018649301025385,0.13655988961459878,0.3978439138821537,0,0,0,0
1,0.4675733900171973,0.456832242103209,0.7119238007333535,0.6545986309349229,0,0,1,1
0,0.23945914224001186,0.44062513132573766,0.07431499903070728,0.701098738389222,0,0,0,1
0,0.04412495573668445,0.3150618929517345,0.07431499903070728,0.4568734218781583,0,0,0,0
0,0.5570830809765421,0.38837670845343025,0.7849054919390522,0.37265323151672886,1,0,1,0
0,0.09015886669653839,0.3824616387753197,0.07431499903070728,0.3978439138821537,0,0,0,0
0,0.17262918825669737,0.49474337363257676,0.07431499903070728,0.37265323151672886,0,0,0,0
1,0.8022685637033404,0.6406576634661942,0.7119238007333535,0.701098738389222,1,1,1,1
0,0.20526937118828867,0.49364170421724396,0.07431499903070728,0.37265323151672886,0,0,0,0
0,0.6753364176522524,0.609499406477675,0.5234187052694159,0.701098738389222,1,1,1,1
0,0.39975105976691877,0.5735664434052878,0.5234187052694159,0.701098738389222,0,1,1,1
0,0.03235509847010715,0.3276178240230432,0.07431499903070728,0.3978439138821537,0,0,0,0
0,0.0646361481355023,0.35634277272705006,0.07431499903070728,0.3978439138821537,0,0,0,0
1,0.9193879964976185,0.3484754339194774,0.9249893275964554,0.3978439138821537,1,0,1,0
0,0.6940647285474433,0.29292186537974796,0.7616858140337348,0.23888391686748214,1,0,1,0
0,0.2513643489796443,0.26669001870463616,0.07103470408429507,0.15659063436336962,0,0,0,0
0,0.1869389708662408,0.39790991529305964,0.043146073851833694,0.2909786896464161,0,0,0,0
0,0.30110181789441454,0.47819304760602566,0.07431499903070728,0.3978439138821537,0,0,0,0
0,0.21914279210049176,0.5393146671317881,0.07431499903070728,0.701098738389222,0,1,0,1
0,0.3528831894370377,0.4765069798622708,0.4472301288753701,0.3978439138821537,0,0,0,0
0,0.040173090057160174,0.2674019131269258,0.07431499903070728,0.23888391686748214,0,0,0,0
0,0.13534176522834135,0.42981473027690315,0.07431499903070728,0.37265323151672886,0,0,0,0
0,0.14106637511099776,0.45312976776258435,0.5234187052694159,0.4568734218781583,0,0,1,0
0,0.06097744142687841,0.3379283032755108,0.07431499903070728,0.37265323151672886,0,0,0,0
0,0.13296745137117558,0.3708361503474436,0.13655988961459878,0.3978439138821537,0,0,0,0
0,0.10361806171823044,0.34941768114494737,0.5234187052694159,0.4568734218781583,0,0,1,0
0,0.0862285836865852,0.18734737053320927,0.07103470408429507,0.15659063436336962,0,0,0,0
0,0.3481997287487528,0.596866969867678,0.5234187052694159,0.4568734218781583,0,1,1,0
0,0.63511537953139,0.2670284293053692,0.7616858140337348,0.15659063436336962,1,0,1,0
0,0.4186045364304379,0.4198650042203104,0.4472301288753701,0.3978439138821537,0,0,0,0
0,0.15126993607209666,0.3743398153945482,0.043146073851833694,0.23888391686748214,0,0,0,0
0,0.2598980352605338,0.4772323286774142,0.13655988961459878,0.3978439138821537,0,0,0,0
0,0.3118454879981636,0.5432701679909889,0.07431499903070728,0.3978439138821537,0,1,0,0
0,0.12696436891292553,0.45533346380730494,0.07431499903070728,0.3978439138821537,0,0,0,0
0,0.06030143429673294,0.22874491895383223,0.13655988961459878,0.23888391686748214,0,0,0,0
0,0.07273244236531534,0.23594251986170972,0.13655988961459878,0.2909786896464161,0,0,0,0
0,0.41755304331580256,0.5553847264409423,0.07431499903070728,0.3978439138821537,0,1,0,0
0,0.05970410391797922,0.15947102802158042,0.07103470408429507,0.2909786896464161,0,0,0,0
0,0.11138989931856771,0.37739863199016965,0.13655988961459878,0.3978439138821537,0,0,0,0
0,0.6880505263551877,0.5960198558505087,0.7119238007333535,0.701098738389222,1,1,1,1
0,0.23614994242938372,0.6329591669245939,0.07431499903070728,0.701098738389222,0,1,0,1
0,0.20822245785154275,0.49601050023104487,0.13655988961459878,0.3978439138821537,0,0,0,0
0,0.9265263073964546,0.9553871221529643,0.7563345524221652,0.0,1,1,1,0
0,0.11477465457025285,0.45232596660539554,0.07431499903070728,0.2909786896464161,0,0,0,0
0,0.9173106716970703,0.5324304157928506,0.8761146978001559,0.701098738389222,1,1,1,1
0,0.07419537120631038,0.3876317432154081,0.07431499903070728,0.4568734218781583,0,0,0,0
0,0.2427884428022546,0.566140195747282,0.07431499903070728,0.37265323151672886,0,1,0,0
0,0.009549057030795548,0.08988760172474558,0.07431499903070728,0.23888391686748214,0,0,0,0
0,0.14471735015395196,0.36962423068808353,0.5234187052694159,0.4568734218781583,0,0,1,0
0,0.12800286612438633,0.4337100208652286,0.07431499903070728,0.37265323151672886,0,0,0,0
0,0.08923968335370182,0.16292768104071406,0.07103470408429507,0.15659063436336962,0,0,0,0
0,0.02685981497529536,0.18883729855478143,0.07431499903070728,0.23888391686748214,0,0,0,0
0,0.007722717606062555,0.11000938748920995,0.07431499903070728,0.15659063436336962,0,0,0,0
0,0.07355051581839489,0.43306363493786015,0.07431499903070728,0.3978439138821537,0,0,0,0
0,0.06107935532276825,0.22692887699999004,0.13655988961459878,0.15659063436336962,0,0,0,0
0,0.07074142923791576,0.33230710687792353,0.07431499903070728,0.3978439138821537,0,0,0,0
0,0.19125834711090445,0.5127790699494975,0.07431499903070728,0.37265323151672886,0,1,0,0
0,0.1777365399372341,0.4453321226779966,0.043146073851833694,0.2909786896464161,0,0,0,0
1,0.975177876914934,0.9485037216421051,0.9602234262685618,0.9479097084107246,1,1,1,1
0,0.2849660709774837,0.4835653453133697,0.13655988961459878,0.3978439138821537,0,0,0,0
0,0.02589052885187769,0.1674760666075063,0.13655988961459878,0.15659063436336962,0,0,0,0
0,0.20765924321175636,0.4875593779987658,0.5234187052694159,0.37265323151672886,0,0,1,0
0,0.2027064183750717,0.3443541983108045,0.13655988961459878,0.2909786896464161,0,0,0,0
0,0.04640390787575329,0.3124871058648878,0.07431499903070728,0.23888391686748214,0,0,0,0
0,0.08104276271104804,0.4125756842564409,0.07431499903070728,0.3978439138821537,0,0,0,0
0,0.13083404394206366,0.36982122900705644,0.13655988961459878,0.3978439138821537,0,0,0,0
0,0.15806966960905292,0.23068067820170066,0.07103470408429507,0.2909786896464161,0,0,0,0
0,0.002987072147758098,0.12324061212440533,0.07431499903070728,0.2909786896464161,0,0,0,0
0,0.17078009821387494,0.342470594971363,0.5234187052694159,0.37265323151672886,0,0,1,0
0,0.40966160796826684,0.6227552265970855,0.5234187052694159,0.6545986309349229,0,1,1,1
0,0.5537114911744295,0.662344569559459,0.07431499903070728,0.3978439138821537,1,1,0,0
0,0.21847366848499433,0.3424076635977282,0.13655988961459878,0.3978439138821537,0,0,0,0
1,0.8614394806722128,0.9257406362353247,0.9369658288621653,0.9479097084107246,1,1,1,1
0,0.6450390483507227,0.5143707581678517,0.4472301288753701,0.3978439138821537,1,1,0,0
0,0.13171251824783584,0.3581874694773176,0.13655988961459878,0.3978439138821537,0,0,0,0
0,0.004905243055244394,0.07836812847519103,0.13655988961459878,0.15659063436336962,0,0,0,0
0,0.533000041558712,0.5865010752896607,0.4472301288753701,0.3978439138821537,1,1,0,0
1,0.670916542995179,0.4472000348585617,0.7849054919390522,0.8919618540568964,1,0,1,1
0,0.5730432796318415,0.37743640828975944,0.7849054919390522,0.3978439138821537,1,0,1,0
0,0.22906640879775877,0.3885024149650244,0.13655988961459878,0.3978439138821537,0,0,0,0
0,0.12141669254924663,0.39462935446886993,0.07431499903070728,0.3978439138821537,0,0,0,0
0,0.04862327201084439,0.3399017117289518,0.07431499903070728,0.3978439138821537,0,0,0,0
0,0.13482074361869661,0.31545804081859247,0.5234187052694159,0.37265323151672886,0,0,1,0
0,0.15108245966100023,0.567994936177442,0.07431499903070728,0.4568734218781583,0,1,0,0
0,0.04542234440309179,0.34346387276566,0.07431499903070728,0.3978439138821537,0,0,0,0
0,0.6997434466443974,0.7752394832662087,0.7563345524221652,0.9269601406234662,1,1,1,1
0,0.17968095202688084,0.4323901339832833,0.13655988961459878,0.3978439138821537,0,0,0,0
0,0.05673956327704668,0.3797476178127785,0.07431499903070728,0.3978439138821537,0,0,0,0
0,0.008939779888906332,0.12771086964671297,0.07431499903070728,0.15659063436336962,0,0,0,0
0,0.0836497042103882,0.2333971507944851,0.13655988961459878,0.2909786896464161,0,0,0,0
0,0.11302154622146482,0.3672176009413721,0.07431499903070728,0.23888391686748214,0,0,0,0
0,0.12127007584469326,0.3281058646883283,0.07431499903070728,0.3978439138821537,0,0,0,0
0,0.47084961451951524,0.7576536355173307,0.07431499903070728,0.701098738389222,0,1,0,1
0,0.08567013531325339,0.3652174463320045,0.5234187052694159,0.4568734218781583,0,0,1,0
0,0.0472156697003058,0.33328942564887926,0.5234187052694159,0.4568734218781583,0,0,1,0
0,0.07543885854584033,0.283406022474155,0.13655988961459878,0.3978439138821537,0,0,0,0
0,0.46497088090591554,0.32007448204892797,0.33476237395442404,0.23888391686748214,0,0,0,0
0,0.1414642631299183,0.42797549542106406,0.07431499903070728,0.701098738389222,0,0,0,1
0,0.12723506535654236,0.26196021876275555,0.07103470408429507,0.2909786896464161,0,0,0,0
0,0.11547359695564287,0.31936141917714583,0.043146073851833694,0.23888391686748214,0,0,0,0
0,0.9886763682563083,0.9457321915182957,0.966188612902029,0.9479097084107246,1,1,1,1
0,0.573349760273887,0.7023212529297208,0.07431499903070728,0.701098738389222,1,1,0,1
0,0.20817152339479864,0.30129250635742316,0.043146073851833694,0.23888391686748214,0,0,0,0
0,0.013907693010633675,0.13914089024884496,0.07431499903070728,0.15659063436336962,0,0,0,0
0,0.03854985783314718,0.2570688629197075,0.07431499903070728,0.47969074013403357,0,0,0,0
0,0.0726556589841293,0.3326103332541735,0.5234187052694159,0.37265323151672886,0,0,1,0
0,0.06486424229258878,0.2413326167004635,0.13655988961459878,0.2909786896464161,0,0,0,0
0,0.026984848197204304,0.17138949812293622,0.07431499903070728,0.15659063436336962,0,0,0,0
0,0.03510125086591987,0.3491897919519607,0.07431499903070728,0.4568734218781583,0,0,0,0
0,0.2872718003183314,0.4778762131595127,0.5234187052694159,0.37265323151672886,0,0,1,0
1,0.9936297180151129,0.9701022352037953,0.9602234262685618,0.9479097084107246,1,1,1,1
0,0.12422842583829508,0.5253766769250056,0.07431499903070728,0.4568734218781583,0,1,0,0
0,0.7486062196578137,0.22502459746284995,0.7616858140337348,0.2909786896464161,1,0,1,0
0,0.21570701396457087,0.4652762701231504,0.5234187052694159,0.37265323151672886,0,0,1,0
0,0.05071156452909177,0.16465645713951604,0.07103470408429507,0.15659063436336962,0,0,0,0
1,0.9361016574255662,0.9505547954165922,0.9369658288621653,0.9479097084107246,1,1,1,1
0,0.5557027045469571,0.7400642422279968,0.8973324495563872,0.3978439138821537,1,1,1,0
0,0.31959869151501247,0.1950064619526293,0.33476237395442404,0.15659063436336962,0,0,0,0
0,0.17768692213125306,0.36276500777290704,0.043146073851833694,0.2909786896464161,0,0,0,0
0,0.06223752672576324,0.28994961538906605,0.07431499903070728,0.23888391686748214,0,0,0,0
0,0.39849064281938246,0.45635339653257956,0.13655988961459878,0.3978439138821537,0,0,0,0
0,0.16125801061937084,0.4037090659900348,0.07431499903070728,0.3978439138821537,0,0,0,0
0,0.13167330398795846,0.34193387062341285,0.13655988961459878,0.3978439138821537,0,0,0,0
0,0.6405301310560234,0.6479500063668081,0.5234187052694159,0.701098738389222,1,1,1,1
0,0.41934741829029787,0.3560336355060204,0.07103470408429507,0.2909786896464161,0,0,0,0
0,0.407024888177608,0.6798244920230089,0.07431499903070728,0.701098738389222,0,1,0,1
1,0.9754039426106983,0.961247363017136,0.9369658288621653,0.9479097084107246,1,1,1,1
0,0.0873509779340387,0.44545656290758173,0.07431499903070728,0.37265323151672886,0,0,0,0
0,0.04828058994977126,0.28589133371327025,0.07431499903070728,0.2909786896464161,0,0,0,0
0,0.17409270227395204,0.3730952960422235,0.13655988961459878,0.3978439138821537,0,0,0,0
0,0.17203287927566938,0.4725169779172135,0.07431499903070728,0.37265323151672886,0,0,0,0
0,0.09665265018152482,0.40896586148941727,0.07431499903070728,0.3978439138821537,0,0,0,0
0,0.3900781738289079,0.35138286255842355,0.4472301288753701,0.3978439138821537,0,0,0,0
0,0.14723138011478668,0.236247603775296,0.4472301288753701,0.3978439138821537,0,0,0,0
0,0.04669267844291646,0.2135073838870619,0.13655988961459878,0.15659063436336962,0,0,0,0
0,0.024334705999499308,0.15717196823164525,0.13655988961459878,0.15659063436336962,0,0,0,0
0,0.013882651154839207,0.2115136458857096,0.07431499903070728,0.23888391686748214,0,0,0,0
0,0.11610544522590553,0.28298772650538534,0.7119238007333535,0.4568734218781583,0,0,1,0
0,0.24228691126318735,0.5098373078915485,0.07431499903070728,0.3978439138821537,0,1,0,0
1,0.6808577710284655,0.6418939787265044,0.7119238007333535,0.701098738389222,1,1,1,1
0,0.18127617443078253,0.44043985107270883,0.07431499903070728,0.3978439138821537,0,0,0,0
0,0.14004851929663237,0.5301213102199733,0.07431499903070728,0.4568734218781583,0,1,0,0
0,0.7166849764327283,0.7417981740402542,0.7119238007333535,0.701098738389222,1,1,1,1
0,0.9339484752765481,0.5568471689108171,0.8761146978001559,0.701098738389222,1,1,1,1
0,0.7369108170104599,0.5096499217755041,0.7119238007333535,0.701098738389222,1,1,1,1
0,0.6987088707700901,0.502340377220737,0.7849054919390522,0.701098738389222,1,1,1,1
0,0.07695347675177631,0.416135439632698,0.07431499903070728,0.3978439138821537,0,0,0,0
0,0.49402016287247563,0.3827749436509785,0.7119238007333535,0.701098738389222,0,0,1,1
0,0.06922098602964448,0.4218343411809431,0.07431499903070728,0.3978439138821537,0,0,0,0
0,0.052810424176024696,0.2628673779038907,0.043146073851833694,0.2909786896464161,0,0,0,0
0,0.0356725334873359,0.15694191820300193,0.13655988961459878,0.2909786896464161,0,0,0,0
0,0.5866788926734615,0.3749389388163209,0.8761146978001559,0.4568734218781583,1,0,1,0
0,0.1024265787999976,0.2653534948872878,0.07103470408429507,0.23888391686748214,0,0,0,0
0,0.13205701819078322,0.44617224398038463,0.07431499903070728,0.2909786896464161,0,0,0,0
0,0.035368989512402534,0.16140744669560134,0.043146073851833694,0.2909786896464161,0,0,0,0
0,0.20788832003432464,0.4978407336466574,0.07431499903070728,0.37265323151672886,0,0,0,0
1,0.7273630844333738,0.7461166709678437,0.5234187052694159,0.701098738389222,1,1,1,1
1,0.9893500253063049,0.5603301250973507,0.9249893275964554,0.37265323151672886,1,1,1,0
0,0.6302982389596745,0.7096629320733555,0.5234187052694159,0.701098738389222,1,1,1,1
0,0.05595278342130021,0.1307056665591314,0.07103470408429507,0.15659063436336962,0,0,0,0
0,0.3059922303730342,0.41530074444973086,0.13655988961459878,0.3978439138821537,0,0,0,0
0,0.02144807352872188,0.20615479858823763,0.07431499903070728,0.15659063436336962,0,0,0,0
0,0.27371463588342076,0.4862523402933994,0.5234187052694159,0.37265323151672886,0,0,1,0
0,0.054988942388850555,0.3493847209785897,0.07431499903070728,0.2909786896464161,0,0,0,0
0,0.057794938633471134,0.19341896185966861,0.13655988961459878,0.15659063436336962,0,0,0,0
1,0.8835074805507573,0.4364629184201182,0.8761146978001559,0.3978439138821537,1,0,1,0
1,0.03495487168971838,0.18002128347515134,0.13655988961459878,0.15659063436336962,0,0,0,0
0,0.1375297143444768,0.24963186636718576,0.4472301288753701,0.3978439138821537,0,0,0,0
0,0.10117504712832488,0.4337740089400854,0.07431499903070728,0.2909786896464161,0,0,0,0
0,0.027212899548235945,0.16954479418628415,0.07431499903070728,0.15659063436336962,0,0,0,0
0,0.02860883198746201,0.1842929451644021,0.07431499903070728,0.15659063436336962,0,0,0,0
0,0.055874168611216524,0.23983601918440284,0.13655988961459878,0.2909786896464161,0,0,0,0
1,0.994239012148074,0.744770012751793,0.9249893275964554,0.701098738389222,1,1,1,1
0,0.061289373971994236,0.18527273553354842,0.07103470408429507,0.15659063436336962,0,0,0,0
0,0.15645604461144522,0.3814714878418381,0.13655988961459878,0.3978439138821537,0,0,0,0
0,0.03405285241440044,0.24552812157739182,0.07431499903070728,0.3978439138821537,0,0,0,0
1,0.9779447268653995,0.97238379150878,0.9369658288621653,0.9479097084107246,1,1,1,1
0,0.35973012046270075,0.5851255164466869,0.07431499903070728,0.3978439138821537,0,1,0,0
0,0.39731330537857107,0.517359851254174,0.7119238007333535,0.37265323151672886,0,1,1,0
0,0.7949217753616629,0.8398264196874606,0.186156446724178,0.701098738389222,1,1,0,1
0,0.8422924446918955,0.7356902101298198,0.7119238007333535,0.701098738389222,1,1,1,1
1,0.8040993714025102,0.37431117449488244,0.7849054919390522,0.3978439138821537,1,0,1,0
0,0.049750788043350265,0.3389174556786928,0.07431499903070728,0.15659063436336962,0,0,0,0
0,0.4269357721309473,0.6372750006043084,0.07431499903070728,0.3978439138821537,0,1,0,0
0,0.8855588283273754,0.28752973710347096,0.9249893275964554,0.3978439138821537,1,0,1,0
0,0.03414221405929907,0.33245882744329514,0.4986819481082508,0.0,0,0,0,0
1,0.9444514802633844,0.5920034233689787,0.8761146978001559,0.3978439138821537,1,1,1,0
0,0.023563356916560578,0.16076120637901217,0.07431499903070728,0.15659063436336962,0,0,0,0
0,0.13390880754672804,0.393578917899136,0.043146073851833694,0.23888391686748214,0,0,0,0
0,0.17162819418003689,0.42111880104204386,0.5234187052694159,0.37265323151672886,0,0,1,0
0,0.368448203538064,0.5868800983260625,0.07431499903070728,0.3978439138821537,0,1,0,0
0,0.07734154248562657,0.3214753268275557,0.07431499903070728,0.3978439138821537,0,0,0,0
1,0.9828784566945933,0.28387130179561065,0.9249893275964554,0.4568734218781583,1,0,1,0
0,0.39537500525332214,0.6278898490277346,0.13655988961459878,0.3978439138821537,0,1,0,0
0,0.12594142658297866,0.47279272475163964,0.07431499903070728,0.4568734218781583,0,0,0,0
0,0.2663892135220626,0.426997442731196,0.7119238007333535,0.4568734218781583,0,0,1,0
0,0.029879973898878174,0.2441501434522362,0.07431499903070728,0.15659063436336962,0,0,0,0
0,0.03259617253305618,0.2171824016595228,0.07431499903070728,0.15659063436336962,0,0,0,0
0,0.7923642987092949,0.8017893050219412,0.9369658288621653,0.7155948913287025,1,1,1,1
0,0.04479177783473298,0.1893934846182383,0.13655988961459878,0.2909786896464161,0,0,0,0
0,0.1653193142650247,0.4225841035619001,0.07431499903070728,0.37265323151672886,0,0,0,0
0,0.3807525651822831,0.5316793218743944,0.7119238007333535,0.4568734218781583,0,1,1,0
0,0.3042295888868428,0.4236172744707306,0.4472301288753701,0.3978439138821537,0,0,0,0
0,0.037893681055911274,0.1719283228081712,0.13655988961459878,0.15659063436336962,0,0,0,0
1,0.99869530929569,0.30005432144543753,0.9249893275964554,0.3978439138821537,1,0,1,0
0,0.07030293106039354,0.3047095556682099,0.5234187052694159,0.37265323151672886,0,0,1,0
0,0.25626570542512045,0.4210938328611336,0.5234187052694159,0.37265323151672886,0,0,1,0
1,0.9899097940553152,0.3627907573110667,0.9249893275964554,0.3978439138821537,1,0,1,0
0,0.022678541113536968,0.17449712372483833,0.07431499903070728,0.15659063436336962,0,0,0,0
1,0.9659117815839253,0.2832734902092096,0.9249893275964554,0.4568734218781583,1,0,1,0
1,0.9704260843245741,0.9620564764879016,0.9369658288621653,0.9269601406234662,1,1,1,1
0,0.13673165373681875,0.4329972081966012,0.07431499903070728,0.37265323151672886,0,0,0,0
0,0.16912920376597462,0.31933425888357353,0.13655988961459878,0.3978439138821537,0,0,0,0
0,0.08197945662697911,0.34265349346688645,0.07431499903070728,0.2909786896464161,0,0,0,0
1,0.9483034663690457,0.8606730594699898,0.7119238007333535,0.701098738389222,1,1,1,1
0,0.6840734653592705,0.8056340671691982,0.9369658288621653,0.9269601406234662,1,1,1,1
0,0.2540704924853566,0.5893109668569193,0.07431499903070728,0.701098738389222,0,1,0,1
0,0.07380221421605507,0.4077318024547546,0.07431499903070728,0.23888391686748214,0,0,0,0
0,0.4901432003556669,0.6546321995400856,0.07431499903070728,0.701098738389222,0,1,0,1
0,0.08861943622607318,0.26570697408210897,0.13655988961459878,0.2909786896464161,0,0,0,0
0,0.1861584551376769,0.2781159808838313,0.07103470408429507,0.2909786896464161,0,0,0,0
0,0.6453186839183854,0.36381875309629547,0.8761146978001559,0.3978439138821537,1,0,1,0
1,0.9885911604459553,0.45313674212889543,0.9249893275964554,0.3978439138821537,1,0,1,0
0,0.4468410928888222,0.31052861364936096,0.7119238007333535,0.701098738389222,0,0,1,1
0,0.6850525186429605,0.6169000108468116,0.7119238007333535,0.701098738389222,1,1,1,1
0,0.5290171885253695,0.43683221454333754,0.4472301288753701,0.3978439138821537,1,0,0,0
0,0.09585170711105803,0.35019337804116685,0.07431499903070728,0.47969074013403357,0,0,0,0
0,0.11911803180739516,0.5001744294758075,0.07431499903070728,0.2909786896464161,0,1,0,0
0,0.08279705116137136,0.2925893798497914,0.13655988961459878,0.2909786896464161,0,0,0,0
0,0.3016791555035269,0.3249347392403127,0.4472301288753701,0.3978439138821537,0,0,0,0
0,0.10568624735432067,0.4523686396985799,0.07431499903070728,0.3978439138821537,0,0,0,0
0,0.6303511659368966,0.7753695081863341,0.5234187052694159,0.701098738389222,1,1,1,1
0,0.9957123810108821,0.9538565838149736,0.966188612902029,0.9479097084107246,1,1,1,1
0,0.02720845758727495,0.19501784379004816,0.07431499903070728,0.2909786896464161,0,0,0,0
0,0.12224629866688853,0.2504880930711022,0.4472301288753701,0.3978439138821537,0,0,0,0
0,0.20696278879170776,0.4158126012578876,0.5234187052694159,0.37265323151672886,0,0,1,0
0,0.021880966205627652,0.17806834366419041,0.07431499903070728,0.15659063436336962,0,0,0,0
0,0.7674209524663324,0.7290319871644748,0.4472301288753701,0.3978439138821537,1,1,0,0
1,0.9378770313299852,0.42521698980687406,0.9249893275964554,0.3978439138821537,1,0,1,0
0,0.10200637021372959,0.11452897730304515,0.2843241992058826,0.2909786896464161,0,0,0,0
0,0.28974606093795785,0.4278995428953176,0.5234187052694159,0.701098738389222,0,0,1,1
0,0.12120479544753393,0.4537169681642788,0.07431499903070728,0.2909786896464161,0,0,0,0
0,0.9320866637290418,0.9315510712150403,0.7563345524221652,0.9479097084107246,1,1,1,1
0,0.023074114109333285,0.19722966115760662,0.13655988961459878,0.15659063436336962,0,0,0,0
0,0.10747301657535833,0.45283515895316195,0.07431499903070728,0.3978439138821537,0,0,0,0
0,0.44400411538130635,0.6853069490658232,0.07431499903070728,0.3978439138821537,0,1,0,0
1,0.2865628707082507,0.18664240355860248,0.2843241992058826,0.15659063436336962,0,0,0,0
0,0.17915964797315223,0.5798966637778106,0.07431499903070728,0.4568734218781583,0,1,0,0
0,0.12623690490753645,0.4123132942999041,0.13655988961459878,0.3978439138821537,0,0,0,0
0,0.11557298277932414,0.3576691777486248,0.043146073851833694,0.23888391686748214,0,0,0,0
0,0.022082690210269984,0.2583409093549216,0.07431499903070728,0.37265323151672886,0,0,0,0
0,0.30242577192429476,0.37949193265624764,0.4472301288753701,0.3978439138821537,0,0,0,0
0,0.9687083564715849,0.844252226222385,0.7849054919390522,0.701098738389222,1,1,1,1
0,0.023341028452689042,0.12296257819635095,0.13655988961459878,0.15659063436336962,0,0,0,0
0,0.2344784441837181,0.2994607175870527,0.07103470408429507,0.2909786896464161,0,0,0,0
1,0.9996019795039888,0.9249295996697421,0.9249893275964554,0.9479097084107246,1,1,1,1
0,0.06499191040994252,0.19017009808653823,0.13655988961459878,0.15659063436336962,0,0,0,0
0,0.04955949859348272,0.24083942605837258,0.13655988961459878,0.3978439138821537,0,0,0,0
0,0.11356440462318237,0.14746553528416476,0.07103470408429507,0.15659063436336962,0,0,0,0
0,0.36009707331133534,0.6801069873614667,0.07431499903070728,0.701098738389222,0,1,0,1
0,0.6839754511659939,0.5848686456324834,0.7119238007333535,0.701098738389222,1,1,1,1
1,0.7165705534090361,0.525545685513591,0.7119238007333535,0.701098738389222,1,1,1,1
0,0.010523712872773028,0.1824616968464513,0.07431499903070728,0.15659063436336962,0,0,0,0
0,0.18694672169040955,0.45142784383994766,0.07431499903070728,0.701098738389222,0,0,0,1
1,0.2527863434666231,0.34854269182005576,0.4472301288753701,0.3978439138821537,0,0,0,0
1,0.9794157010031177,0.8628177052463496,0.7119238007333535,0.701098738389222,1,1,1,1
1,0.8991872338200024,0.44500755605238923,0.9249893275964554,0.3978439138821537,1,0,1,0
0,0.05444827477702981,0.23489803894049363,0.13655988961459878,0.3978439138821537,0,0,0,0
1,0.9461133334709262,0.9287696667547368,0.9369658288621653,0.9479097084107246,1,1,1,1
0,0.2661429363852563,0.43514941675157,0.13655988961459878,0.3978439138821537,0,0,0,0
0,0.06543014225904298,0.2612543091631363,0.13655988961459878,0.2909786896464161,0,0,0,0
0,0.031174040756621956,0.19306595674413563,0.07431499903070728,0.2909786896464161,0,0,0,0
0,0.02375463432715575,0.23343173171855458,0.07431499903070728,0.2909786896464161,0,0,0,0
0,0.373364404423927,0.5237035345388519,0.13655988961459878,0.3978439138821537,0,1,0,0
0,0.16546500382089535,0.5149500130283967,0.07431499903070728,0.2909786896464161,0,1,0,0
0,0.035653404044200115,0.2987880276855552,0.13655988961459878,0.3978439138821537,0,0,0,0
0,0.2573860831660533,0.4772970139361627,0.07431499903070728,0.3978439138821537,0,0,0,0
0,0.18882635644271614,0.39664474966239327,0.5234187052694159,0.701098738389222,0,0,1,1
0,0.13333572205841768,0.5126007911751926,0.5234187052694159,0.4568734218781583,0,1,1,0
0,0.971340939978179,0.7915025370800544,0.7849054919390522,0.701098738389222,1,1,1,1
0,0.04597311798123219,0.23690964225358443,0.13655988961459878,0.3978439138821537,0,0,0,0
0,0.9483840611741876,0.36081510312001736,0.9249893275964554,0.701098738389222,1,0,1,1
0,0.051304161474557346,0.2054350270777348,0.043146073851833694,0.23888391686748214,0,0,0,0
0,0.2713600034045279,0.46957237589697914,0.13655988961459878,0.3978439138821537,0,0,0,0
1,0.9945360787428318,0.9479615819166167,0.966188612902029,0.9479097084107246,1,1,1,1
0,0.010449073687227105,0.12922074011435575,0.07431499903070728,0.2909786896464161,0,0,0,0
0,0.08825147459332215,0.45473798632021517,0.07431499903070728,0.3978439138821537,0,0,0,0
0,0.07743950165919958,0.3086657127767678,0.13655988961459878,0.3978439138821537,0,0,0,0
0,0.11879937125737765,0.35200525053076576,0.07431499903070728,0.37265323151672886,0,0,0,0
0,0.382185188778567,0.5582870386674781,0.5234187052694159,0.701098738389222,0,1,1,1
0,0.04740414177475325,0.3895552374969315,0.07431499903070728,0.3978439138821537,0,0,0,0
0,0.1618409981483301,0.4305795110618332,0.13655988961459878,0.3978439138821537,0,0,0,0
0,0.16696233332747135,0.328986996447522,0.13655988961459878,0.3978439138821537,0,0,0,0
0,0.055528923614555116,0.3543889593142099,0.07431499903070728,0.3978439138821537,0,0,0,0
0,0.036501821104985295,0.20888131372348165,0.13655988961459878,0.2909786896464161,0,0,0,0
0,0.20200638834223755,0.42748368245313867,0.07431499903070728,0.701098738389222,0,0,0,1
0,0.24790811145841152,0.5403805415871943,0.07431499903070728,0.6545986309349229,0,1,0,1
0,0.11261160694212097,0.24920590767344564,0.07103470408429507,0.15659063436336962,0,0,0,0
0,0.026939443999580315,0.17382141390648875,0.13655988961459878,0.15659063436336962,0,0,0,0
0,0.20472068812207075,0.5130774377445483,0.07431499903070728,0.3978439138821537,0,1,0,0
0,0.03924536123404216,0.2615988297949479,0.07431499903070728,0.3978439138821537,0,0,0,0
0,0.007330429498567804,0.11653670290056141,0.07431499903070728,0.15659063436336962,0,0,0,0
0,0.06326842497222436,0.1991015496112512,0.13655988961459878,0.2909786896464161,0,0,0,0
0,0.0168915208496241,0.20840503727006154,0.07431499903070728,0.23888391686748214,0,0,0,0
0,0.3348693204809704,0.6152071312271586,0.07431499903070728,0.701098738389222,0,1,0,1
0,0.25993529203905746,0.5020408264805997,0.07431499903070728,0.3978439138821537,0,1,0,0
0,0.39646241023713846,0.5575758376585624,0.5234187052694159,0.701098738389222,0,1,1,1
0,0.027090711945469026,0.24653353814045278,0.07431499903070728,0.2909786896464161,0,0,0,0
0,0.17908427504820248,0.5602620783165785,0.4986819481082508,0.2909786896464161,0,1,0,0
0,0.2703039136647542,0.6728903448129117,0.07431499903070728,0.701098738389222,0,1,0,1
0,0.22079652739882025,0.5941298119535114,0.07431499903070728,0.37265323151672886,0,1,0,0
0,0.09863768442175672,0.39725923128526053,0.07431499903070728,0.3978439138821537,0,0,0,0
0,0.055213413219837075,0.22798591996011713,0.13655988961459878,0.2909786896464161,0,0,0,0
0,0.23837494525695505,0.39213860730961553,0.4472301288753701,0.3978439138821537,0,0,0,0
0,0.045772890094734064,0.16749159589449517,0.07103470408429507,0.15659063436336962,0,0,0,0
0,0.029058680072076844,0.17667566930224465,0.13655988961459878,0.23888391686748214,0,0,0,0
0,0.02447052647045982,0.10405812123116219,0.07103470408429507,0.47969074013403357,0,0,0,0
0,0.021804757272289116,0.21871918734243043,0.13655988961459878,0.3978439138821537,0,0,0,0
0,0.5610142018276254,0.49002980295411686,0.4472301288753701,0.3978439138821537,1,0,0,0
0,0.6269325579526,0.403843389202451,0.7849054919390522,0.3978439138821537,1,0,1,0
1,0.9898122941382853,0.8699370268443611,0.966188612902029,0.9479097084107246,1,1,1,1
0,0.07080249375783491,0.2048131064977349,0.07103470408429507,0.15659063436336962,0,0,0,0
0,0.2499063008041883,0.4922138217327008,0.5234187052694159,0.37265323151672886,0,0,1,0
1,0.6174441223525485,0.40635328436827167,0.7849054919390522,0.4568734218781583,1,0,1,0
0,0.2077083051441276,0.5784692990209548,0.07431499903070728,0.3978439138821537,0,1,0,0
0,0.13096027157968354,0.3712764921036175,0.7119238007333535,0.4568734218781583,0,0,1,0
0,0.08534410585548126,0.4328562570167002,0.07431499903070728,0.23888391686748214,0,0,0,0
0,0.12195228005615716,0.3586296798443399,0.13655988961459878,0.3978439138821537,0,0,0,0
1,0.9422076402586429,0.8701604127989531,0.9602234262685618,0.9269601406234662,1,1,1,1
0,0.05189715172741831,0.22893612427376897,0.13655988961459878,0.15659063436336962,0,0,0,0
0,0.36680554269154986,0.6687871283237313,0.07431499903070728,0.701098738389222,0,1,0,1
0,0.6694409827697447,0.842940119406655,0.07431499903070728,0.701098738389222,1,1,0,1
0,0.11179449729002651,0.5213322481854741,0.07431499903070728,0.4568734218781583,0,1,0,0
0,0.6290445579926899,0.8130653733075212,0.07431499903070728,0.701098738389222,1,1,0,1
0,0.1586432363599893,0.4994951012169025,0.07431499903070728,0.3978439138821537,0,0,0,0
1,0.999095836487083,0.8602568285759233,0.9249893275964554,0.701098738389222,1,1,1,1
1,0.8460211821212505,0.5715038217970974,0.7849054919390522,0.3978439138821537,1,1,1,0
0,0.23771821267293033,0.26420083862968274,0.07103470408429507,0.23888391686748214,0,0,0,0
0,0.21978842157771472,0.5431625791282098,0.07431499903070728,0.3978439138821537,0,1,0,0
0,0.03666267769647366,0.23015768481434226,0.07431499903070728,0.15659063436336962,0,0,0,0
1,0.5171544386468521,0.27421872228539096,0.8761146978001559,0.3978439138821537,1,0,1,0
0,0.5843354874623596,0.6600083070781682,0.5234187052694159,0.701098738389222,1,1,1,1
0,0.2884221404072261,0.5327782713253134,0.07431499903070728,0.701098738389222,0,1,0,1
0,0.12844523282332995,0.3020575564414985,0.07103470408429507,0.2909786896464161,0,0,0,0
0,0.1939128790719154,0.40133794380677384,0.4472301288753701,0.3978439138821537,0,0,0,0
0,0.3802891616064539,0.4051096718038133,0.7119238007333535,0.37265323151672886,0,0,1,0
0,0.22521662625411598,0.5340764628822477,0.5234187052694159,0.4568734218781583,0,1,1,0
0,0.45616163664302367,0.6224670118842827,0.07431499903070728,0.701098738389222,0,1,0,1
0,0.07370072008536026,0.3569076116959101,0.07431499903070728,0.37265323151672886,0,0,0,0
0,0.026949999227622114,0.2156786154977333,0.07431499903070728,0.2909786896464161,0,0,0,0
0,0.6274345536497208,0.7604072283569016,0.07431499903070728,0.701098738389222,1,1,0,1
0,0.12026201302312928,0.35009362300186614,0.043146073851833694,0.23888391686748214,0,0,0,0
1,0.9999829521428694,0.9193342413315965,0.9249893275964554,0.9479097084107246,1,1,1,1
0,0.16272804899929377,0.3205219158790351,0.043146073851833694,0.2909786896464161,0,0,0,0
0,0.32024535138927296,0.4626502020571498,0.4472301288753701,0.3978439138821537,0,0,0,0
0,0.2962764316530806,0.3963622330144849,0.4472301288753701,0.3978439138821537,0,0,0,0
0,0.04034980270619984,0.1989594559906055,0.07431499903070728,0.2909786896464161,0,0,0,0
0,0.425541867913823,0.3775196894473588,0.7119238007333535,0.4568734218781583,0,0,1,0
0,0.007176645008348167,0.2067241100013488,0.07431499903070728,0.37265323151672886,0,0,0,0
0,0.038282424342303945,0.19814883389602045,0.13655988961459878,0.15659063436336962,0,0,0,0
0,0.22592276640900194,0.40547994940770243,0.5234187052694159,0.37265323151672886,0,0,1,0
0,0.3145170926722208,0.43571904007541074,0.4472301288753701,0.3978439138821537,0,0,0,0
0,0.10090522289946004,0.21992364289630847,0.07103470408429507,0.2909786896464161,0,0,0,0
0,0.08460797586908406,0.3354400622458064,0.07431499903070728,0.3978439138821537,0,0,0,0
0,0.17996929010186377,0.4079711717403291,0.4472301288753701,0.3978439138821537,0,0,0,0
0,0.24151099065659584,0.4084951794483527,0.5234187052694159,0.701098738389222,0,0,1,1
0,0.0800474070785912,0.33673483917808483,0.043146073851833694,0.23888391686748214,0,0,0,0
0,0.07137324467757342,0.22349934630203327,0.07103470408429507,0.2909786896464161,0,0,0,0
1,0.9292715287854482,0.42362667419897443,0.9249893275964554,0.4568734218781583,1,0,1,0
0,0.5736098116518014,0.44735973187984035,0.4472301288753701,0.3978439138821537,1,0,0,0
0,0.23260026927975114,0.39563541092127863,0.4472301288753701,0.3978439138821537,0,0,0,0
1,0.8472438879771629,0.3594525064724659,0.9249893275964554,0.3978439138821537,1,0,1,0
1,0.6534747840803832,0.15973220816497538,0.8797509975750424,0.15659063436336962,1,0,1,0
0,0.1619225273078452,0.4821890519493781,0.07431499903070728,0.37265323151672886,0,0,0,0
1,0.8995000292284161,0.7871771906410198,0.7119238007333535,0.701098738389222,1,1,1,1
0,0.14266661143445045,0.4625430721198253,0.07431499903070728,0.3978439138821537,0,0,0,0
0,0.2144305610971531,0.6215694885804919,0.07431499903070728,0.4568734218781583,0,1,0,0
0,0.10888630351090388,0.3406110144082322,0.7119238007333535,0.4568734218781583,0,0,1,0
0,0.20522311236847213,0.3295004668775303,0.13655988961459878,0.3978439138821537,0,0,0,0
0,0.7957525135031619,0.5693598601148622,0.7849054919390522,0.3978439138821537,1,1,1,0
1,0.9431100897937276,0.7958680701071287,0.7119238007333535,0.701098738389222,1,1,1,1
0,0.14480667020177054,0.2952308668333403,0.13655988961459878,0.2909786896464161,0,0,0,0
1,0.6611381825856354,0.383899982935264,0.624061140007934,0.2909786896464161,1,0,1,0
0,0.1791884620469089,0.5010229348106263,0.07431499903070728,0.3978439138821537,0,1,0,0
0,0.062498849605112844,0.37887632536103155,0.07431499903070728,0.4568734218781583,0,0,0,0
1,0.5593203797365323,0.5029638823175265,0.7119238007333535,0.4568734218781583,1,1,1,0
1,0.8017397803417461,0.7599117123190066,0.5234187052694159,0.701098738389222,1,1,1,1
0,0.893472611348168,0.9340010596612445,0.7563345524221652,0.9479097084107246,1,1,1,1
0,0.03925093574972511,0.24123187774065805,0.07431499903070728,0.23888391686748214,0,0,0,0
1,0.21900267183032487,0.3784048736351819,0.5234187052694159,0.701098738389222,0,0,1,1
0,0.345251260898544,0.3509228917995721,0.4472301288753701,0.3978439138821537,0,0,0,0
0,0.12220887132835902,0.41806260144419044,0.07431499903070728,0.37265323151672886,0,0,0,0
0,0.33034365670954446,0.5882666214731348,0.5234187052694159,0.701098738389222,0,1,1,1
0,0.06892648004702384,0.1919344848195273,0.07103470408429507,0.15659063436336962,0,0,0,0
0,0.11014294089904682,0.36485960910420207,0.07431499903070728,0.3978439138821537,0,0,0,0
0,0.04063637255491293,0.34039498501852106,0.07431499903070728,0.4568734218781583,0,0,0,0
0,0.11331694373341775,0.3393932629288098,0.5234187052694159,0.37265323151672886,0,0,1,0
0,0.03336067796385247,0.32283625320641773,0.07431499903070728,0.47969074013403357,0,0,0,0
0,0.28852584035242,0.38669680737783885,0.07103470408429507,0.23888391686748214,0,0,0,0
1,0.052007003791835885,0.353717192024343,0.07431499903070728,0.3978439138821537,0,0,0,0
0,0.23164788421886537,0.4868154860000468,0.5234187052694159,0.37265323151672886,0,0,1,0
0,0.5101997479124717,0.5421335677388471,0.4472301288753701,0.3978439138821537,1,1,0,0
0,0.07822177149894839,0.2650406776027309,0.07431499903070728,0.2909786896464161,0,0,0,0
0,0.10625927668837734,0.3237118707283617,0.043146073851833694,0.2909786896464161,0,0,0,0
0,0.14717361851160365,0.49328741105272583,0.07431499903070728,0.37265323151672886,0,0,0,0
0,0.19040314205454242,0.42040636888843413,0.07431499903070728,0.701098738389222,0,0,0,1
0,0.5206899517794018,0.5071650040762209,0.7119238007333535,0.701098738389222,1,1,1,1
0,0.3679138129134286,0.5130588726195747,0.5234187052694159,0.37265323151672886,0,1,1,0
0,0.012932733923958712,0.23377056628464185,0.07431499903070728,0.3978439138821537,0,0,0,0
0,0.5903040191134318,0.5126140072265987,0.7119238007333535,0.701098738389222,1,1,1,1
0,0.20407858670194762,0.3958941907992742,0.5234187052694159,0.37265323151672886,0,0,1,0
0,0.04984442746250529,0.17193723080265558,0.13655988961459878,0.15659063436336962,0,0,0,0
0,0.03410120732775668,0.1906439341804355,0.07431499903070728,0.2909786896464161,0,0,0,0
0,0.17406704791460684,0.2656917193668831,0.4472301288753701,0.3978439138821537,0,0,0,0
1,0.7387995807243122,0.4903341681141735,0.7849054919390522,0.3978439138821537,1,0,1,0
0,0.2654159493588781,0.3384265922453606,0.07103470408429507,0.23888391686748214,0,0,0,0
0,0.2837364586442051,0.49365737013940963,0.13655988961459878,0.3978439138821537,0,0,0,0
0,0.17275256130726335,0.44084567582606615,0.07431499903070728,0.3978439138821537,0,0,0,0
0,0.18747531068180137,0.5282613037986842,0.07431499903070728,0.3978439138821537,0,1,0,0
1,0.8030360808620084,0.4961640681860756,0.7849054919390522,0.6545986309349229,1,0,1,1
0,0.8042889231752681,0.48761713945624613,0.7849054919390522,0.3978439138821537,1,0,1,0
0,0.07622932623624741,0.2302046778637495,0.13655988961459878,0.2909786896464161,0,0,0,0
0,0.07558754951918094,0.3496982237792934,0.07431499903070728,0.3978439138821537,0,0,0,0
0,0.1870109526809482,0.5984903463020351,0.07431499903070728,0.4568734218781583,0,1,0,0
0,0.1743351979916213,0.4274264190704728,0.13655988961459878,0.3978439138821537,0,0,0,0
0,0.6332645940735169,0.7901606617438196,0.07431499903070728,0.701098738389222,1,1,0,1
0,0.10627697780173469,0.3690201828587662,0.043146073851833694,0.23888391686748214,0,0,0,0
0,0.32271209168636283,0.5035205668054763,0.043146073851833694,0.2909786896464161,0,1,0,0
1,0.23099170796268806,0.20137295386447002,0.07103470408429507,0.2909786896464161,0,0,0,0
0,0.24497416324383717,0.3486088159739387,0.4472301288753701,0.3978439138821537,0,0,0,0
1,0.8498408792621717,0.7149793569895742,0.7119238007333535,0.701098738389222,1,1,1,1
0,0.37498958884297917,0.5563371819320098,0.07431499903070728,0.701098738389222,0,1,0,1
0,0.06602674327649916,0.32720497574759116,0.07431499903070728,0.37265323151672886,0,0,0,0
0,0.5951375797808051,0.3315605849735005,0.7849054919390522,0.37265323151672886,1,0,1,0
0,0.608709181854168,0.46521785766200296,0.4472301288753701,0.3978439138821537,1,0,0,0
0,0.12879169425377088,0.2919084043713073,0.4472301288753701,0.3978439138821537,0,0,0,0
0,0.015905829169822517,0.12693125810597328,0.13655988961459878,0.15659063436336962,0,0,0,0
0,0.3957853651199759,0.5782449388984696,0.043146073851833694,0.2909786896464161,0,1,0,0
0,0.15358875278343795,0.3992432405056407,0.13655988961459878,0.3978439138821537,0,0,0,0
0,0.649619834493018,0.48313169526355687,0.4472301288753701,0.3978439138821537,1,0,0,0
0,0.9936174930121335,0.38620709916964696,0.9249893275964554,0.3978439138821537,1,0,1,0
0,0.22833911005369284,0.38512145037941437,0.13655988961459878,0.3978439138821537,0,0,0,0
0,0.40722170773552274,0.44875866090646405,0.4472301288753701,0.3978439138821537,0,0,0,0
0,0.14618966663200245,0.44796675920400375,0.13655988961459878,0.3978439138821537,0,0,0,0
0,0.4734747395964419,0.8446755687805769,0.0,0.8342236211422674,0,1,0,1
0,0.07784535335012635,0.3194165527791366,0.13655988961459878,0.23888391686748214,0,0,0,0
0,0.867819821396436,0.6794805477526181,0.4472301288753701,0.808688118677574,1,1,0,1
0,0.9280209089411443,0.36906188498420384,0.9249893275964554,0.3978439138821537,1,0,1,0
0,0.060787889057023335,0.2736951874297697,0.07431499903070728,0.15659063436336962,0,0,0,0
0,0.45381046589401297,0.5605966566689455,0.13655988961459878,0.3978439138821537,0,1,0,0
0,0.4477407042329764,0.6004393451848611,0.13655988961459878,0.3978439138821537,0,1,0,0
0,0.895905220903438,0.954546557847564,0.7563345524221652,0.9269601406234662,1,1,1,1
0,0.694355380066445,0.6312696657059607,0.7119238007333535,0.701098738389222,1,1,1,1
0,0.5143404305973392,0.47866484017194433,0.7119238007333535,0.701098738389222,1,0,1,1
0,0.29607380190023186,0.4244698146483818,0.4472301288753701,0.3978439138821537,0,0,0,0
0,0.14760794754043632,0.374604823347956,0.07431499903070728,0.2909786896464161,0,0,0,0
0,0.3496630215728748,0.3515872833503438,0.07103470408429507,0.2909786896464161,0,0,0,0
0,0.48944010414220807,0.5052137242399171,0.4472301288753701,0.3978439138821537,0,1,0,0
0,0.16980077500855736,0.38247371531855145,0.07431499903070728,0.3978439138821537,0,0,0,0
0,0.1558324297078633,0.405667318191184,0.5234187052694159,0.4568734218781583,0,0,1,0
0,0.6310330639058918,0.5592114818267793,0.7119238007333535,0.37265323151672886,1,1,1,0
0,0.3223179332414469,0.14788422760027523,0.624061140007934,0.15659063436336962,0,0,1,0
1,0.23541146836155208,0.5861009784695916,0.5234187052694159,0.4568734218781583,0,1,1,0
0,0.12185568899946111,0.4542758040184555,0.5234187052694159,0.37265323151672886,0,0,1,0
0,0.11604334275284686,0.4137197881978159,0.07431499903070728,0.37265323151672886,0,0,0,0
1,0.058861145952089154,0.14574515669097574,0.13655988961459878,0.23888391686748214,0,0,0,0
1,0.9395910456239563,0.8562254762802894,0.9602234262685618,0.9269601406234662,1,1,1,1
0,0.3716314628874476,0.6418754978154244,0.07431499903070728,0.808688118677574,0,1,0,1
0,0.05573852840135549,0.3393875933400156,0.07431499903070728,0.3978439138821537,0,0,0,0
0,0.3745357864058833,0.47914708821658064,0.5234187052694159,0.701098738389222,0,0,1,1
0,0.3572269110110133,0.25131248847365567,0.624061140007934,0.2909786896464161,0,0,1,0
0,0.009025038282389122,0.149603067627574,0.07431499903070728,0.3978439138821537,0,0,0,0
1,0.9988959802975145,0.8597426660080144,0.9249893275964554,0.8342236211422674,1,1,1,1
0,0.1078326696894059,0.31049887449524877,0.07431499903070728,0.3978439138821537,0,0,0,0
0,0.16243432124127147,0.40971231907160105,0.13655988961459878,0.3978439138821537,0,0,0,0
0,0.013778831386286388,0.1679208966453288,0.07431499903070728,0.15659063436336962,0,0,0,0
1,0.4313155351348904,0.48887818679710454,0.07103470408429507,0.23888391686748214,0,0,0,0
0,0.13953469289637807,0.32895646884131946,0.4472301288753701,0.3978439138821537,0,0,0,0
0,0.017649532620620783,0.1848921978205758,0.07431499903070728,0.2909786896464161,0,0,0,0
0,0.14616006172968649,0.3740062030763289,0.5234187052694159,0.701098738389222,0,0,1,1
1,0.7028062409725596,0.4291795339638484,0.7119238007333535,0.37265323151672886,1,0,1,0
1,0.49505456817241866,0.7091754102478268,0.5234187052694159,0.701098738389222,0,1,1,1
0,0.06395632304911071,0.3150703111704027,0.13655988961459878,0.3978439138821537,0,0,0,0
0,0.05976250712522794,0.30727938887915884,0.07431499903070728,0.3978439138821537,0,0,0,0
0,0.3698935073546159,0.5950409098520288,0.07431499903070728,0.3978439138821537,0,1,0,0
0,0.7973689557511059,0.8267411420556815,0.5234187052694159,0.701098738389222,1,1,1,1
0,0.04006568574344617,0.3086617192756705,0.07431499903070728,0.4568734218781583,0,0,0,0
1,0.3923486029328305,0.5036107046712335,0.7119238007333535,0.701098738389222,0,1,1,1
0,0.5845652199196485,0.46365898171903674,0.7119238007333535,0.4568734218781583,1,0,1,0
1,0.3833530832166524,0.5233136029096509,0.5234187052694159,0.701098738389222,0,1,1,1
0,0.08161508497303283,0.36649269093743186,0.07431499903070728,0.23888391686748214,0,0,0,0
0,0.7624533746281903,0.5647888162104968,0.7119238007333535,0.701098738389222,1,1,1,1
0,0.27012948329443986,0.5616576057118331,0.07431499903070728,0.3978439138821537,0,1,0,0
0,0.21956464008287907,0.4081059091319295,0.13655988961459878,0.3978439138821537,0,0,0,0
0,0.9999522459750813,0.722247221015464,0.9249893275964554,0.701098738389222,1,1,1,1
0,0.25734988206318155,0.4806280293071388,0.07431499903070728,0.3978439138821537,0,0,0,0
0,0.6651069171627343,0.5673767163698064,0.7119238007333535,0.37265323151672886,1,1,1,0
0,0.1661941883169359,0.20973788103256738,0.07103470408429507,0.15659063436336962,0,0,0,0
0,0.8985272105801462,0.504189999012575,0.4472301288753701,0.3978439138821537,1,1,0,0
0,0.24841453929791976,0.43787695229705936,0.13655988961459878,0.3978439138821537,0,0,0,0
0,0.45657233471481246,0.5863820067635294,0.07431499903070728,0.3978439138821537,0,1,0,0
0,0.013135967013784977,0.18913119334906733,0.07431499903070728,0.3978439138821537,0,0,0,0
0,0.958593081510288,0.8825600156852648,0.9602234262685618,0.9479097084107246,1,1,1,1
0,0.09713423107822718,0.373288525763604,0.07431499903070728,0.15659063436336962,0,0,0,0
0,0.10319737059624808,0.31321913519470823,0.07431499903070728,0.2909786896464161,0,0,0,0
1,0.9874110174395359,0.7511418269466698,0.8761146978001559,0.701098738389222,1,1,1,1
0,0.31731017002995826,0.48438683328713966,0.7119238007333535,0.37265323151672886,0,0,1,0
0,0.03949442638943307,0.21456503794889548,0.07431499903070728,0.2909786896464161,0,0,0,0
0,0.06233899523416091,0.29840147724745564,0.07431499903070728,0.23888391686748214,0,0,0,0
0,0.3981725584808724,0.4369752092919857,0.7119238007333535,0.4568734218781583,0,0,1,0
0,0.03780175208675624,0.2260826833601707,0.07431499903070728,0.2909786896464161,0,0,0,0
0,0.5934765811444119,0.22379215725884866,0.7616858140337348,0.2909786896464161,1,0,1,0
0,0.027759173972182,0.281855813628036,0.07431499903070728,0.3978439138821537,0,0,0,0
0,0.3543894952621913,0.3309514477446753,0.4472301288753701,0.3978439138821537,0,0,0,0
0,0.03997397098773118,0.2858327605381919,0.07431499903070728,0.2909786896464161,0,0,0,0
0,0.41496346473110063,0.4801950586748699,0.7119238007333535,0.37265323151672886,0,0,1,0
0,0.05383812869409293,0.23113325368565035,0.07431499903070728,0.3978439138821537,0,0,0,0
0,0.15866676364187543,0.5410360340396145,0.07431499903070728,0.4568734218781583,0,1,0,0
0,0.2725229095939758,0.5755223999302687,0.07431499903070728,0.701098738389222,0,1,0,1
0,0.9766643427518015,0.9743684082989701,0.9369658288621653,0.9479097084107246,1,1,1,1
0,0.2666954630002774,0.5294065465306002,0.5234187052694159,0.701098738389222,0,1,1,1
0,0.046316252317678386,0.226043016004459,0.07431499903070728,0.47969074013403357,0,0,0,0
0,0.041045924429684126,0.16448587341941204,0.13655988961459878,0.15659063436336962,0,0,0,0
0,0.7802750919062216,0.6094155712196796,0.7849054919390522,0.701098738389222,1,1,1,1
0,0.44739092162672023,0.3432302953924027,0.7849054919390522,0.3978439138821537,0,0,1,0
0,0.23608185532569384,0.5503922109743432,0.07431499903070728,0.37265323151672886,0,1,0,0
0,0.35580015244500074,0.5678118145480624,0.13655988961459878,0.3978439138821537,0,1,0,0
0,0.18404678469721727,0.2865675197271536,0.4472301288753701,0.3978439138821537,0,0,0,0
0,0.07098600798321643,0.4011057030201339,0.07431499903070728,0.3978439138821537,0,0,0,0
0,0.01735383359415413,0.18270849411171014,0.07431499903070728,0.15659063436336962,0,0,0,0
0,0.6195191605191376,0.6347638657494782,0.5234187052694159,0.701098738389222,1,1,1,1
0,0.2545807963011181,0.24272653420356924,0.2843241992058826,0.2909786896464161,0,0,0,0
0,0.6756569171871164,0.8254296805453155,0.4986819481082508,0.701098738389222,1,1,0,1
0,0.0321830903288009,0.20695250272368534,0.07431499903070728,0.15659063436336962,0,0,0,0
0,0.053441097696571835,0.33148511846548173,0.07431499903070728,0.3978439138821537,0,0,0,0
0,0.046356206108987,0.3515722857345972,0.07431499903070728,0.3978439138821537,0,0,0,0
0,0.10132988561127133,0.3899631540710008,0.13655988961459878,0.3978439138821537,0,0,0,0
0,0.243047527431155,0.4122676483012313,0.7119238007333535,0.37265323151672886,0,0,1,0
0,0.261123857352225,0.3965340877610063,0.7119238007333535,0.701098738389222,0,0,1,1
0,0.4752100904131806,0.710411129745563,0.07431499903070728,0.808688118677574,0,1,0,1
0,0.07177801296845202,0.2893541370051894,0.5234187052694159,0.4568734218781583,0,0,1,0
0,0.0742836851923924,0.30590393142680733,0.07431499903070728,0.37265323151672886,0,0,0,0
0,0.08400787764561576,0.35700831545320033,0.07431499903070728,0.4568734218781583,0,0,0,0
1,0.8906250394052455,0.9353180999001672,0.0,0.9479097084107246,1,1,0,1
0,0.16269972395045385,0.5390203723869517,0.5234187052694159,0.4568734218781583,0,1,1,0
0,0.5468739268310535,0.508733370001691,0.4472301288753701,0.3978439138821537,1,1,0,0
0,0.1560111394889824,0.20977190138306692,0.07103470408429507,0.2909786896464161,0,0,0,0
0,0.726372165163048,0.47741042620903484,0.7119238007333535,0.37265323151672886,1,0,1,0
0,0.5937783047204633,0.36838448630812937,0.8761146978001559,0.4568734218781583,1,0,1,0
0,0.14485813800505,0.3190361517940273,0.7119238007333535,0.4568734218781583,0,0,1,0
0,0.6676421960455547,0.40300276964573717,0.4472301288753701,0.3978439138821537,1,0,0,0
0,0.03730438986402309,0.11909176030001355,0.07103470408429507,0.15659063436336962,0,0,0,0
0,0.5967610147826834,0.6240055268663944,0.13655988961459878,0.3978439138821537,1,1,0,0
0,0.20309564327811175,0.5198335766462648,0.07431499903070728,0.3978439138821537,0,1,0,0
0,0.33317601692310117,0.533329216847189,0.13655988961459878,0.3978439138821537,0,1,0,0
0,0.44511495063089435,0.6134315912344286,0.5234187052694159,0.701098738389222,0,1,1,1
0,0.9805498608910291,0.2493306073495184,0.8797509975750424,0.2909786896464161,1,0,1,0
0,0.0535842409127609,0.34698582699221214,0.07431499903070728,0.37265323151672886,0,0,0,0
0,0.04890417562129998,0.18511650085440176,0.13655988961459878,0.15659063436336962,0,0,0,0
0,0.3233131352572567,0.27882409740671366,0.07103470408429507,0.15659063436336962,0,0,0,0
0,0.9793361476428772,0.6642572482041904,0.9249893275964554,0.3978439138821537,1,1,1,0
0,0.9881735282972589,0.7084123733669168,0.9249893275964554,0.701098738389222,1,1,1,1
0,0.5394625521859087,0.6947711791260688,0.07431499903070728,0.701098738389222,1,1,0,1
0,0.16295001117084515,0.5183440339610451,0.07431499903070728,0.3978439138821537,0,1,0,0
0,0.9770668516920633,0.9763301217382472,0.9369658288621653,0.9479097084107246,1,1,1,1
0,0.17503379453738327,0.39563226889232916,0.13655988961459878,0.3978439138821537,0,0,0,0
1,0.9024440870903883,0.4685781590389418,0.8761146978001559,0.37265323151672886,1,0,1,0
0,0.2030203153517059,0.5465616252798161,0.07431499903070728,0.4568734218781583,0,1,0,0
0,0.027353460791056505,0.23585532199621295,0.07431499903070728,0.2909786896464161,0,0,0,0
0,0.2984505213397559,0.4798991741230659,0.13655988961459878,0.3978439138821537,0,0,0,0
0,0.0644563192673572,0.13764350735874537,0.07103470408429507,0.2909786896464161,0,0,0,0
0,0.23182558919268131,0.34670510564519225,0.7119238007333535,0.701098738389222,0,0,1,1
0,0.8643867122402734,0.4503276565939491,0.8761146978001559,0.4568734218781583,1,0,1,0
0,0.05850019026584152,0.30412651031351623,0.07431499903070728,0.3978439138821537,0,0,0,0
0,0.359962455958502,0.42885071759965426,0.4472301288753701,0.3978439138821537,0,0,0,0
0,0.17452963232221513,0.2183567228387732,0.07103470408429507,0.2909786896464161,0,0,0,0
0,0.49402028471473564,0.5936863132046715,0.13655988961459878,0.3978439138821537,0,1,0,0
0,0.2949937832992784,0.519005543152615,0.07431499903070728,0.701098738389222,0,1,0,1
0,0.7309422324821694,0.7729738017881139,0.7119238007333535,0.701098738389222,1,1,1,1
0,0.7293583522724438,0.7305243164170564,0.5234187052694159,0.701098738389222,1,1,1,1
0,0.04808672992952857,0.25947275007930365,0.07431499903070728,0.23888391686748214,0,0,0,0
0,0.33754050334483143,0.4174904282927009,0.7119238007333535,0.37265323151672886,0,0,1,0
0,0.41851304651193866,0.4740472032475628,0.7119238007333535,0.4568734218781583,0,0,1,0
0,0.027674537524391633,0.1816481942995789,0.13655988961459878,0.23888391686748214,0,0,0,0
0,0.4048541068986425,0.23089203197760777,0.33476237395442404,0.2909786896464161,0,0,0,0
0,0.03934660071811888,0.2049046981547669,0.07431499903070728,0.2909786896464161,0,0,0,0
0,0.5907213468109163,0.7008850956755359,0.07431499903070728,0.701098738389222,1,1,0,1
1,0.3886918722193591,0.5245849565162987,0.5234187052694159,0.37265323151672886,0,1,1,0
0,0.07951819684902973,0.4118079003852315,0.07431499903070728,0.4568734218781583,0,0,0,0
0,0.07000259723645091,0.4076285912340945,0.07431499903070728,0.3978439138821537,0,0,0,0
0,0.14012105985608542,0.24213172499687452,0.07103470408429507,0.15659063436336962,0,0,0,0
0,0.020794202842413453,0.14459317586333337,0.07431499903070728,0.15659063436336962,0,0,0,0
0,0.4167686843933422,0.48098954731467425,0.4472301288753701,0.3978439138821537,0,0,0,0
0,0.13164235238342376,0.2299975674314919,0.07103470408429507,0.2909786896464161,0,0,0,0
0,0.062220862094971116,0.3462301521048041,0.13655988961459878,0.3978439138821537,0,0,0,0
0,0.1580549281654781,0.3412506763049253,0.13655988961459878,0.3978439138821537,0,0,0,0
0,0.023199824864817295,0.16628887218522123,0.07431499903070728,0.15659063436336962,0,0,0,0
0,0.1370833324130277,0.448823558883029,0.07431499903070728,0.3978439138821537,0,0,0,0
0,0.1911967748176562,0.4324646114542472,0.13655988961459878,0.3978439138821537,0,0,0,0
0,0.07426554325730471,0.18437432263657003,0.07103470408429507,0.15659063436336962,0,0,0,0
0,0.22012495163061097,0.4572147963028864,0.5234187052694159,0.37265323151672886,0,0,1,0
0,0.00719213764828854,0.18749262604299693,0.07431499903070728,0.4568734218781583,0,0,0,0
0,0.6655773334031135,0.750881781641304,0.5234187052694159,0.701098738389222,1,1,1,1
0,0.7849839828693305,0.8828042142673133,0.7563345524221652,0.9479097084107246,1,1,1,1
0,0.5415640194621963,0.5659547515847377,0.13655988961459878,0.808688118677574,1,1,0,1
0,0.06416395569245205,0.30597171340287305,0.07431499903070728,0.37265323151672886,0,0,0,0
0,0.61548477737593,0.4211483746723937,0.4472301288753701,0.3978439138821537,1,0,0,0
0,0.03658030421199518,0.17813357633480328,0.13655988961459878,0.15659063436336962,0,0,0,0
0,0.16195843149908523,0.3956604945516548,0.5234187052694159,0.4568734218781583,0,0,1,0
0,0.2939967501739463,0.35445806954506726,0.4472301288753701,0.3978439138821537,0,0,0,0
0,0.15073149039771466,0.46092303995220757,0.13655988961459878,0.3978439138821537,0,0,0,0
0,0.08282504868218887,0.4207418938672131,0.07431499903070728,0.4568734218781583,0,0,0,0
0,0.02371408900569623,0.1835200467837722,0.07431499903070728,0.15659063436336962,0,0,0,0
0,0.1350566037568147,0.44566800415333324,0.07431499903070728,0.3978439138821537,0,0,0,0
0,0.0460187374058411,0.11238226439335773,0.07103470408429507,0.15659063436336962,0,0,0,0
0,0.22382346720284307,0.48268134355810827,0.13655988961459878,0.3978439138821537,0,0,0,0
0,0.15034976142903717,0.4310128270657805,0.5234187052694159,0.37265323151672886,0,0,1,0
0,0.23470071903297932,0.48323530971366413,0.5234187052694159,0.37265323151672886,0,0,1,0
0,0.30198901955190105,0.43713253925988643,0.4472301288753701,0.3978439138821537,0,0,0,0
0,0.27765504685473014,0.4581101051247936,0.5234187052694159,0.4568734218781583,0,0,1,0
0,0.028045114730847465,0.1538854190631632,0.13655988961459878,0.15659063436336962,0,0,0,0
1,0.9736776491585487,0.44250693475655034,0.9249893275964554,0.3978439138821537,1,0,1,0
0,0.2720176432091766,0.3573854940489319,0.7119238007333535,0.4568734218781583,0,0,1,0
0,0.08094309069482107,0.39024424351242276,0.07431499903070728,0.3978439138821537,0,0,0,0
0,0.8678642007027733,0.6379866724640136,0.7119238007333535,0.701098738389222,1,1,1,1
0,0.01614952155810974,0.1687290852370352,0.07431499903070728,0.2909786896464161,0,0,0,0
0,0.04595692448908702,0.16216020466760153,0.07103470408429507,0.15659063436336962,0,0,0,0
0,0.4824164818941512,0.5057973542685686,0.7119238007333535,0.37265323151672886,0,1,1,0
0,0.1875282205849544,0.47810126243069373,0.13655988961459878,0.3978439138821537,0,0,0,0
0,0.1650634122365022,0.4464778808985525,0.07431499903070728,0.701098738389222,0,0,0,1
0,0.07445594617622223,0.3739173206493064,0.5234187052694159,0.4568734218781583,0,0,1,0
0,0.1005868712917163,0.3512112070287343,0.043146073851833694,0.23888391686748214,0,0,0,0
0,0.08591803927617653,0.3626827336565031,0.4986819481082508,0.2909786896464161,0,0,0,0
0,0.06695842636168715,0.18019256666504424,0.07103470408429507,0.15659063436336962,0,0,0,0
0,0.12411510150289834,0.3612805317704631,0.13655988961459878,0.3978439138821537,0,0,0,0
0,0.006203437064638976,0.10791089013369366,0.07431499903070728,0.23888391686748214,0,0,0,0
0,0.058216327836219495,0.2716381082093961,0.07431499903070728,0.23888391686748214,0,0,0,0
0,0.19871162273000553,0.47877304538378573,0.07431499903070728,0.3978439138821537,0,0,0,0
1,0.6690433045774252,0.4261728032638851,0.7849054919390522,0.3978439138821537,1,0,1,0
0,0.6998782845465382,0.5299777053864078,0.7849054919390522,0.4568734218781583,1,1,1,0
1,0.9943941459706412,0.48294406204645085,0.9249893275964554,0.701098738389222,1,0,1,1
0,0.16008162214262447,0.44087896433834645,0.07431499903070728,0.37265323151672886,0,0,0,0
0,0.7105416610508175,0.3730501238599041,0.4472301288753701,0.3978439138821537,1,0,0,0
0,0.984958701740377,0.4810298266402536,0.9249893275964554,0.3978439138821537,1,0,1,0
0,0.42047607583981866,0.4223309443841944,0.4472301288753701,0.3978439138821537,0,0,0,0
0,0.1004833779531279,0.3342889827268659,0.07431499903070728,0.3978439138821537,0,0,0,0
0,0.05790362891925822,0.3534648800636682,0.07431499903070728,0.3978439138821537,0,0,0,0
0,0.09204254248058764,0.19572726150767505,0.07103470408429507,0.2909786896464161,0,0,0,0
0,0.2703516998356884,0.35971531633823006,0.4472301288753701,0.3978439138821537,0,0,0,0
0,0.11588697676447746,0.43964157638822066,0.13655988961459878,0.3978439138821537,0,0,0,0
0,0.6008418692081873,0.6060320070704961,0.5234187052694159,0.701098738389222,1,1,1,1
0,0.03393881370558479,0.31262617133233955,0.07431499903070728,0.3978439138821537,0,0,0,0
0,0.27136677179929813,0.5011959636701229,0.13655988961459878,0.3978439138821537,0,1,0,0
0,0.4808458113578028,0.4238716980520332,0.4472301288753701,0.3978439138821537,0,0,0,0
0,0.32598302591971223,0.5605091447352739,0.07431499903070728,0.701098738389222,0,1,0,1
0,0.4132069006623886,0.4439899119945349,0.7119238007333535,0.37265323151672886,0,0,1,0
1,0.44887910106426426,0.42512780192346666,0.7119238007333535,0.4568734218781583,0,0,1,0
0,0.021794113919541818,0.16299581828579954,0.07431499903070728,0.15659063436336962,0,0,0,0
0,0.01184013970109807,0.12660126545010586,0.07431499903070728,0.15659063436336962,0,0,0,0
0,0.17457059630316618,0.4512953626446979,0.07431499903070728,0.23888391686748214,0,0,0,0
0,0.21702314617201038,0.4757574448901465,0.07431499903070728,0.37265323151672886,0,0,0,0
0,0.06096212761930803,0.32214275691380573,0.07431499903070728,0.37265323151672886,0,0,0,0
0,0.033927528940008445,0.23491528024850888,0.07431499903070728,0.2909786896464161,0,0,0,0
0,0.31320204726810225,0.4465973168659788,0.5234187052694159,0.701098738389222,0,0,1,1
0,0.2224097908415921,0.310092990200579,0.4472301288753701,0.3978439138821537,0,0,0,0
0,0.26692390852236836,0.4212994559429658,0.5234187052694159,0.37265323151672886,0,0,1,0
0,0.08880224339356227,0.4359454631399366,0.07431499903070728,0.37265323151672886,0,0,0,0
0,0.0852813678404652,0.4052555760638521,0.07431499903070728,0.3978439138821537,0,0,0,0
0,0.03274047294470138,0.23235976640304587,0.07431499903070728,0.2909786896464161,0,0,0,0
0,0.9990835027622547,0.551347722499471,0.9249893275964554,0.701098738389222,1,1,1,1
0,0.20586670279484753,0.4321088074711695,0.4472301288753701,0.3978439138821537,0,0,0,0
0,0.2349808694370554,0.4352928567581716,0.4472301288753701,0.3978439138821537,0,0,0,0
0,0.8156407963169351,0.8022960124331442,0.7119238007333535,0.701098738389222,1,1,1,1
1,0.2657195245883964,0.6084390889964404,0.07431499903070728,0.4568734218781583,0,1,0,0
1,0.4623450541325337,0.5480251187017433,0.07431499903070728,0.3978439138821537,0,1,0,0
0,0.9927933522314109,0.5956589392929893,0.9249893275964554,0.3978439138821537,1,1,1,0
0,0.14079424825314718,0.3624332573307088,0.13655988961459878,0.3978439138821537,0,0,0,0
0,0.5668264118591297,0.6914406292242289,0.4986819481082508,0.3978439138821537,1,1,0,0
0,0.13107542654777107,0.33448180877538813,0.5234187052694159,0.37265323151672886,0,0,1,0
0,0.5959650597178923,0.5801292761282987,0.5234187052694159,0.701098738389222,1,1,1,1
0,0.03868922871818655,0.16414397357081975,0.13655988961459878,0.15659063436336962,0,0,0,0
0,0.042770999553480335,0.3122037157588725,0.5234187052694159,0.4568734218781583,0,0,1,0
0,0.6283180767977294,0.37403552462962036,0.7119238007333535,0.701098738389222,1,0,1,1
0,0.1101157262704034,0.3306942555062469,0.07431499903070728,0.3978439138821537,0,0,0,0
0,0.1113835954189334,0.21444593504897005,0.07103470408429507,0.15659063436336962,0,0,0,0
0,0.00623930159184406,0.2048234320301428,0.07431499903070728,0.3978439138821537,0,0,0,0
0,0.7092349640715667,0.7972349372824673,0.8973324495563872,0.3978439138821537,1,1,1,0
1,0.6291699535320797,0.5720913638605369,0.7119238007333535,0.4568734218781583,1,1,1,0
0,0.4529266868231276,0.4800980526400644,0.7119238007333535,0.37265323151672886,0,0,1,0
0,0.18680281254707698,0.5518036633710907,0.07431499903070728,0.701098738389222,0,1,0,1
0,0.13595235375004758,0.5653080491060712,0.07431499903070728,0.23888391686748214,0,1,0,0
0,0.036710188042946776,0.23023754500649407,0.13655988961459878,0.2909786896464161,0,0,0,0
0,0.016451818884246384,0.14154129184765457,0.13655988961459878,0.15659063436336962,0,0,0,0
0,0.12178502675802037,0.35014691803273923,0.13655988961459878,0.3978439138821537,0,0,0,0
1,0.8925360633189947,0.6469239886618444,0.7119238007333535,0.4568734218781583,1,1,1,0
0,0.25283629401888397,0.4559109639988063,0.7119238007333535,0.4568734218781583,0,0,1,0
0,0.08432522444239565,0.3539005875980094,0.07431499903070728,0.3978439138821537,0,0,0,0
0,0.407485453419645,0.5241319861594473,0.5234187052694159,0.701098738389222,0,1,1,1
0,0.6873976310256282,0.7080002133900594,0.5234187052694159,0.701098738389222,1,1,1,1
0,0.09335222458702905,0.34195838127634937,0.07431499903070728,0.3978439138821537,0,0,0,0
0,0.16949302273456185,0.37308498624677744,0.13655988961459878,0.3978439138821537,0,0,0,0
0,0.16766259110043596,0.4792891460599228,0.07431499903070728,0.4568734218781583,0,0,0,0
0,0.13443734670916024,0.32653270366159187,0.043146073851833694,0.2909786896464161,0,0,0,0
0,0.03390837191792927,0.3384361467267681,0.07431499903070728,0.4568734218781583,0,0,0,0
0,0.11718448107435253,0.37394806692958593,0.07431499903070728,0.23888391686748214,0,0,0,0
0,0.670996440271912,0.4987892341185709,0.7849054919390522,0.3978439138821537,1,0,1,0
0,0.42373672597565865,0.6298654118712247,0.5234187052694159,0.701098738389222,0,1,1,1
0,0.16204263487684378,0.2531101537625324,0.4472301288753701,0.3978439138821537,0,0,0,0
0,0.5852370934718443,0.6124101091503154,0.13655988961459878,0.3978439138821537,1,1,0,0
1,0.5474430633543285,0.20078057737219335,0.7616858140337348,0.15659063436336962,1,0,1,0
0,0.15588393603748177,0.4078633075127587,0.07431499903070728,0.37265323151672886,0,0,0,0
0,0.34649495103351885,0.2674797796182451,0.07103470408429507,0.23888391686748214,0,0,0,0
0,0.10769126682973967,0.40036629997286,0.13655988961459878,0.3978439138821537,0,0,0,0
0,0.2140706311013347,0.4373332597894986,0.5234187052694159,0.701098738389222,0,0,1,1
0,0.013518417341105763,0.21605722358775753,0.07431499903070728,0.23888391686748214,0,0,0,0
1,0.16246024924217237,0.4730621270393752,0.07431499903070728,0.37265323151672886,0,0,0,0
0,0.6784330187993227,0.36216403034886213,0.7849054919390522,0.37265323151672886,1,0,1,0
0,0.1606224183138848,0.402540800985124,0.13655988961459878,0.3978439138821537,0,0,0,0
0,0.16775792298920358,0.48451390605465666,0.07431499903070728,0.701098738389222,0,0,0,1
0,0.16423235050352705,0.19141677674600668,0.07103470408429507,0.47969074013403357,0,0,0,0
0,0.2815028747510038,0.4831469876042126,0.07431499903070728,0.701098738389222,0,0,0,1
0,0.052987419576166844,0.34225142887641574,0.07431499903070728,0.37265323151672886,0,0,0,0
0,0.13056769102208013,0.33259096039945535,0.5234187052694159,0.37265323151672886,0,0,1,0
0,0.5067573315598838,0.5669953368340309,0.13655988961459878,0.3978439138821537,1,1,0,0
0,0.12410113707646803,0.16965872074934768,0.07103470408429507,0.15659063436336962,0,0,0,0
1,0.6201177621419077,0.758433563029562,0.5234187052694159,0.701098738389222,1,1,1,1
0,0.48413556866060553,0.4974266099498059,0.5234187052694159,0.701098738389222,0,0,1,1
0,0.037756788812525664,0.28540988422725144,0.07431499903070728,0.2909786896464161,0,0,0,0
0,0.11541845788469918,0.2078219395051156,0.07103470408429507,0.15659063436336962,0,0,0,0
0,0.5478913645745473,0.4683937712820253,0.4472301288753701,0.3978439138821537,1,0,0,0
0,0.5478310774083833,0.5593922506393312,0.7119238007333535,0.4568734218781583,1,1,1,0
0,0.035200135395072156,0.222206319811064,0.07431499903070728,0.3978439138821537,0,0,0,0
0,0.14843494858187725,0.3974987709584005,0.13655988961459878,0.3978439138821537,0,0,0,0
0,0.057437522367181415,0.36630800618832904,0.07431499903070728,0.3978439138821537,0,0,0,0
1,0.9944604293499185,0.9756720126194357,0.9602234262685618,0.9479097084107246,1,1,1,1
0,0.08557876728389092,0.3726579641302643,0.07431499903070728,0.3978439138821537,0,0,0,0
1,0.8717598692902554,0.62388829731612,0.7119238007333535,0.701098738389222,1,1,1,1
0,0.06611774476524446,0.336420445903041,0.07431499903070728,0.2909786896464161,0,0,0,0
0,0.24483841412242677,0.6211424961553149,0.07431499903070728,0.37265323151672886,0,1,0,0
0,0.1661145306269005,0.37028744649739465,0.07431499903070728,0.3978439138821537,0,0,0,0
1,0.7024513182294255,0.7579528130011932,0.5234187052694159,0.701098738389222,1,1,1,1
0,0.15124323037156318,0.38578365490521044,0.07431499903070728,0.3978439138821537,0,0,0,0
0,0.2952391634540801,0.4687654452318553,0.4472301288753701,0.3978439138821537,0,0,0,0
0,0.16233496735631284,0.21822745524609533,0.07103470408429507,0.2909786896464161,0,0,0,0
0,0.21366443429593154,0.48042058517402586,0.07431499903070728,0.37265323151672886,0,0,0,0
0,0.37016794061335,0.4874873192436451,0.07103470408429507,0.2909786896464161,0,0,0,0
0,0.1317239893595644,0.5044168273745285,0.07431499903070728,0.701098738389222,0,1,0,1
0,0.05676667477872097,0.28996783299435974,0.07431499903070728,0.47969074013403357,0,0,0,0
0,0.8003924565331972,0.4957608030963552,0.7849054919390522,0.701098738389222,1,0,1,1
0,0.3867448014183716,0.6009592807483448,0.07431499903070728,0.701098738389222,0,1,0,1
0,0.0516883487009748,0.27331863850367843,0.07431499903070728,0.3978439138821537,0,0,0,0
0,0.10170812778859616,0.2780800591543661,0.4472301288753701,0.3978439138821537,0,0,0,0
0,0.03927972571125245,0.1793250901125385,0.13655988961459878,0.15659063436336962,0,0,0,0
0,0.3117035938370851,0.4111506228125689,0.07103470408429507,0.23888391686748214,0,0,0,0
0,0.7017288134072854,0.2237753924607851,0.7616858140337348,0.15659063436336962,1,0,1,0
0,0.3336305294377075,0.46665004795693177,0.5234187052694159,0.701098738389222,0,0,1,1
0,0.011833698162693295,0.14809285605193895,0.07431499903070728,0.15659063436336962,0,0,0,0
0,0.14233008874975842,0.19585926370799467,0.07103470408429507,0.15659063436336962,0,0,0,0
1,0.8900735583663251,0.3964847059593012,0.8761146978001559,0.37265323151672886,1,0,1,0
0,0.11323252158551127,0.4341950849279295,0.07431499903070728,0.23888391686748214,0,0,0,0
0,0.10196315745787565,0.3712845402123376,0.5234187052694159,0.37265323151672886,0,0,1,0
0,0.10420590387425345,0.3272508533205083,0.07431499903070728,0.3978439138821537,0,0,0,0
0,0.050532882895931976,0.18284009276723331,0.13655988961459878,0.15659063436336962,0,0,0,0
0,0.28486350852025005,0.5548773004559377,0.07431499903070728,0.37265323151672886,0,1,0,0
0,0.31957168515975476,0.3745498291135745,0.4472301288753701,0.3978439138821537,0,0,0,0
0,0.14366859451220035,0.42084465588921344,0.07431499903070728,0.701098738389222,0,0,0,1
0,0.09888662570713587,0.46239144994185005,0.07431499903070728,0.3978439138821537,0,0,0,0
0,0.9055489825412704,0.9167294529038937,0.9369658288621653,0.9479097084107246,1,1,1,1
0,0.0500956302011538,0.35036483671986673,0.07431499903070728,0.3978439138821537,0,0,0,0
0,0.9440244944021903,0.359449871299082,0.8797509975750424,0.2909786896464161,1,0,1,0
1,0.9623406950961414,0.816814419270106,0.8761146978001559,0.8342236211422674,1,1,1,1
0,0.10761143292409005,0.3433227606410227,0.043146073851833694,0.23888391686748214,0,0,0,0
0,0.1429439364985656,0.36014705398234365,0.5234187052694159,0.37265323151672886,0,0,1,0
0,0.11613987282591988,0.4003269829991469,0.07431499903070728,0.2909786896464161,0,0,0,0
0,0.21429888530113764,0.3434848096815359,0.7119238007333535,0.37265323151672886,0,0,1,0
0,0.028526769411177932,0.2780007995653203,0.07431499903070728,0.3978439138821537,0,0,0,0
0,0.6607136917709421,0.4492354325483191,0.7849054919390522,0.37265323151672886,1,0,1,0
0,0.11637219676676983,0.39506129944770557,0.07431499903070728,0.3978439138821537,0,0,0,0
0,0.21859103304772323,0.5352158145613718,0.5234187052694159,0.4568734218781583,0,1,1,0
0,0.010676158881593857,0.15439891532667438,0.07431499903070728,0.23888391686748214,0,0,0,0
0,0.032934899763978794,0.1841200452381919,0.13655988961459878,0.15659063436336962,0,0,0,0
1,0.9864255444878474,0.9758378289348724,0.9369658288621653,0.9479097084107246,1,1,1,1
0,0.48230223787856746,0.4639169671763124,0.4472301288753701,0.3978439138821537,0,0,0,0
1,0.91552458149835,0.7802312544467226,0.9602234262685618,0.9269601406234662,1,1,1,1
0,0.38288255185146003,0.48645695174457443,0.4472301288753701,0.3978439138821537,0,0,0,0
0,0.14800400098399946,0.457877421589419,0.07431499903070728,0.37265323151672886,0,0,0,0
1,0.9572867370879747,0.5907712846895348,0.8761146978001559,0.3978439138821537,1,1,1,0
0,0.014136607458331826,0.12379984042261653,0.13655988961459878,0.15659063436336962,0,0,0,0
0,0.030810331648666152,0.21779002315544058,0.07431499903070728,0.15659063436336962,0,0,0,0
1,0.9800560497968164,0.9438103911461426,0.9602234262685618,0.9479097084107246,1,1,1,1
0,0.8407352999108214,0.3902781436555618,0.8761146978001559,0.4568734218781583,1,0,1,0
1,0.9752632805363987,0.9458636429647435,0.9602234262685618,0.9479097084107246,1,1,1,1
0,0.2708085006662162,0.5238692528957921,0.07431499903070728,0.701098738389222,0,1,0,1
0,0.03651182677476843,0.2258210517912217,0.13655988961459878,0.3978439138821537,0,0,0,0
0,0.048118263368481164,0.19359720944464534,0.13655988961459878,0.15659063436336962,0,0,0,0
0,0.06278356164687161,0.3212126422328765,0.07431499903070728,0.3978439138821537,0,0,0,0
0,0.049396496922220805,0.28307869920091255,0.5234187052694159,0.37265323151672886,0,0,1,0
1,0.8855082963858734,0.5016599325646282,0.7849054919390522,0.6545986309349229,1,1,1,1
0,0.28367006298745195,0.2017713093839217,0.624061140007934,0.2909786896464161,0,0,1,0
0,0.1564030529295694,0.4581448425663761,0.07431499903070728,0.3978439138821537,0,0,0,0
0,0.13378462607254676,0.41215324515816476,0.13655988961459878,0.3978439138821537,0,0,0,0
1,0.9815896246906237,0.9224658127249115,0.9602234262685618,0.9479097084107246,1,1,1,1
0,0.2301559402726905,0.44931332413979463,0.7119238007333535,0.4568734218781583,0,0,1,0
0,0.43849861034049564,0.6086691707499736,0.07431499903070728,0.701098738389222,0,1,0,1
0,0.8078453014991196,0.4858050597866673,0.8761146978001559,0.4568734218781583,1,0,1,0
0,0.05806036903949109,0.37497455327810647,0.07431499903070728,0.4568734218781583,0,0,0,0
0,0.1105809227293037,0.42071271696414264,0.07431499903070728,0.3978439138821537,0,0,0,0
0,0.24710637012430955,0.5326376367201081,0.07431499903070728,0.37265323151672886,0,1,0,0
0,0.33311047541772976,0.3741230259874488,0.4472301288753701,0.3978439138821537,0,0,0,0
0,0.14214725336527656,0.32956550939778223,0.13655988961459878,0.23888391686748214,0,0,0,0
0,0.11630632680973085,0.4010199003638364,0.13655988961459878,0.3978439138821537,0,0,0,0
0,0.6314200690108059,0.5566085782988444,0.7119238007333535,0.4568734218781583,1,1,1,0
0,0.09009698486050988,0.2498095183011101,0.13655988961459878,0.23888391686748214,0,0,0,0
0,0.4006796420645705,0.37968064674255436,0.7119238007333535,0.701098738389222,0,0,1,1
0,0.6697595224161794,0.39342063627798857,0.7119238007333535,0.701098738389222,1,0,1,1
0,0.12889383964028714,0.21420317493040691,0.07103470408429507,0.2909786896464161,0,0,0,0
0,0.03920412128471126,0.2190944894668032,0.07431499903070728,0.2909786896464161,0,0,0,0
0,0.7978865585015861,0.35642093522420615,0.8761146978001559,0.3978439138821537,1,0,1,0
0,0.31767463832159115,0.5115352021067185,0.5234187052694159,0.6545986309349229,0,1,1,1
0,0.5134265606144607,0.5107746477556664,0.4472301288753701,0.3978439138821537,1,1,0,0
0,0.7383334916900498,0.46919872433898835,0.7849054919390522,0.3978439138821537,1,0,1,0
0,0.03231594924105078,0.16708226241422203,0.13655988961459878,0.15659063436336962,0,0,0,0
1,0.5356535248835634,0.288145280660801,0.8761146978001559,0.3978439138821537,1,0,1,0
0,0.45555154040698914,0.34036552066272296,0.7849054919390522,0.4568734218781583,0,0,1,0
0,0.5940884786759719,0.6773114075388683,0.13655988961459878,0.3978439138821537,1,1,0,0
0,0.0415470693832803,0.19035374634739463,0.07431499903070728,0.15659063436336962,0,0,0,0
0,0.02592611957307075,0.13426702451323813,0.13655988961459878,0.2909786896464161,0,0,0,0
0,0.0687518808241712,0.3977414904258614,0.07431499903070728,0.4568734218781583,0,0,0,0
0,0.3659481924531714,0.32293225569218614,0.2843241992058826,0.2909786896464161,0,0,0,0
0,0.17824814446334272,0.4201747511783953,0.4472301288753701,0.3978439138821537,0,0,0,0
1,0.9016703257218602,0.735228970013612,0.7119238007333535,0.701098738389222,1,1,1,1
0,0.07465620728254276,0.3898204537808406,0.07431499903070728,0.23888391686748214,0,0,0,0
0,0.13519836970697297,0.4228543607602091,0.07431499903070728,0.3978439138821537,0,0,0,0
1,0.3749840779438691,0.39125321010393876,0.7119238007333535,0.6545986309349229,0,0,1,1
1,0.8849181246368747,0.8571679475519032,0.7119238007333535,0.701098738389222,1,1,1,1
0,0.10421639561054766,0.2878630486947044,0.4472301288753701,0.3978439138821537,0,0,0,0
0,0.8608632756957905,0.26284020689829446,0.9249893275964554,0.3978439138821537,1,0,1,0
0,0.2938539120176834,0.4173987735555676,0.5234187052694159,0.701098738389222,0,0,1,1
0,0.37369441538389886,0.48662516484431567,0.4472301288753701,0.3978439138821537,0,0,0,0
0,0.11139537787959489,0.2807885115882769,0.07103470408429507,0.15659063436336962,0,0,0,0
0,0.3851310187766045,0.497528453365138,0.5234187052694159,0.701098738389222,0,0,1,1
0,0.9219894231331834,0.5643058773651072,0.8761146978001559,0.701098738389222,1,1,1,1
0,0.13629600832919053,0.43364994695636194,0.07431499903070728,0.2909786896464161,0,0,0,0
0,0.08140097601910136,0.3519762291468116,0.07431499903070728,0.37265323151672886,0,0,0,0
0,0.27489228713102254,0.49104644319591806,0.5234187052694159,0.701098738389222,0,0,1,1
0,0.10520874220990878,0.5052992985430061,0.07431499903070728,0.4568734218781583,0,1,0,0
0,0.1844988985536619,0.27276441545800467,0.07103470408429507,0.23888391686748214,0,0,0,0
1,0.2758097475724242,0.5710272337650126,0.5234187052694159,0.701098738389222,0,1,1,1
0,0.014001409282494465,0.12383272028074374,0.13655988961459878,0.15659063436336962,0,0,0,0
0,0.3902555962581753,0.6354282961312616,0.07431499903070728,0.701098738389222,0,1,0,1
0,0.1576136342786721,0.35985508034206654,0.043146073851833694,0.23888391686748214,0,0,0,0
0,0.37514648592429867,0.3920185008322514,0.4472301288753701,0.3978439138821537,0,0,0,0
0,0.0746726937315257,0.30704249299355774,0.07431499903070728,0.701098738389222,0,0,0,1
0,0.07965820351732414,0.24099548883896285,0.13655988961459878,0.2909786896464161,0,0,0,0
0,0.3609812086108101,0.6025021652148558,0.07431499903070728,0.3978439138821537,0,1,0,0
1,0.678686912587045,0.28851526330523486,0.9249893275964554,0.3978439138821537,1,0,1,0
1,0.9617959473762582,0.8403500994991181,0.7119238007333535,0.701098738389222,1,1,1,1
0,0.054756052278940516,0.17149619622637383,0.13655988961459878,0.15659063436336962,0,0,0,0
0,0.009904268037505983,0.14691109770983904,0.07431499903070728,0.2909786896464161,0,0,0,0
0,0.27733299771681696,0.3864455894711771,0.4472301288753701,0.3978439138821537,0,0,0,0
0,0.13071960270759753,0.3810626274761476,0.07431499903070728,0.3978439138821537,0,0,0,0
0,0.2668632555114535,0.26888929201573714,0.07103470408429507,0.15659063436336962,0,0,0,0
1,0.959815021940076,0.37733024502661017,0.8797509975750424,0.23888391686748214,1,0,1,0
0,0.3382892464949015,0.576502544607326,0.13655988961459878,0.3978439138821537,0,1,0,0
0,0.028656054762611512,0.21241314229200692,0.07431499903070728,0.2909786896464161,0,0,0,0
1,0.7333049685059765,0.5582266738285101,0.7119238007333535,0.6545986309349229,1,1,1,1
0,0.8569477385850606,0.8614842997121782,0.4986819481082508,0.701098738389222,1,1,0,1
0,0.1391818999388174,0.413273057987238,0.07431499903070728,0.3978439138821537,0,0,0,0
0,0.019885383077905248,0.11402860152295238,0.13655988961459878,0.15659063436336962,0,0,0,0
1,0.8821113961409037,0.27384769941371623,0.9249893275964554,0.3978439138821537,1,0,1,0
1,0.7249259863418126,0.7800733980547252,0.7512025309012217,0.3978439138821537,1,1,1,0
0,0.5153660365221971,0.6600115485891748,0.5234187052694159,0.701098738389222,1,1,1,1
0,0.018368940153731226,0.17167412851155445,0.07431499903070728,0.15659063436336962,0,0,0,0
1,0.9123565952444525,0.8328409062686494,0.7119238007333535,0.701098738389222,1,1,1,1
0,0.29505857304603605,0.33359861301707733,0.07103470408429507,0.23888391686748214,0,0,0,0
0,0.4166442133520796,0.5291496090672779,0.4472301288753701,0.3978439138821537,0,1,0,0
0,0.20517055307770596,0.3840983466655276,0.7119238007333535,0.4568734218781583,0,0,1,0
0,0.01648263239286395,0.20967140100858006,0.07431499903070728,0.23888391686748214,0,0,0,0
0,0.03806683360280652,0.1829145536912925,0.07431499903070728,0.2909786896464161,0,0,0,0
0,0.019744238426778096,0.21520387333282284,0.07431499903070728,0.23888391686748214,0,0,0,0
0,0.30904611460056297,0.5391155578521599,0.13655988961459878,0.3978439138821537,0,1,0,0
0,0.05776310501688033,0.20279817537519543,0.13655988961459878,0.47969074013403357,0,0,0,0
0,0.12699635931209888,0.4539374296569051,0.07431499903070728,0.4568734218781583,0,0,0,0
0,0.4221875282279357,0.4375874014758277,0.13655988961459878,0.3978439138821537,0,0,0,0
1,0.6643748373849688,0.3550357977318755,0.7849054919390522,0.3978439138821537,1,0,1,0
0,0.5943214893557952,0.5500461897964171,0.7119238007333535,0.701098738389222,1,1,1,1
0,0.7660345643673946,0.6091460245637672,0.7119238007333535,0.701098738389222,1,1,1,1
0,0.2070078780671737,0.4414917160467088,0.07431499903070728,0.37265323151672886,0,0,0,0
0,0.007789710838540496,0.17127444808369932,0.07431499903070728,0.3978439138821537,0,0,0,0
1,0.6668887841170466,0.6239274637524861,0.4472301288753701,0.3978439138821537,1,1,0,0
0,0.40684320425830395,0.430662194393619,0.7119238007333535,0.6545986309349229,0,0,1,1
0,0.44935124014544675,0.3574543964232573,0.4472301288753701,0.3978439138821537,0,0,0,0
0,0.7059209601364317,0.49759540977007266,0.7119238007333535,0.701098738389222,1,0,1,1
0,0.06112273321945648,0.25902442338598847,0.13655988961459878,0.3978439138821537,0,0,0,0
0,0.23455082005311512,0.45072636288692564,0.07431499903070728,0.3978439138821537,0,0,0,0
0,0.19169766454114323,0.5315547475207163,0.07431499903070728,0.701098738389222,0,1,0,1
0,0.014318584643479453,0.13284598507501694,0.13655988961459878,0.15659063436336962,0,0,0,0
0,0.2732477677498815,0.46611518347072467,0.13655988961459878,0.3978439138821537,0,0,0,0
0,0.11060770704957276,0.2574215278138404,0.07103470408429507,0.23888391686748214,0,0,0,0
0,0.581756382896604,0.4185530866468268,0.7119238007333535,0.37265323151672886,1,0,1,0
0,0.030515531381856312,0.24835889446502854,0.07431499903070728,0.3978439138821537,0,0,0,0
0,0.23929157982345875,0.2711542591276241,0.07103470408429507,0.2909786896464161,0,0,0,0
0,0.49145688668254506,0.45922512653952713,0.7119238007333535,0.37265323151672886,0,0,1,0
0,0.0567951743124849,0.21264697179334485,0.13655988961459878,0.2909786896464161,0,0,0,0
0,0.5733119714883241,0.49964857959399644,0.4472301288753701,0.3978439138821537,1,0,0,0
0,0.30468154737126335,0.5050378190778778,0.07431499903070728,0.701098738389222,0,1,0,1
0,0.5752818804598915,0.4820105547327648,0.7119238007333535,0.701098738389222,1,0,1,1
0,0.17680980674563512,0.5104466785295466,0.07431499903070728,0.2909786896464161,0,1,0,0
0,0.2674102099337014,0.4799388312847826,0.5234187052694159,0.37265323151672886,0,0,1,0
1,0.7300817368920489,0.7509000530512282,0.5234187052694159,0.701098738389222,1,1,1,1
0,0.07677779834116509,0.26387022287018724,0.13655988961459878,0.2909786896464161,0,0,0,0
0,0.0330165684209435,0.22774349086798024,0.07431499903070728,0.15659063436336962,0,0,0,0
0,0.012855886106382526,0.2196585071094412,0.07431499903070728,0.4568734218781583,0,0,0,0
0,0.08072908831440777,0.44023434610487866,0.07431499903070728,0.4568734218781583,0,0,0,0
0,0.12050617467283517,0.3351264192745309,0.043146073851833694,0.2909786896464161,0,0,0,0
0,0.05030282661309906,0.22130706829215235,0.13655988961459878,0.15659063436336962,0,0,0,0
1,0.8906849999104953,0.2068751379926947,0.8797509975750424,0.15659063436336962,1,0,1,0
0,0.0478240997818788,0.28993242841200545,0.13655988961459878,0.2909786896464161,0,0,0,0
0,0.1309165110172694,0.42890028776119743,0.07431499903070728,0.4568734218781583,0,0,0,0
0,0.05045448993748652,0.32864523929374634,0.07431499903070728,0.2909786896464161,0,0,0,0
0,0.09067581578677066,0.2713171227623909,0.043146073851833694,0.2909786896464161,0,0,0,0
0,0.07794353589491045,0.3894808582678446,0.07431499903070728,0.4568734218781583,0,0,0,0
0,0.013117638503388283,0.18347026029920996,0.07431499903070728,0.23888391686748214,0,0,0,0
0,0.5922985804699525,0.41748555190873615,0.7849054919390522,0.3978439138821537,1,0,1,0
0,0.2009915529252308,0.20992137645439318,0.4472301288753701,0.3978439138821537,0,0,0,0
1,0.853596640516452,0.18680399200825848,0.8797509975750424,0.47969074013403357,1,0,1,0
0,0.003003692144094546,0.07252477219309429,0.07431499903070728,0.23888391686748214,0,0,0,0
0,0.1184236114806006,0.21714079337936376,0.07103470408429507,0.15659063436336962,0,0,0,0
0,0.14074728476288517,0.43408674186878576,0.07431499903070728,0.23888391686748214,0,0,0,0
0,0.08040893840110609,0.2882168318916533,0.07431499903070728,0.3978439138821537,0,0,0,0
0,0.05431181505163974,0.2724619087023838,0.13655988961459878,0.3978439138821537,0,0,0,0
0,0.18480278237438866,0.5340467912882431,0.07431499903070728,0.3978439138821537,0,1,0,0
0,0.8031096339688875,0.47794593466532465,0.7849054919390522,0.37265323151672886,1,0,1,0
1,0.3521338967089055,0.5966222951610556,0.13655988961459878,0.3978439138821537,0,1,0,0
0,0.22458879950541252,0.45291145487960255,0.5234187052694159,0.37265323151672886,0,0,1,0
0,0.19024237658087617,0.47344704890027395,0.07431499903070728,0.3978439138821537,0,0,0,0
0,0.06536909358129755,0.2762500384959097,0.07431499903070728,0.2909786896464161,0,0,0,0
0,0.3545330956540969,0.5373298208929516,0.4472301288753701,0.3978439138821537,0,1,0,0
0,0.03170656237127895,0.16798096004735466,0.13655988961459878,0.15659063436336962,0,0,0,0
0,0.5667183870847415,0.5506625897752198,0.7119238007333535,0.701098738389222,1,1,1,1
0,0.07215425301094536,0.13855162548294372,0.07103470408429507,0.2909786896464161,0,0,0,0
0,0.0662921264559017,0.3358873071568563,0.07431499903070728,0.3978439138821537,0,0,0,0
0,0.02573165916735513,0.1788373377530139,0.07431499903070728,0.2909786896464161,0,0,0,0
0,0.09493565866399645,0.24290837343395358,0.13655988961459878,0.3978439138821537,0,0,0,0
0,0.0322041452060906,0.34689835861648544,0.07431499903070728,0.3978439138821537,0,0,0,0
0,0.16393021262376356,0.46802967848279525,0.07431499903070728,0.2909786896464161,0,0,0,0
0,0.11678641536620746,0.29776342191846417,0.07431499903070728,0.3978439138821537,0,0,0,0
0,0.6430509377372468,0.3914194459776425,0.7849054919390522,0.4568734218781583,1,0,1,0
0,0.6523147041040438,0.4322863557152334,0.4472301288753701,0.3978439138821537,1,0,0,0
0,0.19967686247108546,0.4067155437657449,0.13655988961459878,0.3978439138821537,0,0,0,0
0,0.37547282779486324,0.639675954357061,0.5234187052694159,0.701098738389222,0,1,1,1
0,0.0270848357662609,0.293082143567591,0.07431499903070728,0.2909786896464161,0,0,0,0
0,0.32996984408380825,0.5299232850869904,0.7119238007333535,0.4568734218781583,0,1,1,0
0,0.1866718984192521,0.47098382184996074,0.13655988961459878,0.3978439138821537,0,0,0,0
0,0.019845911873518633,0.17988534547025625,0.07431499903070728,0.15659063436336962,0,0,0,0
0,0.27908620129311107,0.4641459392350945,0.5234187052694159,0.37265323151672886,0,0,1,0
0,0.50754957175962,0.5473411920102818,0.5234187052694159,0.701098738389222,1,1,1,1
0,0.08744761842348925,0.3473340895973876,0.07431499903070728,0.3978439138821537,0,0,0,0
0,0.20383539850536891,0.46028821912797224,0.07431499903070728,0.701098738389222,0,0,0,1
0,0.5507816955015222,0.4681828140958136,0.4472301288753701,0.3978439138821537,1,0,0,0
0,0.07722824885301179,0.3606390074144752,0.07431499903070728,0.23888391686748214,0,0,0,0
0,0.22498977161807346,0.4171319387000535,0.5234187052694159,0.701098738389222,0,0,1,1
0,0.15540848831714735,0.4525116126692817,0.5234187052694159,0.4568734218781583,0,0,1,0
0,0.03525193012774169,0.18516258421469356,0.07431499903070728,0.15659063436336962,0,0,0,0
0,0.11082734557380389,0.22946774294332425,0.07103470408429507,0.2909786896464161,0,0,0,0
0,0.8777619333831139,0.5356541059397019,0.8761146978001559,0.3978439138821537,1,1,1,0
1,0.6349462227001818,0.29875608677804044,0.8761146978001559,0.3978439138821537,1,0,1,0
0,0.5755096212850893,0.45873668583853616,0.7119238007333535,0.701098738389222,1,0,1,1
1,0.9934196174933511,0.9802332777012641,0.9602234262685618,0.9479097084107246,1,1,1,1
1,0.9784541605541948,0.9073909541195173,0.9602234262685618,0.9479097084107246,1,1,1,1
0,0.1759246757396241,0.3982669832097525,0.5234187052694159,0.37265323151672886,0,0,1,0
0,0.23157561619526265,0.5612929709928294,0.07431499903070728,0.3978439138821537,0,1,0,0
0,0.81674231421336,0.45056511634030405,0.8761146978001559,0.3978439138821537,1,0,1,0
0,0.23099932203542334,0.5612039679377862,0.07431499903070728,0.37265323151672886,0,1,0,0
0,0.47857670990006046,0.5303964873268122,0.5234187052694159,0.701098738389222,0,1,1,1
0,0.43707043988778055,0.5563096233794363,0.13655988961459878,0.3978439138821537,0,1,0,0
0,0.1394583173120326,0.42913497652075583,0.07431499903070728,0.37265323151672886,0,0,0,0
0,0.229628580587367,0.17377831878150274,0.2843241992058826,0.15659063436336962,0,0,0,0
1,0.09578849186134447,0.2811134146437649,0.4472301288753701,0.8919618540568964,0,0,0,1
0,0.1475057295936994,0.3182191839431406,0.7119238007333535,0.37265323151672886,0,0,1,0
0,0.4756220365823488,0.531093279785724,0.13655988961459878,0.3978439138821537,0,1,0,0
0,0.10042066963618573,0.4611941445179839,0.07431499903070728,0.3978439138821537,0,0,0,0
0,0.060708733473913395,0.3272051232843206,0.07431499903070728,0.3978439138821537,0,0,0,0
0,0.2796664353095712,0.4665902880718677,0.5234187052694159,0.701098738389222,0,0,1,1
0,0.30872571927374004,0.6267669203762826,0.07431499903070728,0.701098738389222,0,1,0,1
0,0.8694818896574298,0.7014894894020375,0.7119238007333535,0.701098738389222,1,1,1,1
0,0.04584494202295643,0.18377912109581246,0.13655988961459878,0.15659063436336962,0,0,0,0
0,0.44435298604923956,0.5182469146503023,0.7119238007333535,0.701098738389222,0,1,1,1
0,0.16406871214998398,0.44759549318752717,0.13655988961459878,0.3978439138821537,0,0,0,0
0,0.07733041081055823,0.24989635776628188,0.13655988961459878,0.23888391686748214,0,0,0,0
0,0.46805653362886385,0.5086652247875504,0.4472301288753701,0.3978439138821537,0,1,0,0
0,0.10131049885597083,0.5056569435434554,0.07431499903070728,0.3978439138821537,0,1,0,0
0,0.20923711359242658,0.39139371632406195,0.13655988961459878,0.3978439138821537,0,0,0,0
0,0.2615516183791412,0.488394248276797,0.13655988961459878,0.3978439138821537,0,0,0,0
0,0.12582738779213426,0.39642643774682096,0.07431499903070728,0.37265323151672886,0,0,0,0
0,0.37746545666376446,0.46828575507295217,0.7119238007333535,0.701098738389222,0,0,1,1
0,0.18967226914609447,0.46762083594878223,0.07431499903070728,0.37265323151672886,0,0,0,0
0,0.25962052932046215,0.47548755863669323,0.5234187052694159,0.4568734218781583,0,0,1,0
1,0.7712601578055229,0.5057534817003063,0.7119238007333535,0.701098738389222,1,1,1,1
1,0.9448535901098232,0.8165700973289929,0.7119238007333535,0.701098738389222,1,1,1,1
0,0.3501951501812466,0.5306986013983044,0.5234187052694159,0.701098738389222,0,1,1,1
1,0.8077652870221084,0.3982305043888345,0.8761146978001559,0.3978439138821537,1,0,1,0
0,0.0895214621102335,0.2636210867980695,0.13655988961459878,0.23888391686748214,0,0,0,0
0,0.04241111589596079,0.32885854109935364,0.07431499903070728,0.4568734218781583,0,0,0,0
0,0.2113154459212394,0.446535032129383,0.13655988961459878,0.3978439138821537,0,0,0,0
0,0.21198088988950203,0.19620641445459874,0.07103470408429507,0.15659063436336962,0,0,0,0
0,0.19131878189323845,0.5039617202084892,0.07431499903070728,0.701098738389222,0,1,0,1
1,0.5477320310869804,0.6584847299032277,0.5234187052694159,0.701098738389222,1,1,1,1
0,0.05051231204633534,0.1659473272331928,0.07103470408429507,0.15659063436336962,0,0,0,0
0,0.04047997425620244,0.18277803453310218,0.13655988961459878,0.15659063436336962,0,0,0,0
0,0.13090454233635054,0.33743625548177436,0.043146073851833694,0.23888391686748214,0,0,0,0
1,0.9931415482526654,0.9484346780736765,0.966188612902029,0.9269601406234662,1,1,1,1
0,0.11503876851770073,0.3306485037477036,0.13655988961459878,0.3978439138821537,0,0,0,0
0,0.16284568818074446,0.36689302085395736,0.07431499903070728,0.701098738389222,0,0,0,1
0,0.029637758764135883,0.189019355734123,0.07431499903070728,0.15659063436336962,0,0,0,0
1,0.9902775274763231,0.9234042557682385,0.966188612902029,0.9479097084107246,1,1,1,1
0,0.01257031675664382,0.13102514298150839,0.07431499903070728,0.15659063436336962,0,0,0,0
0,0.12728411884012833,0.4264532077323648,0.5234187052694159,0.4568734218781583,0,0,1,0
0,0.05835032777941596,0.28914072451859724,0.07431499903070728,0.2909786896464161,0,0,0,0
0,0.5370195422809854,0.46506588373576563,0.7119238007333535,0.701098738389222,1,0,1,1
0,0.17685167647840555,0.36999230740111233,0.13655988961459878,0.3978439138821537,0,0,0,0
0,0.3597878457887771,0.46855123970376544,0.4472301288753701,0.3978439138821537,0,0,0,0
0,0.5376199117826902,0.5743120846564987,0.5234187052694159,0.701098738389222,1,1,1,1
0,0.08650645966178107,0.31320088849283195,0.07431499903070728,0.3978439138821537,0,0,0,0
0,0.08634916744850059,0.4027350679238934,0.07431499903070728,0.3978439138821537,0,0,0,0
0,0.2239615771615116,0.44535567330607234,0.13655988961459878,0.3978439138821537,0,0,0,0
0,0.08967345513905423,0.45580343719532884,0.07431499903070728,0.4568734218781583,0,0,0,0
0,0.07037970934529404,0.2461987659525559,0.043146073851833694,0.2909786896464161,0,0,0,0
0,0.3181645419412001,0.23554237272504394,0.624061140007934,0.2909786896464161,0,0,1,0
0,0.2226031228939189,0.4202344502422682,0.4472301288753701,0.3978439138821537,0,0,0,0
0,0.45196838988591814,0.6196155749988358,0.5234187052694159,0.701098738389222,0,1,1,1
0,0.6902826571411647,0.7907099141176231,0.5234187052694159,0.701098738389222,1,1,1,1
0,0.08620519997193286,0.24952323965040374,0.043146073851833694,0.15659063436336962,0,0,0,0
0,0.05035556753907211,0.1437037002860508,0.07103470408429507,0.2909786896464161,0,0,0,0
0,0.11819256851917533,0.20267817975006924,0.07103470408429507,0.2909786896464161,0,0,0,0
0,0.7396791035522787,0.4686983229137526,0.7849054919390522,0.3978439138821537,1,0,1,0
0,0.810516224047412,0.7977222718086504,0.5234187052694159,0.701098738389222,1,1,1,1
0,0.04366138831799034,0.3289579447586561,0.07431499903070728,0.3978439138821537,0,0,0,0
0,0.12009532127046431,0.43604231869648274,0.07431499903070728,0.3978439138821537,0,0,0,0
1,0.9659173897888239,0.9630437053064113,0.9369658288621653,0.9479097084107246,1,1,1,1
0,0.18081640202471477,0.5485630306975444,0.07431499903070728,0.3978439138821537,0,1,0,0
1,0.9093010323438889,0.298682627228706,0.8797509975750424,0.23888391686748214,1,0,1,0
0,0.27315196535642705,0.5604913417227426,0.07431499903070728,0.808688118677574,0,1,0,1
0,0.17237285738409014,0.3848261115321175,0.5234187052694159,0.37265323151672886,0,0,1,0
1,0.6290505334292695,0.6118221922016277,0.7119238007333535,0.6545986309349229,1,1,1,1
0,0.2026711336253154,0.5245644843551246,0.07431499903070728,0.3978439138821537,0,1,0,0
0,0.34738142427180146,0.5731382850659436,0.13655988961459878,0.3978439138821537,0,1,0,0
1,0.7550401551141074,0.432205664922451,0.7849054919390522,0.3978439138821537,1,0,1,0
0,0.046166317934944454,0.15955974613729978,0.07103470408429507,0.15659063436336962,0,0,0,0
0,0.09151148567745927,0.3552232985932366,0.07431499903070728,0.2909786896464161,0,0,0,0
0,0.06831228953987041,0.26577804405065786,0.13655988961459878,0.47969074013403357,0,0,0,0
1,0.6581851048312453,0.10806646677361587,0.8797509975750424,0.15659063436336962,1,0,1,0
0,0.6611360339577544,0.7726220973423561,0.5234187052694159,0.701098738389222,1,1,1,1
0,0.5171605519013271,0.591711965946642,0.7119238007333535,0.701098738389222,1,1,1,1
0,0.014553174459558298,0.16629657597014177,0.07431499903070728,0.23888391686748214,0,0,0,0
0,0.13679192193526443,0.42048739839096283,0.07431499903070728,0.3978439138821537,0,0,0,0
0,0.13307808216230052,0.4025498218963566,0.5234187052694159,0.4568734218781583,0,0,1,0
1,0.945234235064485,0.5469834632995276,0.8761146978001559,0.3978439138821537,1,1,1,0
0,0.03120645475330228,0.13858327039740942,0.13655988961459878,0.15659063436336962,0,0,0,0
0,0.4107432797088711,0.49791003806484163,0.13655988961459878,0.3978439138821537,0,0,0,0
0,0.03939809660300781,0.21203281171833344,0.07431499903070728,0.3978439138821537,0,0,0,0
0,0.7189634744302339,0.44161879238820584,0.7119238007333535,0.701098738389222,1,0,1,1
0,0.12465742469403218,0.21806993811642347,0.07103470408429507,0.23888391686748214,0,0,0,0
0,0.25980956480166034,0.5077454589870798,0.07431499903070728,0.3978439138821537,0,1,0,0
0,0.158925922578256,0.3268910246308378,0.13655988961459878,0.3978439138821537,0,0,0,0
0,0.31334878291755847,0.23797814109438215,0.624061140007934,0.2909786896464161,0,0,1,0
0,0.5632308116187444,0.566065387422277,0.4472301288753701,0.3978439138821537,1,1,0,0
0,0.729871515602153,0.467149342160095,0.7849054919390522,0.3978439138821537,1,0,1,0
0,0.16758211871247702,0.3221954328236979,0.4472301288753701,0.3978439138821537,0,0,0,0
1,0.9375092473695454,0.8481660281683738,0.7119238007333535,0.701098738389222,1,1,1,1
0,0.1390788413687936,0.2733176771744201,0.4472301288753701,0.3978439138821537,0,0,0,0
0,0.22298793112884377,0.5118783577735464,0.07431499903070728,0.37265323151672886,0,1,0,0
0,0.12288526283424057,0.1607850821595415,0.07103470408429507,0.15659063436336962,0,0,0,0
0,0.049385597068396646,0.33261831529558944,0.07431499903070728,0.3978439138821537,0,0,0,0
0,0.31217575871203435,0.6089860843389465,0.07431499903070728,0.4568734218781583,0,1,0,0
0,0.2752245681257509,0.5444212021625194,0.07431499903070728,0.701098738389222,0,1,0,1
0,0.07780254384006617,0.2850496374166244,0.13655988961459878,0.3978439138821537,0,0,0,0
0,0.07815847161996747,0.2194679241215952,0.13655988961459878,0.2909786896464161,0,0,0,0
0,0.5292656481668812,0.34622717573460937,0.7849054919390522,0.3978439138821537,1,0,1,0
0,0.4628609679245921,0.43434790629792874,0.7119238007333535,0.701098738389222,0,0,1,1
0,0.04320200880333161,0.11604042026162624,0.07103470408429507,0.15659063436336962,0,0,0,0
0,0.15104923986706562,0.37175621857792446,0.043146073851833694,0.23888391686748214,0,0,0,0
0,0.06417897498413407,0.32444099597908616,0.07431499903070728,0.2909786896464161,0,0,0,0
0,0.6711977445027684,0.4377295398988175,0.7119238007333535,0.701098738389222,1,0,1,1
0,0.3971390603585491,0.5107122510621649,0.7119238007333535,0.701098738389222,0,1,1,1
1,0.7178619412625967,0.5778965110946059,0.7119238007333535,0.701098738389222,1,1,1,1
0,0.4160834866536565,0.4782035564143004,0.13655988961459878,0.3978439138821537,0,0,0,0
0,0.5934538225433801,0.5266107874271165,0.7119238007333535,0.701098738389222,1,1,1,1
0,0.108027748145714,0.46382335649762474,0.07431499903070728,0.3978439138821537,0,0,0,0
0,0.16654038680886238,0.3559914153014628,0.043146073851833694,0.23888391686748214,0,0,0,0
0,0.08706117006379914,0.3715969446834741,0.13655988961459878,0.3978439138821537,0,0,0,0
0,0.7174479379587652,0.6369443782267641,0.7119238007333535,0.701098738389222,1,1,1,1
0,0.3721982784245151,0.626137510053742,0.07431499903070728,0.3978439138821537,0,1,0,0
0,0.6195345510388173,0.45512588909865753,0.7849054919390522,0.4568734218781583,1,0,1,0
0,0.3169573209070022,0.44332938797875465,0.5234187052694159,0.701098738389222,0,0,1,1
0,0.22305525801631704,0.4048010910652918,0.4472301288753701,0.3978439138821537,0,0,0,0
0,0.017329726740165852,0.16454815946145326,0.07431499903070728,0.2909786896464161,0,0,0,0
0,0.019778145636885756,0.13539288842902353,0.07431499903070728,0.15659063436336962,0,0,0,0
0,0.2931205517759607,0.42176633422418647,0.13655988961459878,0.3978439138821537,0,0,0,0
0,0.11647481584807932,0.21487126072236334,0.07103470408429507,0.15659063436336962,0,0,0,0
0,0.41877123636724206,0.48638588312778447,0.07431499903070728,0.701098738389222,0,0,0,1
1,0.684587913651746,0.522592529304467,0.7119238007333535,0.37265323151672886,1,1,1,0
0,0.13178119427334356,0.41977803313681783,0.5234187052694159,0.37265323151672886,0,0,1,0
0,0.14678620596237918,0.28962392183737856,0.07103470408429507,0.15659063436336962,0,0,0,0
0,0.4549191138335628,0.4840701603845081,0.4472301288753701,0.3978439138821537,0,0,0,0
0,0.16369407737203212,0.41940050857778,0.07431499903070728,0.3978439138821537,0,0,0,0
0,0.21367998163260898,0.501628222543448,0.13655988961459878,0.3978439138821537,0,1,0,0
1,0.6129562051986847,0.4939033909772622,0.4472301288753701,0.3978439138821537,1,0,0,0
0,0.028984956538639438,0.22762261476460338,0.07431499903070728,0.2909786896464161,0,0,0,0
0,0.13697619908823644,0.4453612344976758,0.07431499903070728,0.3978439138821537,0,0,0,0
0,0.09243615842233925,0.359755101645166,0.07431499903070728,0.2909786896464161,0,0,0,0
0,0.14355400363958642,0.470841277355158,0.07431499903070728,0.37265323151672886,0,0,0,0
0,0.11236442222757217,0.257385234691712,0.07103470408429507,0.15659063436336962,0,0,0,0
0,0.12496566705992293,0.38468721514189025,0.07431499903070728,0.3978439138821537,0,0,0,0
1,0.9671850899491976,0.9624867921082819,0.9369658288621653,0.9479097084107246,1,1,1,1
0,0.05121263513924803,0.30181254121201845,0.07431499903070728,0.23888391686748214,0,0,0,0
0,0.10396594089783502,0.3967018333752403,0.07431499903070728,0.2909786896464161,0,0,0,0
1,0.9233592464473118,0.3548455022713532,0.8797509975750424,0.2909786896464161,1,0,1,0
1,0.7250277469781029,0.8537981370713044,0.7563345524221652,0.9479097084107246,1,1,1,1
0,0.1714618469783667,0.3945729510860662,0.13655988961459878,0.3978439138821537,0,0,0,0
1,0.829322426399985,0.6672442442517625,0.7119238007333535,0.701098738389222,1,1,1,1
1,0.9639292876947931,0.938137396940553,0.9602234262685618,0.9479097084107246,1,1,1,1
1,0.21123996710919116,0.42055094034879487,0.07431499903070728,0.8919618540568964,0,0,0,1
0,0.31745599866698093,0.51695659099836,0.5234187052694159,0.37265323151672886,0,1,1,0
0,0.9822441932326856,0.511827784034065,0.9249893275964554,0.3978439138821537,1,1,1,0
0,0.18480885496300176,0.5362235462613113,0.07431499903070728,0.4568734218781583,0,1,0,0
0,0.13081787079211527,0.3720428867032244,0.5234187052694159,0.4568734218781583,0,0,1,0
0,0.32878845742250895,0.6014449934384256,0.07431499903070728,0.3978439138821537,0,1,0,0
0,0.05345025302550353,0.31802881852838777,0.07431499903070728,0.23888391686748214,0,0,0,0
0,0.5138188102352719,0.7376293822419452,0.7512025309012217,0.701098738389222,1,1,1,1
0,0.1723870835064578,0.5150912288002167,0.07431499903070728,0.3978439138821537,0,1,0,0
0,0.03983404340745837,0.24071950848753434,0.07431499903070728,0.37265323151672886,0,0,0,0
0,0.058046684099692006,0.33189719496445297,0.5234187052694159,0.4568734218781583,0,0,1,0
0,0.6358193320549866,0.1663927518886715,0.8797509975750424,0.23888391686748214,1,0,1,0
0,0.4321185989821401,0.6493810127402201,0.13655988961459878,0.3978439138821537,0,1,0,0
0,0.051694233591871426,0.3991759556007741,0.07431499903070728,0.37265323151672886,0,0,0,0
0,0.10476832264227506,0.4769173123654589,0.07431499903070728,0.3978439138821537,0,0,0,0
1,0.9590908161035288,0.31716298196484494,0.8797509975750424,0.2909786896464161,1,0,1,0
0,0.43684562379426634,0.5373220696283049,0.13655988961459878,0.3978439138821537,0,1,0,0
0,0.19979651615215122,0.48081784589885523,0.07431499903070728,0.701098738389222,0,0,0,1
0,0.02293006963431036,0.25305313637513643,0.07431499903070728,0.3978439138821537,0,0,0,0
0,0.9987877609142817,0.8647660364407701,0.9249893275964554,0.9269601406234662,1,1,1,1
1,0.6628718311599342,0.5035575746053521,0.7119238007333535,0.701098738389222,1,1,1,1
0,0.029746762626560883,0.19860463253538807,0.13655988961459878,0.15659063436336962,0,0,0,0
0,0.029415387729044465,0.3044295686270844,0.07431499903070728,0.3978439138821537,0,0,0,0
1,0.15821891332981816,0.11153706202073493,0.33476237395442404,0.2909786896464161,0,0,0,0
0,0.22932167290946487,0.37215721711797295,0.4472301288753701,0.3978439138821537,0,0,0,0
0,0.26289092210202086,0.5378083951495022,0.5234187052694159,0.701098738389222,0,1,1,1
0,0.5576620615606667,0.6390194237264464,0.5234187052694159,0.701098738389222,1,1,1,1
0,0.032571463575447705,0.18493517400662599,0.13655988961459878,0.15659063436336962,0,0,0,0
0,0.16899821441865617,0.3925073763437499,0.13655988961459878,0.3978439138821537,0,0,0,0
0,0.07400647112433119,0.3900933685910343,0.07431499903070728,0.3978439138821537,0,0,0,0
0,0.23044065147510473,0.49939894370241333,0.5234187052694159,0.37265323151672886,0,0,1,0
0,0.3437346964264242,0.5573277218093776,0.5234187052694159,0.701098738389222,0,1,1,1
0,0.7005417654004908,0.3380454659854985,0.8761146978001559,0.3978439138821537,1,0,1,0
0,0.03366733213875361,0.2813810501497003,0.07431499903070728,0.4568734218781583,0,0,0,0
0,0.07343843395859437,0.4268762052510379,0.07431499903070728,0.3978439138821537,0,0,0,0
0,0.4444987574160578,0.5391692149942096,0.07431499903070728,0.701098738389222,0,1,0,1
0,0.5875966941215679,0.5208111514670896,0.4472301288753701,0.3978439138821537,1,1,0,0
0,0.23947435780602036,0.34707534675824514,0.7119238007333535,0.701098738389222,0,0,1,1
1,0.4365100410973467,0.22096988638985512,0.624061140007934,0.2909786896464161,0,0,1,0
1,0.9596206635610635,0.5830381315930561,0.9249893275964554,0.701098738389222,1,1,1,1
0,0.44696947380036345,0.4116547245548152,0.7119238007333535,0.4568734218781583,0,0,1,0
0,0.626534838620295,0.4526921063179622,0.7849054919390522,0.3978439138821537,1,0,1,0
0,0.026366687109768253,0.19723890383067133,0.07431499903070728,0.15659063436336962,0,0,0,0
0,0.23758446522053916,0.4794719290084404,0.07431499903070728,0.701098738389222,0,0,0,1
0,0.1073471077926175,0.24678893338322347,0.13655988961459878,0.2909786896464161,0,0,0,0
0,0.08633879812169992,0.28803442585073086,0.13655988961459878,0.2909786896464161,0,0,0,0
0,0.10181702326808457,0.3346132971829383,0.5234187052694159,0.37265323151672886,0,0,1,0
0,0.06515788255845639,0.3091372599151292,0.07431499903070728,0.37265323151672886,0,0,0,0
0,0.13639915969430824,0.4534123177231387,0.07431499903070728,0.23888391686748214,0,0,0,0
0,0.026952179701407824,0.22247797634915245,0.07431499903070728,0.15659063436336962,0,0,0,0
0,0.17281551547256616,0.38683042677911605,0.07431499903070728,0.3978439138821537,0,0,0,0
0,0.12722097614524433,0.4326486280848669,0.07431499903070728,0.701098738389222,0,0,0,1
0,0.14894912416938216,0.39157737379933605,0.7119238007333535,0.4568734218781583,0,0,1,0
0,0.12557640512239338,0.28015933294835266,0.13655988961459878,0.23888391686748214,0,0,0,0
0,0.03442778008033434,0.1876993965392894,0.13655988961459878,0.23888391686748214,0,0,0,0
0,0.016411126211382777,0.15165358917189312,0.13655988961459878,0.3978439138821537,0,0,0,0
1,0.580761390363682,0.4424957075195276,0.7849054919390522,0.3978439138821537,1,0,1,0
0,0.5911297501984346,0.6713746564340862,0.5234187052694159,0.701098738389222,1,1,1,1
0,0.8416079480138088,0.5055056386146302,0.7849054919390522,0.3978439138821537,1,1,1,0
0,0.2886219795149158,0.42385185783894047,0.7119238007333535,0.4568734218781583,0,0,1,0
0,0.05121135352075688,0.18698331153353637,0.13655988961459878,0.23888391686748214,0,0,0,0
0,0.26925347344054934,0.5055973009166642,0.5234187052694159,0.6545986309349229,0,1,1,1
0,0.06306196794276422,0.1933121706437248,0.07103470408429507,0.15659063436336962,0,0,0,0
0,0.35737951037457777,0.42075189495373594,0.4472301288753701,0.3978439138821537,0,0,0,0
1,0.5005725290912199,0.4751278998997278,0.4472301288753701,0.3978439138821537,1,0,0,0
0,0.9753342747050362,0.4771307262741705,0.9249893275964554,0.3978439138821537,1,0,1,0
1,0.9522899165246346,0.9382368331054405,0.9602234262685618,0.0,1,1,1,0
0,0.4231868296897157,0.5100188350266515,0.5234187052694159,0.701098738389222,0,1,1,1
0,0.15078625520000297,0.4209543557095654,0.07431499903070728,0.37265323151672886,0,0,0,0
0,0.2531076621942609,0.5328843358902916,0.07431499903070728,0.3978439138821537,0,1,0,0
0,0.029917439606583923,0.25598557878722183,0.07431499903070728,0.3978439138821537,0,0,0,0
1,0.7158705035605658,0.7303486411069456,0.5234187052694159,0.701098738389222,1,1,1,1
0,0.11242270796023501,0.3930299572873474,0.07431499903070728,0.2909786896464161,0,0,0,0
0,0.3746362223700779,0.5180163766264593,0.4472301288753701,0.3978439138821537,0,1,0,0
0,0.1439051324874997,0.499062334355834,0.07431499903070728,0.701098738389222,0,0,0,1
0,0.9999773572441079,0.773243181230321,0.9249893275964554,0.701098738389222,1,1,1,1
0,0.4191915649793703,0.6783459399295847,0.07431499903070728,0.701098738389222,0,1,0,1
0,0.15953863370670743,0.4705384747281314,0.07431499903070728,0.37265323151672886,0,0,0,0
0,0.22833738770216414,0.47889495196164295,0.07431499903070728,0.701098738389222,0,0,0,1
0,0.2350802899487586,0.4928336574300943,0.07431499903070728,0.701098738389222,0,0,0,1
0,0.18696291580546276,0.3764012355107254,0.5234187052694159,0.701098738389222,0,0,1,1
0,0.10159678332526238,0.3959883623889733,0.07431499903070728,0.23888391686748214,0,0,0,0
0,0.8553281848718096,0.4958066470025248,0.7849054919390522,0.3978439138821537,1,0,1,0
1,0.8176122362257925,0.5302973669036826,0.7849054919390522,0.3978439138821537,1,1,1,0
0,0.12831467731675156,0.3835114022877299,0.07431499903070728,0.37265323151672886,0,0,0,0
0,0.03207734371767411,0.16985621253071873,0.07431499903070728,0.47969074013403357,0,0,0,0
0,0.1084707456952935,0.41960190186684787,0.07431499903070728,0.37265323151672886,0,0,0,0
0,0.1648607063076749,0.3506464428429875,0.5234187052694159,0.37265323151672886,0,0,1,0
0,0.03430937109800841,0.15189920392839157,0.13655988961459878,0.15659063436336962,0,0,0,0
0,0.20891077398285848,0.5112678349011829,0.07431499903070728,0.37265323151672886,0,1,0,0
0,0.9429400655845596,0.48750659346491393,0.9249893275964554,0.3978439138821537,1,0,1,0
0,0.10233925544062979,0.5574689338525891,0.13655988961459878,0.15659063436336962,0,1,0,0
0,0.10598130902653524,0.380635996720815,0.07431499903070728,0.701098738389222,0,0,0,1
1,0.9028788524629738,0.5538540608334149,0.8761146978001559,0.37265323151672886,1,1,1,0
0,0.11029058354841993,0.4225865041344299,0.07431499903070728,0.4568734218781583,0,0,0,0
0,0.7782051553480537,0.7176654014815321,0.7119238007333535,0.701098738389222,1,1,1,1
0,0.299909613584257,0.33336691845508626,0.07103470408429507,0.2909786896464161,0,0,0,0
0,0.21397195140867697,0.18464525230467083,0.2843241992058826,0.15659063436336962,0,0,0,0
0,0.07288697885272685,0.1998469169394845,0.07103470408429507,0.2909786896464161,0,0,0,0
0,0.5613216374951353,0.18491496284123976,0.7616858140337348,0.15659063436336962,1,0,1,0
0,0.18186445073253216,0.464837019717459,0.13655988961459878,0.3978439138821537,0,0,0,0
0,0.02382882799184323,0.19087602447014193,0.07431499903070728,0.15659063436336962,0,0,0,0
1,0.7519583572159281,0.2088026338653847,0.8797509975750424,0.15659063436336962,1,0,1,0
0,0.9592797940469894,0.455912216627617,0.9249893275964554,0.3978439138821537,1,0,1,0
0,0.1924442561372721,0.17731364268693997,0.2843241992058826,0.15659063436336962,0,0,0,0
0,0.08556586014450152,0.3987848591556946,0.13655988961459878,0.2909786896464161,0,0,0,0
0,0.2785372109989869,0.44905351052508474,0.7119238007333535,0.4568734218781583,0,0,1,0
0,0.11147312489210691,0.32252542344256013,0.07431499903070728,0.3978439138821537,0,0,0,0
1,0.7286691728163796,0.8127793341526017,0.9602234262685618,0.9479097084107246,1,1,1,1
0,0.6371274854163643,0.8161828359852508,0.4986819481082508,0.701098738389222,1,1,0,1
1,0.40896117413508626,0.6309381251983961,0.5234187052694159,0.701098738389222,0,1,1,1
0,0.08933197392063986,0.2477358510068415,0.07103470408429507,0.23888391686748214,0,0,0,0
0,0.2248760221063129,0.35413553338009773,0.5234187052694159,0.701098738389222,0,0,1,1
0,0.5710776205735867,0.763075033040992,0.07431499903070728,0.701098738389222,1,1,0,1
0,0.5330607688187814,0.5294598706844165,0.4472301288753701,0.3978439138821537,1,1,0,0
1,0.6876585617867904,0.44811804593881344,0.7849054919390522,0.3978439138821537,1,0,1,0
0,0.07117824816967824,0.2524834284522592,0.07431499903070728,0.3978439138821537,0,0,0,0
0,0.07215012773951517,0.25622086902640945,0.13655988961459878,0.23888391686748214,0,0,0,0
0,0.9293588883258416,0.17400425040278336,0.8797509975750424,0.15659063436336962,1,0,1,0
0,0.12550510678840016,0.339273791849576,0.043146073851833694,0.2909786896464161,0,0,0,0
0,0.0016696188694809953,0.08570637925954097,0.07431499903070728,0.3978439138821537,0,0,0,0
0,0.22244259693721616,0.5437956765451915,0.07431499903070728,0.3978439138821537,0,1,0,0
0,0.0640602751933142,0.30765351313308725,0.07431499903070728,0.3978439138821537,0,0,0,0
0,0.06687381791713332,0.30762598700319893,0.07431499903070728,0.23888391686748214,0,0,0,0
0,0.085408403074908,0.30417367090186165,0.07431499903070728,0.3978439138821537,0,0,0,0
0,0.07110021935076476,0.42905391070986554,0.07431499903070728,0.3978439138821537,0,0,0,0
0,0.28202159694494167,0.5128734732304714,0.07431499903070728,0.3978439138821537,0,1,0,0
0,0.2460454779345125,0.34088741231906666,0.043146073851833694,0.2909786896464161,0,0,0,0
0,0.03327588882321887,0.2214123045270637,0.07431499903070728,0.2909786896464161,0,0,0,0
1,0.685017382915156,0.4639903930754203,0.7119238007333535,0.37265323151672886,1,0,1,0
0,0.09890773606748916,0.27806420684621713,0.13655988961459878,0.2909786896464161,0,0,0,0
0,0.40578719721461265,0.44703447068082935,0.13655988961459878,0.3978439138821537,0,0,0,0
0,0.5850444899193328,0.6252704124876902,0.5234187052694159,0.701098738389222,1,1,1,1
0,0.022906293084243544,0.33204227634073724,0.07431499903070728,0.4568734218781583,0,0,0,0
0,0.9246317513849625,0.3831788312163407,0.9249893275964554,0.3978439138821537,1,0,1,0
1,0.7321492846536465,0.18386997578861056,0.8797509975750424,0.15659063436336962,1,0,1,0
0,0.2450979122167364,0.3154556876641613,0.4472301288753701,0.3978439138821537,0,0,0,0
0,0.11116881475285871,0.3887223677657741,0.13655988961459878,0.3978439138821537,0,0,0,0
0,0.4846224642756678,0.6338944348492,0.5234187052694159,0.701098738389222,0,1,1,1
1,0.9763525859341086,0.39772284336609265,0.9249893275964554,0.37265323151672886,1,0,1,0
0,0.11169994027134332,0.28723222978337376,0.13655988961459878,0.3978439138821537,0,0,0,0
0,0.19077463333046926,0.36990037261455305,0.4472301288753701,0.3978439138821537,0,0,0,0
0,0.21965680747092636,0.46687695793949974,0.13655988961459878,0.3978439138821537,0,0,0,0
0,0.03921043629291625,0.18750724996259097,0.13655988961459878,0.15659063436336962,0,0,0,0
0,0.031312345559218795,0.2850172206826438,0.07431499903070728,0.15659063436336962,0,0,0,0
0,0.29323646776394846,0.3340701217879614,0.4472301288753701,0.3978439138821537,0,0,0,0
1,0.9687788497730992,0.8888850564256686,0.9602234262685618,0.9479097084107246,1,1,1,1
0,0.018133747140023262,0.2035074261941437,0.07431499903070728,0.15659063436336962,0,0,0,0
0,0.16978006021131506,0.29568409251041466,0.4472301288753701,0.3978439138821537,0,0,0,0
0,0.687158195362678,0.6795342040602891,0.13655988961459878,0.3978439138821537,1,1,0,0
0,0.0984091112747331,0.4347995381241695,0.07431499903070728,0.23888391686748214,0,0,0,0
0,0.4613982279865913,0.5947962201734269,0.5234187052694159,0.701098738389222,0,1,1,1
0,0.1526821072408019,0.5001420421315518,0.5234187052694159,0.37265323151672886,0,1,1,0
1,0.6884549610023946,0.38352231573923823,0.8761146978001559,0.3978439138821537,1,0,1,0
0,0.1149843018170564,0.4311998946337397,0.07431499903070728,0.3978439138821537,0,0,0,0
0,0.4233905859082572,0.47359835946274936,0.4472301288753701,0.3978439138821537,0,0,0,0
0,0.6025411099638904,0.7038388238305734,0.5234187052694159,0.701098738389222,1,1,1,1
0,0.2151657543403374,0.4877908794821847,0.07431499903070728,0.701098738389222,0,0,0,1
0,0.1788686204172369,0.3701770487171135,0.4472301288753701,0.3978439138821537,0,0,0,0
0,0.5870211846071514,0.5525783816967557,0.5234187052694159,0.701098738389222,1,1,1,1
0,0.10959808488523337,0.23979634159281252,0.13655988961459878,0.2909786896464161,0,0,0,0
0,0.033104927864696036,0.19172796723614924,0.07431499903070728,0.2909786896464161,0,0,0,0
1,0.43083423831277906,0.5613493617178473,0.7119238007333535,0.4568734218781583,0,1,1,0
0,0.12366896670381321,0.20870497122645565,0.07103470408429507,0.2909786896464161,0,0,0,0
0,0.13951840259212084,0.4560522834276473,0.07431499903070728,0.37265323151672886,0,0,0,0
0,0.2541636869950996,0.4278590721563557,0.4472301288753701,0.3978439138821537,0,0,0,0
0,0.1639765611940591,0.376775810525327,0.4472301288753701,0.3978439138821537,0,0,0,0
0,0.289270007443482,0.39154143800114405,0.4472301288753701,0.3978439138821537,0,0,0,0
0,0.061546431008006955,0.23955570853175975,0.13655988961459878,0.2909786896464161,0,0,0,0
1,0.9757039549911047,0.5000405024660669,0.9249893275964554,0.37265323151672886,1,1,1,0
0,0.2647775310591657,0.522364717889389,0.13655988961459878,0.3978439138821537,0,1,0,0
1,0.4176409554873412,0.39804212309660436,0.4472301288753701,0.3978439138821537,0,0,0,0
0,0.02547974712193805,0.18972677799359944,0.07431499903070728,0.15659063436336962,0,0,0,0
0,0.01791987315143724,0.18189131011686477,0.07431499903070728,0.2909786896464161,0,0,0,0
0,0.05640309420396202,0.24819794361680256,0.07431499903070728,0.3978439138821537,0,0,0,0
0,0.01243702742450755,0.122606778220678,0.13655988961459878,0.15659063436336962,0,0,0,0
0,0.19054256775806772,0.38904907512135195,0.4472301288753701,0.3978439138821537,0,0,0,0
0,0.09962589931249141,0.3900217201473185,0.5234187052694159,0.4568734218781583,0,0,1,0
0,0.10584781935691362,0.4753021085052016,0.07431499903070728,0.701098738389222,0,0,0,1
0,0.3147033088379594,0.6487079061852398,0.07431499903070728,0.701098738389222,0,1,0,1
0,0.2855433872687917,0.5460862632936379,0.5234187052694159,0.37265323151672886,0,1,1,0
1,0.9647330304351225,0.9496104446600825,0.9602234262685618,0.9479097084107246,1,1,1,1
0,0.04663689361497317,0.18370731592171105,0.13655988961459878,0.15659063436336962,0,0,0,0
0,0.18693217641942073,0.47943493697600403,0.07431499903070728,0.701098738389222,0,0,0,1
1,0.8768062846102913,0.8518015171236359,0.9602234262685618,0.9479097084107246,1,1,1,1
0,0.03877453474258376,0.21534712603742057,0.07431499903070728,0.2909786896464161,0,0,0,0
1,0.5639599003203142,0.396039144013087,0.7119238007333535,0.701098738389222,1,0,1,1
1,0.9999849484284076,0.7406346765795213,0.9249893275964554,0.3978439138821537,1,1,1,0
0,0.08307012358658496,0.26926099316577723,0.13655988961459878,0.3978439138821537,0,0,0,0
0,0.09313318290100527,0.3647384901322438,0.07431499903070728,0.37265323151672886,0,0,0,0
0,0.1966512114323076,0.4087197282311279,0.5234187052694159,0.37265323151672886,0,0,1,0
0,0.08150001274205948,0.40635764178393136,0.07431499903070728,0.37265323151672886,0,0,0,0
0,0.018390172725641748,0.1500734320440073,0.13655988961459878,0.23888391686748214,0,0,0,0
0,0.06661256140408052,0.36281950335131147,0.07431499903070728,0.3978439138821537,0,0,0,0
0,0.6180176427572319,0.809189262696447,0.4986819481082508,0.701098738389222,1,1,0,1
0,0.822891833185654,0.48453709444917675,0.7849054919390522,0.701098738389222,1,0,1,1
0,0.06612534336515222,0.16501011226335235,0.07103470408429507,0.23888391686748214,0,0,0,0
0,0.08423773651151854,0.24405487011440002,0.07103470408429507,0.2909786896464161,0,0,0,0
0,0.03335164719026989,0.17485759952365845,0.043146073851833694,0.15659063436336962,0,0,0,0
0,0.308944845639751,0.5578451634408277,0.13655988961459878,0.8919618540568964,0,1,0,1
0,0.16546661339125335,0.4519736351101994,0.5234187052694159,0.37265323151672886,0,0,1,0
0,0.2535339121323257,0.5379051405027065,0.5234187052694159,0.37265323151672886,0,1,1,0
0,0.572435653557953,0.6229699169213289,0.5234187052694159,0.701098738389222,1,1,1,1
0,0.07876043943420767,0.4536369635108967,0.07431499903070728,0.3978439138821537,0,0,0,0
0,0.21165641313484798,0.5065961797028382,0.07431499903070728,0.701098738389222,0,1,0,1
0,0.1841176379923881,0.36932941677425857,0.13655988961459878,0.3978439138821537,0,0,0,0
1,0.224861274267593,0.1676896812272988,0.2843241992058826,0.15659063436336962,0,0,0,0
0,0.11697231324423008,0.4626421479206927,0.07431499903070728,0.37265323151672886,0,0,0,0
0,0.3401043877314586,0.5631235510300769,0.13655988961459878,0.3978439138821537,0,1,0,0
0,0.15793275593446146,0.35502600269359924,0.7119238007333535,0.4568734218781583,0,0,1,0
1,0.919371933055433,0.9152398729610389,0.9602234262685618,0.8342236211422674,1,1,1,1
0,0.28691664929862903,0.4109369998370396,0.4472301288753701,0.3978439138821537,0,0,0,0
0,0.35059554123894954,0.5660842862888953,0.13655988961459878,0.3978439138821537,0,1,0,0
0,0.3945032324726996,0.5040094837269288,0.7119238007333535,0.701098738389222,0,1,1,1
0,0.06325679986124617,0.30287977375559794,0.13655988961459878,0.3978439138821537,0,0,0,0
0,0.46702729027884754,0.47204940637112963,0.4472301288753701,0.3978439138821537,0,0,0,0
0,0.3483117092428411,0.35665631316420204,0.4472301288753701,0.3978439138821537,0,0,0,0
0,0.3947353783359557,0.4814055946831985,0.7119238007333535,0.4568734218781583,0,0,1,0
0,0.3155746130774364,0.4641851095940054,0.7119238007333535,0.701098738389222,0,0,1,1
0,0.119587864854432,0.43007634011193646,0.07431499903070728,0.37265323151672886,0,0,0,0
0,0.1374744361057177,0.28837825607450246,0.13655988961459878,0.2909786896464161,0,0,0,0
0,0.20646992676442377,0.27844778878791276,0.07103470408429507,0.23888391686748214,0,0,0,0
0,0.08395877959781772,0.37329816561120005,0.07431499903070728,0.3978439138821537,0,0,0,0
0,0.2888736321778217,0.40896596039322053,0.7119238007333535,0.37265323151672886,0,0,1,0
0,0.05302483992967699,0.16541520656285003,0.07103470408429507,0.15659063436336962,0,0,0,0
1,0.2926500810157353,0.11693176384145364,0.7616858140337348,0.47969074013403357,0,0,1,0
0,0.24065528025374042,0.5489603812288277,0.5234187052694159,0.4568734218781583,0,1,1,0
1,0.7613410355951312,0.7430369418654673,0.5234187052694159,0.701098738389222,1,1,1,1
0,0.4435965495644502,0.5051895507232054,0.7119238007333535,0.701098738389222,0,1,1,1
0,0.31128718361600766,0.4575402776058146,0.13655988961459878,0.3978439138821537,0,0,0,0
0,0.09240005305558775,0.23810129381108006,0.13655988961459878,0.2909786896464161,0,0,0,0
0,0.04984482366057776,0.2907870845575737,0.13655988961459878,0.3978439138821537,0,0,0,0
0,0.15666201639682822,0.46596013561943184,0.07431499903070728,0.4568734218781583,0,0,0,0
1,0.9965852196308188,0.3643826135813835,0.8797509975750424,0.23888391686748214,1,0,1,0
0,0.02262929350241947,0.1753091511800323,0.07431499903070728,0.15659063436336962,0,0,0,0
0,0.4008799388686559,0.49610202917911383,0.4472301288753701,0.3978439138821537,0,0,0,0
0,0.11966948766514378,0.4507139655935514,0.07431499903070728,0.3978439138821537,0,0,0,0
0,0.2861548236374145,0.5071091917136185,0.7119238007333535,0.4568734218781583,0,1,1,0
0,0.4021273517859308,0.6066190591293621,0.5234187052694159,0.701098738389222,0,1,1,1
0,0.9376580536491055,0.3120308350850494,0.8797509975750424,0.2909786896464161,1,0,1,0
0,0.2919700949083751,0.5574376625991422,0.07431499903070728,0.701098738389222,0,1,0,1
0,0.9444902349828085,0.9311179503561015,0.9369658288621653,0.9479097084107246,1,1,1,1
0,0.1909276545404535,0.3413628959778956,0.043146073851833694,0.23888391686748214,0,0,0,0
0,0.08155258628461821,0.1902744686076493,0.07103470408429507,0.15659063436336962,0,0,0,0
0,0.0560264275757542,0.32914163175418276,0.07431499903070728,0.3978439138821537,0,0,0,0
0,0.4296970242898879,0.4309659013401165,0.4472301288753701,0.3978439138821537,0,0,0,0
0,0.08973164630690118,0.2776559997971262,0.13655988961459878,0.23888391686748214,0,0,0,0
0,0.0646708887334821,0.23919906177563102,0.4472301288753701,0.3978439138821537,0,0,0,0
0,0.12823404980734493,0.3582428326890692,0.07431499903070728,0.3978439138821537,0,0,0,0
0,0.35104254971104626,0.3409777652949985,0.4472301288753701,0.3978439138821537,0,0,0,0
0,0.3049066225803946,0.5210718205103858,0.7119238007333535,0.4568734218781583,0,1,1,0
0,0.06281631549414553,0.3491171834162163,0.07431499903070728,0.3978439138821537,0,0,0,0
0,0.9919027206154337,0.5520773285561481,0.9249893275964554,0.4568734218781583,1,1,1,0
0,0.06459681820967005,0.1962857429130082,0.13655988961459878,0.15659063436336962,0,0,0,0
0,0.8903092635046747,0.9377966832862066,0.7563345524221652,0.9479097084107246,1,1,1,1
0,0.06429067274258474,0.2518102057141981,0.07431499903070728,0.15659063436336962,0,0,0,0
0,0.46960393085457697,0.40615448650981795,0.7119238007333535,0.37265323151672886,0,0,1,0
0,0.15748105157347975,0.3565882601359273,0.5234187052694159,0.37265323151672886,0,0,1,0
0,0.09460554230176052,0.35812047351363746,0.07431499903070728,0.37265323151672886,0,0,0,0
1,0.984329948318532,0.8648639228538553,0.966188612902029,0.9269601406234662,1,1,1,1
0,0.983998572992826,0.9688649907265175,0.9602234262685618,0.9479097084107246,1,1,1,1
0,0.3737501815028638,0.38695672030553313,0.4472301288753701,0.3978439138821537,0,0,0,0
0,0.015509869389711836,0.14898965851217988,0.07431499903070728,0.15659063436336962,0,0,0,0
0,0.03533701006522611,0.30335878218893675,0.07431499903070728,0.23888391686748214,0,0,0,0
0,0.6862100803678972,0.44543439230486287,0.4472301288753701,0.3978439138821537,1,0,0,0
0,0.43004950929889924,0.42333783543105646,0.07103470408429507,0.2909786896464161,0,0,0,0
0,0.8148181762644772,0.6892461961700064,0.7119238007333535,0.701098738389222,1,1,1,1
0,0.051581227481062225,0.2840436227759283,0.07431499903070728,0.23888391686748214,0,0,0,0
1,0.951864949226967,0.822399790647349,0.7119238007333535,0.701098738389222,1,1,1,1
0,0.7311356881156171,0.7877858971605125,0.5234187052694159,0.701098738389222,1,1,1,1
0,0.19723599805862574,0.17861101285168626,0.2843241992058826,0.2909786896464161,0,0,0,0
1,0.9087551749693898,0.8339135379529836,0.7119238007333535,0.701098738389222,1,1,1,1
0,0.07541596593130422,0.32760002734337607,0.07431499903070728,0.701098738389222,0,0,0,1
1,0.5958028212369326,0.5690662475343907,0.7119238007333535,0.6545986309349229,1,1,1,1
0,0.16771940630019672,0.4955573858508692,0.5234187052694159,0.37265323151672886,0,0,1,0
0,0.10676987864321243,0.2389298112003903,0.043146073851833694,0.15659063436336962,0,0,0,0
0,0.433403874156342,0.5818701858375491,0.5234187052694159,0.701098738389222,0,1,1,1
0,0.04744280402646218,0.32188545351032777,0.07431499903070728,0.3978439138821537,0,0,0,0
0,0.062024051126243346,0.2766402507900538,0.13655988961459878,0.3978439138821537,0,0,0,0
0,0.2839697719758651,0.46854435044380943,0.13655988961459878,0.3978439138821537,0,0,0,0
0,0.06940230401698046,0.3671974480778134,0.07431499903070728,0.3978439138821537,0,0,0,0
1,0.935902233384169,0.3674069153684745,0.9249893275964554,0.701098738389222,1,0,1,1
0,0.06794387593824608,0.4208179088656521,0.07431499903070728,0.3978439138821537,0,0,0,0
0,0.021532009817443635,0.23755059186668295,0.07431499903070728,0.3978439138821537,0,0,0,0
0,0.051711424533048965,0.2707294672867792,0.07431499903070728,0.23888391686748214,0,0,0,0
0,0.6804199696834111,0.5258420570852252,0.7119238007333535,0.701098738389222,1,1,1,1
0,0.828476750915436,0.3443042128347675,0.8761146978001559,0.6545986309349229,1,0,1,1
0,0.03307484616867767,0.3073776393581242,0.07431499903070728,0.3978439138821537,0,0,0,0
0,0.24681183768426587,0.5281361529985339,0.07431499903070728,0.701098738389222,0,1,0,1
0,0.06475564258138321,0.20836171600339629,0.07103470408429507,0.23888391686748214,0,0,0,0
0,0.10514119374585239,0.3106242232040711,0.13655988961459878,0.2909786896464161,0,0,0,0
0,0.21920106897820818,0.4453157464888381,0.5234187052694159,0.37265323151672886,0,0,1,0
0,0.17160433488605467,0.5384045987790584,0.07431499903070728,0.3978439138821537,0,1,0,0
1,0.9697634254627873,0.9356131867212573,0.9602234262685618,0.9479097084107246,1,1,1,1
0,0.046402530778692684,0.3111886038208947,0.07431499903070728,0.3978439138821537,0,0,0,0
0,0.07427580214426789,0.3130718411669687,0.07431499903070728,0.23888391686748214,0,0,0,0
1,0.9202896662826909,0.8686080284355795,0.9602234262685618,0.9479097084107246,1,1,1,1
0,0.1197259562076603,0.4325859104796494,0.5234187052694159,0.4568734218781583,0,0,1,0
0,0.5505237452111786,0.5704789296114572,0.4472301288753701,0.3978439138821537,1,1,0,0
0,0.23269476716319207,0.46399732696510515,0.13655988961459878,0.3978439138821537,0,0,0,0
1,0.8069667774958268,0.8500297359661543,0.9369658288621653,0.9479097084107246,1,1,1,1
0,0.03162087529563288,0.23355522044359023,0.13655988961459878,0.3978439138821537,0,0,0,0
0,0.20992097771808063,0.531256073598537,0.07431499903070728,0.3978439138821537,0,1,0,0
0,0.42666130334369246,0.535586260019891,0.13655988961459878,0.3978439138821537,0,1,0,0
0,0.974515206071697,0.649401427805428,0.8761146978001559,0.3978439138821537,1,1,1,0
0,0.2502904803814599,0.5483026093078918,0.5234187052694159,0.4568734218781583,0,1,1,0
0,0.39693705037377,0.6106612621849864,0.5234187052694159,0.701098738389222,0,1,1,1
0,0.04782230166135437,0.2091325148863341,0.13655988961459878,0.15659063436336962,0,0,0,0
0,0.10471813326205745,0.39584855202162383,0.07431499903070728,0.37265323151672886,0,0,0,0
1,0.11345243590339882,0.2118287626245599,0.07103470408429507,0.23888391686748214,0,0,0,0
0,0.045257048998069475,0.30690810170798427,0.07431499903070728,0.37265323151672886,0,0,0,0
0,0.053008377857024905,0.222049614502252,0.13655988961459878,0.15659063436336962,0,0,0,0
1,0.8617966876569879,0.4770154711420278,0.8761146978001559,0.3978439138821537,1,0,1,0
0,0.06248421392764591,0.2417778573041412,0.13655988961459878,0.9005766600713422,0,0,0,1
0,0.08205310512184766,0.18819411638427055,0.07103470408429507,0.15659063436336962,0,0,0,0
0,0.04935039347286868,0.17616626162991944,0.13655988961459878,0.15659063436336962,0,0,0,0
0,0.0945734281859107,0.3155335836953176,0.07431499903070728,0.3978439138821537,0,0,0,0
0,0.5108090482770012,0.4247085005669229,0.7119238007333535,0.6545986309349229,1,0,1,1
0,0.22918801306965952,0.513192823041175,0.07431499903070728,0.3978439138821537,0,1,0,0
0,0.30666362152096993,0.6624057869640683,0.07431499903070728,0.701098738389222,0,1,0,1
0,0.11926694544663863,0.31496257882844364,0.07431499903070728,0.2909786896464161,0,0,0,0
0,0.14589598580983656,0.44636138131638786,0.5234187052694159,0.37265323151672886,0,0,1,0
0,0.015258486458475513,0.16049238991384263,0.13655988961459878,0.23888391686748214,0,0,0,0
1,0.9800647944968495,0.5009852813270205,0.9249893275964554,0.37265323151672886,1,1,1,0
0,0.07938247053954148,0.2948643645922949,0.13655988961459878,0.3978439138821537,0,0,0,0
0,0.04104052543294803,0.21170724750331876,0.07431499903070728,0.15659063436336962,0,0,0,0
0,0.503330917183446,0.2463696227718747,0.624061140007934,0.23888391686748214,1,0,1,0
0,0.36004717211727727,0.5607357305756792,0.5234187052694159,0.701098738389222,0,1,1,1
0,0.11654577180435641,0.37669379844494233,0.07431499903070728,0.2909786896464161,0,0,0,0
0,0.11658914354963104,0.2260346874654526,0.07103470408429507,0.2909786896464161,0,0,0,0
1,0.49950376943562824,0.38710678272891397,0.7119238007333535,0.701098738389222,0,0,1,1
0,0.08152219518892054,0.4032365891100077,0.07431499903070728,0.3978439138821537,0,0,0,0
0,0.44270759542326815,0.5679899457164795,0.4472301288753701,0.3978439138821537,0,1,0,0
0,0.19521675213623335,0.5631315232418859,0.4986819481082508,0.2909786896464161,0,1,0,0
0,0.13213121409136508,0.26974644454249674,0.07103470408429507,0.2909786896464161,0,0,0,0
0,0.04142100174108382,0.2401979743733701,0.07431499903070728,0.2909786896464161,0,0,0,0
0,0.27258009933515115,0.5736472052064431,0.07431499903070728,0.37265323151672886,0,1,0,0
1,0.8906820828079516,0.6840756450433614,0.7119238007333535,0.701098738389222,1,1,1,1
0,0.039014592473906165,0.20215714433444787,0.07431499903070728,0.2909786896464161,0,0,0,0
0,0.023297597042995173,0.16887947228930564,0.07431499903070728,0.15659063436336962,0,0,0,0
0,0.1846018316690389,0.4187449780523525,0.5234187052694159,0.701098738389222,0,0,1,1
0,0.08051680729223244,0.24613687463098635,0.13655988961459878,0.2909786896464161,0,0,0,0
0,0.21642518829199472,0.4339164977496995,0.13655988961459878,0.3978439138821537,0,0,0,0
0,0.6202780484510053,0.30499527122722453,0.7849054919390522,0.3978439138821537,1,0,1,0
1,0.9308135094241596,0.8802005175283656,0.9602234262685618,0.9479097084107246,1,1,1,1
0,0.17203142377490796,0.3414145216145352,0.4472301288753701,0.3978439138821537,0,0,0,0
1,0.9288207164732174,0.8780795683016224,0.7119238007333535,0.701098738389222,1,1,1,1
0,0.15483984310906104,0.4655553680511635,0.07431499903070728,0.37265323151672886,0,0,0,0
0,0.0439663998331477,0.3428362304078266,0.07431499903070728,0.3978439138821537,0,0,0,0
0,0.197231471890262,0.3250211210396233,0.043146073851833694,0.23888391686748214,0,0,0,0
0,0.30176511226825253,0.5652602372251728,0.5234187052694159,0.37265323151672886,0,1,1,0
0,0.232094381261197,0.2564733733880716,0.07103470408429507,0.2909786896464161,0,0,0,0
0,0.005293541524333485,0.1033328219324856,0.07431499903070728,0.15659063436336962,0,0,0,0
0,0.18862650507247128,0.46529962022434657,0.07431499903070728,0.23888391686748214,0,0,0,0
0,0.6056049904738503,0.583628052592525,0.4472301288753701,0.3978439138821537,1,1,0,0
1,0.5998556108384148,0.32144195777399726,0.7849054919390522,0.3978439138821537,1,0,1,0
0,0.2171383267916966,0.5661029698179846,0.07431499903070728,0.701098738389222,0,1,0,1
0,0.19644376507391018,0.4448594478546711,0.5234187052694159,0.701098738389222,0,0,1,1
0,0.26479562643170124,0.38594115432563614,0.07103470408429507,0.2909786896464161,0,0,0,0
0,0.6034100053320327,0.571530575156733,0.7119238007333535,0.701098738389222,1,1,1,1
0,0.1824735010498313,0.5048759337207935,0.07431499903070728,0.3978439138821537,0,1,0,0
0,0.6351518495204213,0.49159206867057614,0.7849054919390522,0.4568734218781583,1,0,1,0
0,0.06029660863959252,0.3312507765759386,0.07431499903070728,0.2909786896464161,0,0,0,0
0,0.279680505508136,0.35600174167105814,0.07103470408429507,0.23888391686748214,0,0,0,0
0,0.06374720175431638,0.2807309985995984,0.043146073851833694,0.23888391686748214,0,0,0,0
0,0.16430587792352616,0.18531638196600916,0.07103470408429507,0.15659063436336962,0,0,0,0
0,0.08375987676739377,0.4509615338993648,0.07431499903070728,0.3978439138821537,0,0,0,0
1,0.815669063451794,0.7115211094161892,0.4472301288753701,0.808688118677574,1,1,0,1
0,0.12397506045111506,0.35471537644506196,0.5234187052694159,0.37265323151672886,0,0,1,0
1,0.9546842258738663,0.5043027494974552,0.9249893275964554,0.6545986309349229,1,1,1,1
1,0.8180084702471914,0.684870582810865,0.4472301288753701,0.3978439138821537,1,1,0,0
0,0.742507207953207,0.5148300187110527,0.4472301288753701,0.3978439138821537,1,1,0,0
0,0.22956747858863316,0.4530374848203727,0.5234187052694159,0.37265323151672886,0,0,1,0
0,0.9664367765631521,0.8383788600056034,0.7849054919390522,0.701098738389222,1,1,1,1
0,0.735722158534813,0.5846864900815487,0.7119238007333535,0.4568734218781583,1,1,1,0
0,0.6395471165748221,0.5777899349515649,0.7119238007333535,0.4568734218781583,1,1,1,0
0,0.6767497454663081,0.5577621294821452,0.7119238007333535,0.701098738389222,1,1,1,1
0,0.25711453662799166,0.37103037625806223,0.07103470408429507,0.23888391686748214,0,0,0,0
0,0.040978594181551094,0.3246152898501496,0.07431499903070728,0.3978439138821537,0,0,0,0
0,0.372497141652297,0.47030974634019906,0.7119238007333535,0.37265323151672886,0,0,1,0
0,0.14506823176613137,0.4498516531685302,0.07431499903070728,0.23888391686748214,0,0,0,0
0,0.050700608417727416,0.17726706905669934,0.13655988961459878,0.15659063436336962,0,0,0,0
0,0.28425343881223963,0.43346486537790263,0.7119238007333535,0.37265323151672886,0,0,1,0
0,0.9979926863902199,0.46811958867911396,0.9249893275964554,0.37265323151672886,1,0,1,0
0,0.8603079040178149,0.8760390902253604,0.9369658288621653,0.9269601406234662,1,1,1,1
0,0.318250268435022,0.443107073492257,0.7119238007333535,0.37265323151672886,0,0,1,0
0,0.10588544864678243,0.37711087875728455,0.5234187052694159,0.37265323151672886,0,0,1,0
0,0.11890593308829416,0.4635017050034585,0.07431499903070728,0.4568734218781583,0,0,0,0
0,0.0648116170535015,0.4520130284237646,0.07431499903070728,0.4568734218781583,0,0,0,0
0,0.028793075412066747,0.15300703689620299,0.13655988961459878,0.15659063436336962,0,0,0,0
0,0.158132692479218,0.4304975605510004,0.5234187052694159,0.37265323151672886,0,0,1,0
0,0.03995668961929802,0.288754197769401,0.07431499903070728,0.23888391686748214,0,0,0,0
0,0.22719008797046933,0.5945789274463904,0.07431499903070728,0.4568734218781583,0,1,0,0
0,0.35420543465159715,0.5045443578358061,0.07431499903070728,0.6545986309349229,0,1,0,1
0,0.24113961687393162,0.5060514200277572,0.043146073851833694,0.2909786896464161,0,1,0,0
1,0.93457079028685,0.25233991351442636,0.9249893275964554,0.3978439138821537,1,0,1,0
1,0.4236447098836585,0.506747718594771,0.5234187052694159,0.701098738389222,0,1,1,1
0,0.08993997812972856,0.4913816128536008,0.07431499903070728,0.3978439138821537,0,0,0,0
0,0.1403548881873682,0.2485244303761292,0.07103470408429507,0.2909786896464161,0,0,0,0
0,0.9907084900667732,0.39564492091122094,0.9249893275964554,0.3978439138821537,1,0,1,0
0,0.03209769580368314,0.25835738664478236,0.07431499903070728,0.2909786896464161,0,0,0,0
1,0.9959981875629007,0.9632517450202722,0.8761146978001559,0.9479097084107246,1,1,1,1
0,0.13473137328296678,0.4257842989101497,0.07431499903070728,0.6545986309349229,0,0,0,1
0,0.15811795139804694,0.40766427379671416,0.13655988961459878,0.3978439138821537,0,0,0,0
1,0.30228360764695167,0.44392408170359704,0.5234187052694159,0.701098738389222,0,0,1,1
0,0.15009111378316317,0.49036444789423317,0.07431499903070728,0.37265323151672886,0,0,0,0
0,0.17052321063243925,0.24070623630042523,0.07103470408429507,0.2909786896464161,0,0,0,0
1,0.6288130246865979,0.5829276330976858,0.7119238007333535,0.6545986309349229,1,1,1,1
0,0.26421516186683763,0.5352755682320475,0.07431499903070728,0.3978439138821537,0,1,0,0
0,0.31101479223957085,0.6236390628384699,0.07431499903070728,0.3978439138821537,0,1,0,0
1,0.9745440905451999,0.8588298057866147,0.9602234262685618,0.9269601406234662,1,1,1,1
0,0.05196051192556644,0.3247284530879035,0.07431499903070728,0.3978439138821537,0,0,0,0
0,0.10897667912745436,0.34570540479937095,0.07431499903070728,0.6545986309349229,0,0,0,1
0,0.14642475462371307,0.3878597389892253,0.13655988961459878,0.3978439138821537,0,0,0,0
0,0.029199882942126845,0.2046765069758386,0.07431499903070728,0.15659063436336962,0,0,0,0
0,0.2108959503589613,0.4223230456091051,0.5234187052694159,0.37265323151672886,0,0,1,0
0,0.12579576898586134,0.3848533625591588,0.13655988961459878,0.3978439138821537,0,0,0,0
0,0.8677436009698599,0.3748591685091932,0.8761146978001559,0.3978439138821537,1,0,1,0
0,0.06256035733605497,0.3162492498286767,0.07431499903070728,0.2909786896464161,0,0,0,0
0,0.5922408168562963,0.4984024939378584,0.07103470408429507,0.23888391686748214,1,0,0,0
0,0.5481928310070602,0.777371527914937,0.4986819481082508,0.3978439138821537,1,1,0,0
0,0.28569937138865054,0.4353713146118477,0.043146073851833694,0.2909786896464161,0,0,0,0
1,0.9307239219765798,0.7317744201625472,0.7849054919390522,0.701098738389222,1,1,1,1
0,0.5669671656465863,0.708554490462797,0.07431499903070728,0.701098738389222,1,1,0,1
0,0.15552565634489401,0.429671902549142,0.13655988961459878,0.3978439138821537,0,0,0,0
0,0.42437495608708065,0.5496602906397166,0.5234187052694159,0.701098738389222,0,1,1,1
0,0.21755826744907764,0.4933211154286558,0.07431499903070728,0.701098738389222,0,0,0,1
0,0.022708491718915893,0.20548054587149775,0.07431499903070728,0.15659063436336962,0,0,0,0
1,0.9953850406366155,0.9691834225172778,0.9602234262685618,0.9479097084107246,1,1,1,1
0,0.12572530524274975,0.5291339173750541,0.07431499903070728,0.4568734218781583,0,1,0,0
0,0.07999467712347824,0.3102192492472213,0.07431499903070728,0.3978439138821537,0,0,0,0
0,0.127368074535835,0.5292031512281636,0.07431499903070728,0.701098738389222,0,1,0,1
0,0.5034068989896829,0.40655049594282233,0.7119238007333535,0.701098738389222,1,0,1,1
0,0.15149123726942645,0.4039244340426567,0.5234187052694159,0.6545986309349229,0,0,1,1
0,0.019167004171319536,0.1888107855605875,0.07431499903070728,0.15659063436336962,0,0,0,0
0,0.5501015974993342,0.2840609096047119,0.8761146978001559,0.3978439138821537,1,0,1,0
0,0.07765029162537783,0.22471713374089203,0.13655988961459878,0.3978439138821537,0,0,0,0
0,0.3155846895426014,0.34893425281703955,0.07103470408429507,0.23888391686748214,0,0,0,0
0,0.46339417714961567,0.3011577590282979,0.33476237395442404,0.15659063436336962,0,0,0,0
0,0.17349209629174517,0.4458291133770177,0.07431499903070728,0.701098738389222,0,0,0,1
0,0.9938580924936191,0.6549001181650179,0.9249893275964554,0.701098738389222,1,1,1,1
0,0.3020258180792169,0.3510562336567038,0.4472301288753701,0.3978439138821537,0,0,0,0
0,0.9197071408576185,0.46722927012503657,0.8761146978001559,0.3978439138821537,1,0,1,0
0,0.5216823405530951,0.6846468737936137,0.13655988961459878,0.3978439138821537,1,1,0,0
0,0.2838460394430311,0.5859833266283155,0.5234187052694159,0.4568734218781583,0,1,1,0
0,0.16167120190058795,0.3388818457916712,0.043146073851833694,0.23888391686748214,0,0,0,0
0,0.12420141295217367,0.39566458847014474,0.13655988961459878,0.3978439138821537,0,0,0,0
0,0.37528524790143486,0.8109319743036584,0.0,0.8342236211422674,0,1,0,1
0,0.041208858997797644,0.24946427020815468,0.07431499903070728,0.3978439138821537,0,0,0,0
0,0.45839561857252165,0.37310879166968897,0.7119238007333535,0.37265323151672886,0,0,1,0
0,0.4894287635742296,0.5583556373426051,0.13655988961459878,0.3978439138821537,0,1,0,0
0,0.05784910821808241,0.29073747465869165,0.13655988961459878,0.3978439138821537,0,0,0,0
0,0.07425808543958996,0.3136900696220035,0.07431499903070728,0.3978439138821537,0,0,0,0
0,0.2610055590684097,0.5785293303596171,0.07431499903070728,0.3978439138821537,0,1,0,0
1,0.89153329662804,0.8358817825731806,0.7119238007333535,0.701098738389222,1,1,1,1
0,0.03707342670873582,0.1325965913198955,0.07103470408429507,0.15659063436336962,0,0,0,0
1,0.7627985413596877,0.3698254728940308,0.7849054919390522,0.3978439138821537,1,0,1,0
0,0.22544246177371777,0.5622640428830725,0.07431499903070728,0.3978439138821537,0,1,0,0
0,0.049398238748444755,0.26630184476095303,0.07431499903070728,0.2909786896464161,0,0,0,0
0,0.13437288987532747,0.47958597617935184,0.07431499903070728,0.3978439138821537,0,0,0,0
0,0.11433513998183047,0.38414438220947356,0.07431499903070728,0.3978439138821537,0,0,0,0
0,0.1549975653043379,0.4168503348605323,0.13655988961459878,0.3978439138821537,0,0,0,0
0,0.04894610562272016,0.2577653321222794,0.5234187052694159,0.4568734218781583,0,0,1,0
0,0.24855341024875954,0.5130516173412194,0.07431499903070728,0.3978439138821537,0,1,0,0
0,0.1365543491947696,0.503433983824584,0.07431499903070728,0.3978439138821537,0,1,0,0
0,0.44938810776003824,0.5547302879924367,0.13655988961459878,0.3978439138821537,0,1,0,0
0,0.24075982855212044,0.4819889744711335,0.5234187052694159,0.6545986309349229,0,0,1,1
0,0.23732865144468593,0.4467191246115109,0.07431499903070728,0.701098738389222,0,0,0,1
0,0.11789153273799204,0.2655027671209928,0.7119238007333535,0.37265323151672886,0,0,1,0
0,0.9969275376191397,0.37082633518979585,0.9249893275964554,0.8919618540568964,1,0,1,1
0,0.07360835779877363,0.3824711406521934,0.07431499903070728,0.3978439138821537,0,0,0,0
0,0.026091227695707337,0.20748032199266686,0.07431499903070728,0.2909786896464161,0,0,0,0
1,0.9975749710462348,0.45743342993407493,0.9249893275964554,0.3978439138821537,1,0,1,0
0,0.13205948302635806,0.32143827048722273,0.07431499903070728,0.3978439138821537,0,0,0,0
0,0.10651865303366391,0.3856097697571969,0.07431499903070728,0.3978439138821537,0,0,0,0
0,0.3639162013485384,0.6521257823604406,0.07431499903070728,0.4568734218781583,0,1,0,0
0,0.6710279236744908,0.5548646216330387,0.4472301288753701,0.3978439138821537,1,1,0,0
0,0.3376440334629966,0.5078194549276559,0.5234187052694159,0.37265323151672886,0,1,1,0
0,0.7155429268435776,0.6032248156339592,0.4472301288753701,0.3978439138821537,1,1,0,0
0,0.21067488977818638,0.37309031204136694,0.5234187052694159,0.37265323151672886,0,0,1,0
0,0.3072561049153431,0.37753122232037034,0.4472301288753701,0.3978439138821537,0,0,0,0
0,0.009629458550174436,0.10501742189625256,0.13655988961459878,0.15659063436336962,0,0,0,0
0,0.19859173256095447,0.5448395691756471,0.07431499903070728,0.4568734218781583,0,1,0,0
1,0.9677189847553976,0.7856440339296474,0.7849054919390522,0.701098738389222,1,1,1,1
0,0.10118589601134315,0.41172277441719224,0.07431499903070728,0.37265323151672886,0,0,0,0
0,0.6266541999540151,0.8430765835062681,0.7563345524221652,0.9479097084107246,1,1,1,1
0,0.19035578215192622,0.4616818537267648,0.07431499903070728,0.23888391686748214,0,0,0,0
0,0.17828668480124948,0.40729303666694494,0.07431499903070728,0.2909786896464161,0,0,0,0
0,0.8179257760923075,0.3955862443377939,0.8761146978001559,0.3978439138821537,1,0,1,0
0,0.9077230194981123,0.25986749337098985,0.9249893275964554,0.3978439138821537,1,0,1,0
0,0.09892421853538838,0.49859329145452935,0.07431499903070728,0.4568734218781583,0,0,0,0
0,0.05702301114077717,0.18821701917370345,0.07103470408429507,0.15659063436336962,0,0,0,0
0,0.05025409041701623,0.21480013546788349,0.13655988961459878,0.2909786896464161,0,0,0,0
1,0.33220715444161514,0.3879808653976071,0.7119238007333535,0.701098738389222,0,0,1,1
0,0.31474716023944654,0.4813901601608279,0.4472301288753701,0.3978439138821537,0,0,0,0
0,0.07840257895819464,0.3135052993531806,0.07431499903070728,0.2909786896464161,0,0,0,0
0,0.2842139550640688,0.5661837168591666,0.07431499903070728,0.701098738389222,0,1,0,1
0,0.19725709783138498,0.4779086222169231,0.07431499903070728,0.701098738389222,0,0,0,1
0,0.4124003623863299,0.5832509855423447,0.07431499903070728,0.3978439138821537,0,1,0,0
0,0.26706587926421144,0.4426396387264044,0.4472301288753701,0.3978439138821537,0,0,0,0
0,0.5937373479252134,0.5720456160501831,0.7119238007333535,0.701098738389222,1,1,1,1
1,0.6079464357173255,0.6625678162721174,0.13655988961459878,0.3978439138821537,1,1,0,0
0,0.10390295814826576,0.44665622979208325,0.07431499903070728,0.23888391686748214,0,0,0,0
0,0.08282206779574537,0.42387741032126236,0.07431499903070728,0.2909786896464161,0,0,0,0
0,0.4326329714494705,0.6740413468892718,0.5234187052694159,0.701098738389222,0,1,1,1
0,0.19152527150528345,0.22079934212709992,0.07103470408429507,0.15659063436336962,0,0,0,0
0,0.17256473390725505,0.3027470051523728,0.07103470408429507,0.2909786896464161,0,0,0,0
0,0.39281433819228767,0.6050592413466149,0.5234187052694159,0.6545986309349229,0,1,1,1
0,0.4563579984682082,0.6391553500589112,0.5234187052694159,0.37265323151672886,0,1,1,0
0,0.08707515443941903,0.4327267691401566,0.07431499903070728,0.4568734218781583,0,0,0,0
0,0.16694936378171968,0.38014509683408154,0.043146073851833694,0.23888391686748214,0,0,0,0
0,0.3656828811361565,0.5202242805533095,0.7119238007333535,0.37265323151672886,0,1,1,0
0,0.07000173066655513,0.34037205983621177,0.07431499903070728,0.3978439138821537,0,0,0,0
0,0.16072132051640706,0.3479988707939441,0.13655988961459878,0.3978439138821537,0,0,0,0
0,0.6438334507523249,0.7355167406020315,0.07431499903070728,0.701098738389222,1,1,0,1
1,0.9695086687355087,0.8595314214660097,0.966188612902029,0.9479097084107246,1,1,1,1
0,0.7100630741209444,0.33617058297767805,0.7616858140337348,0.2909786896464161,1,0,1,0
0,0.13717809755759092,0.4160799775760833,0.07431499903070728,0.23888391686748214,0,0,0,0
0,0.3542590534300192,0.6016812859581047,0.07431499903070728,0.701098738389222,0,1,0,1
0,0.07740009556220792,0.28423259943643464,0.13655988961459878,0.3978439138821537,0,0,0,0
0,0.44225701703093223,0.6199158395352792,0.5234187052694159,0.4568734218781583,0,1,1,0
0,0.5158728514922994,0.3271386114225407,0.33476237395442404,0.2909786896464161,1,0,0,0
0,0.06535352213073556,0.3485699734186306,0.07431499903070728,0.23888391686748214,0,0,0,0
0,0.30561476054528736,0.4318401592522856,0.07103470408429507,0.2909786896464161,0,0,0,0
0,0.41368272113983756,0.4671541692953224,0.13655988961459878,0.3978439138821537,0,0,0,0
0,0.6346749292307631,0.7432982120642211,0.5234187052694159,0.701098738389222,1,1,1,1
0,0.13716961969680586,0.22508052210505958,0.07103470408429507,0.15659063436336962,0,0,0,0
0,0.05372070218779643,0.22071029201105663,0.13655988961459878,0.15659063436336962,0,0,0,0
0,0.03366207916097825,0.2494651450219377,0.5234187052694159,0.4568734218781583,0,0,1,0
0,0.27377136118861506,0.47613975990295154,0.5234187052694159,0.37265323151672886,0,0,1,0
0,0.6020548952829555,0.4239182607463596,0.33476237395442404,0.15659063436336962,1,0,0,0
0,0.015769730214063186,0.13599401308317535,0.13655988961459878,0.47969074013403357,0,0,0,0
1,0.9089891341157348,0.814926089021836,0.9602234262685618,0.9269601406234662,1,1,1,1
0,0.05652983146023081,0.2327698826448832,0.13655988961459878,0.15659063436336962,0,0,0,0
0,0.025970806773992276,0.10019283231434191,0.07103470408429507,0.15659063436336962,0,0,0,0
0,0.2904866469355257,0.47768289314514173,0.5234187052694159,0.37265323151672886,0,0,1,0
0,0.07005714445331906,0.26958333069654683,0.13655988961459878,0.2909786896464161,0,0,0,0
0,0.18071544320025915,0.4831634658865914,0.07431499903070728,0.3978439138821537,0,0,0,0
0,0.01888597402619222,0.14499857955940512,0.043146073851833694,0.23888391686748214,0,0,0,0
0,0.02043741755153486,0.16237499405126016,0.07431499903070728,0.2909786896464161,0,0,0,0
1,0.8927668141400804,0.38709040179510595,0.9249893275964554,0.3978439138821537,1,0,1,0
0,0.2661677643399635,0.45953111032197413,0.7119238007333535,0.4568734218781583,0,0,1,0
0,0.09177358132850845,0.35419951242209813,0.07431499903070728,0.23888391686748214,0,0,0,0
0,0.011500216008852206,0.16001866305255802,0.07431499903070728,0.15659063436336962,0,0,0,0
0,0.2886288772399736,0.4005659113245114,0.5234187052694159,0.701098738389222,0,0,1,1
0,0.156828068036478,0.4427661078939255,0.07431499903070728,0.37265323151672886,0,0,0,0
0,0.14753133792415205,0.34244450518204067,0.13655988961459878,0.3978439138821537,0,0,0,0
0,0.8273649302937823,0.74239063713103,0.5234187052694159,0.701098738389222,1,1,1,1
0,0.11260171085499528,0.1872279541228938,0.07103470408429507,0.15659063436336962,0,0,0,0
0,0.7091685980319034,0.6379349036643073,0.7119238007333535,0.701098738389222,1,1,1,1
0,0.5487399215708223,0.30667569007532974,0.624061140007934,0.23888391686748214,1,0,1,0
1,0.37310566378191906,0.5338508569872114,0.13655988961459878,0.3978439138821537,0,1,0,0
1,0.8433208899530157,0.4855720441095103,0.8761146978001559,0.3978439138821537,1,0,1,0
0,0.06771241329775837,0.16539934887226282,0.07103470408429507,0.15659063436336962,0,0,0,0
0,0.1592136187081745,0.40382051675325414,0.5234187052694159,0.37265323151672886,0,0,1,0
0,0.07043304131868251,0.3160175012563281,0.13655988961459878,0.3978439138821537,0,0,0,0
0,0.057446720562216516,0.3700357339070891,0.07431499903070728,0.4568734218781583,0,0,0,0
0,0.291162173140023,0.3333393817737031,0.13655988961459878,0.3978439138821537,0,0,0,0
0,0.11695514901403557,0.45738941405369665,0.07431499903070728,0.3978439138821537,0,0,0,0
1,0.9140085757796729,0.8399895688767788,0.9602234262685618,0.9479097084107246,1,1,1,1
0,0.1828056804306655,0.2508801591088127,0.07103470408429507,0.2909786896464161,0,0,0,0
0,0.09551669413578355,0.40080766690128183,0.07431499903070728,0.2909786896464161,0,0,0,0
0,0.19759938279696102,0.4458479337328494,0.07431499903070728,0.6545986309349229,0,0,0,1
0,0.0416544444944464,0.21598323863500157,0.07431499903070728,0.2909786896464161,0,0,0,0
0,0.0419059040753682,0.21623809848776038,0.07431499903070728,0.3978439138821537,0,0,0,0
0,0.04317801969526743,0.26979955769699204,0.07431499903070728,0.23888391686748214,0,0,0,0
0,0.07906782451708236,0.12714672169763674,0.07103470408429507,0.15659063436336962,0,0,0,0
0,0.5892734999134203,0.8285238745751998,0.0,0.0,1,1,0,0
0,0.14623308194037224,0.3976150180015746,0.5234187052694159,0.37265323151672886,0,0,1,0
0,0.45293741196204473,0.4116021243097651,0.4472301288753701,0.3978439138821537,0,0,0,0
0,0.44739775596046527,0.5549086798851278,0.7119238007333535,0.4568734218781583,0,1,1,0
0,0.1770332618058851,0.4166866138445174,0.043146073851833694,0.2909786896464161,0,0,0,0
0,0.5308895399335218,0.6123289017990462,0.5234187052694159,0.701098738389222,1,1,1,1
1,0.9858698524136482,0.40091410214188145,0.9249893275964554,0.37265323151672886,1,0,1,0
0,0.2724438819699135,0.520058751661991,0.5234187052694159,0.4568734218781583,0,1,1,0
0,0.09178736432683983,0.3841299783171553,0.13655988961459878,0.3978439138821537,0,0,0,0
0,0.4049885471879972,0.5939366208994439,0.5234187052694159,0.701098738389222,0,1,1,1
0,0.18247078283573007,0.4624760831827215,0.13655988961459878,0.3978439138821537,0,0,0,0
0,0.3837775097112606,0.18171652301338453,0.624061140007934,0.15659063436336962,0,0,1,0
0,0.03385605443607537,0.1858162222268789,0.13655988961459878,0.15659063436336962,0,0,0,0
0,0.02053819137657109,0.16761309281195144,0.13655988961459878,0.23888391686748214,0,0,0,0
0,0.09736929206639554,0.3146105471256086,0.13655988961459878,0.2909786896464161,0,0,0,0
0,0.30319162178221104,0.45040502700210777,0.13655988961459878,0.3978439138821537,0,0,0,0
0,0.10551832243079914,0.41605508179693246,0.07431499903070728,0.37265323151672886,0,0,0,0
0,0.22802097721584857,0.5080899683937702,0.07431499903070728,0.37265323151672886,0,1,0,0
1,0.5698578903446496,0.171656789100578,0.7616858140337348,0.2909786896464161,1,0,1,0
0,0.02420940830803296,0.11519877500522471,0.13655988961459878,0.23888391686748214,0,0,0,0
0,0.0582225085615664,0.3008478658529064,0.07431499903070728,0.2909786896464161,0,0,0,0
0,0.08473744746416806,0.36925327664433266,0.07431499903070728,0.3978439138821537,0,0,0,0
0,0.10777412383802625,0.30440533166740175,0.13655988961459878,0.3978439138821537,0,0,0,0
1,0.9998317178211997,0.4211084405524251,0.9249893275964554,0.701098738389222,1,0,1,1
0,0.07854217217893601,0.27354351221519885,0.13655988961459878,0.2909786896464161,0,0,0,0
1,0.938193789746901,0.38103128641485245,0.9249893275964554,0.3978439138821537,1,0,1,0
0,0.3314961802472349,0.37083065147365085,0.4472301288753701,0.3978439138821537,0,0,0,0
1,0.36052381922048116,0.6217908991064526,0.07431499903070728,0.3978439138821537,0,1,0,0
1,0.6268047054537156,0.49840715794675255,0.4472301288753701,0.3978439138821537,1,0,0,0
0,0.7569646354610384,0.6493642369131047,0.7119238007333535,0.701098738389222,1,1,1,1
0,0.12406437579884967,0.3695857977069014,0.07431499903070728,0.3978439138821537,0,0,0,0
1,0.9401637487247615,0.9521457444856122,0.9602234262685618,0.9479097084107246,1,1,1,1
0,0.059764253652907,0.3674410133317995,0.07431499903070728,0.3978439138821537,0,0,0,0
0,0.17545993166479656,0.4143209093640201,0.5234187052694159,0.37265323151672886,0,0,1,0
0,0.13383116384427088,0.3440732993022244,0.043146073851833694,0.23888391686748214,0,0,0,0
0,0.5763203652427008,0.5900826751105446,0.5234187052694159,0.701098738389222,1,1,1,1
0,0.36443571790374185,0.41710378140357895,0.7119238007333535,0.37265323151672886,0,0,1,0
0,0.2567373563089127,0.4688079565146271,0.13655988961459878,0.3978439138821537,0,0,0,0
0,0.0437834690275748,0.3347859078768235,0.07431499903070728,0.3978439138821537,0,0,0,0
0,0.3701755172949693,0.6825913454653052,0.07431499903070728,0.808688118677574,0,1,0,1
0,0.07227710027644732,0.2810124990369025,0.07431499903070728,0.3978439138821537,0,0,0,0
0,0.2845285496704288,0.5265132921010877,0.07431499903070728,0.701098738389222,0,1,0,1
0,0.08554553121151565,0.2077553107497499,0.07103470408429507,0.2909786896464161,0,0,0,0
0,0.28892682789572555,0.41451878402668957,0.4472301288753701,0.3978439138821537,0,0,0,0
0,0.1784767599239619,0.423700830884575,0.13655988961459878,0.3978439138821537,0,0,0,0
0,0.2679312203673353,0.40189355508663027,0.5234187052694159,0.701098738389222,0,0,1,1
1,0.844015382206484,0.8555633313333599,0.9602234262685618,0.9479097084107246,1,1,1,1
0,0.3360290933184854,0.48939388720004307,0.5234187052694159,0.37265323151672886,0,0,1,0
1,0.9385821713166667,0.8053074973265694,0.7119238007333535,0.701098738389222,1,1,1,1
0,0.6604141999830139,0.7672295046394875,0.13655988961459878,0.3978439138821537,1,1,0,0
0,0.80863984434708,0.475607651005104,0.7849054919390522,0.37265323151672886,1,0,1,0
0,0.04819551051057089,0.22743711570544742,0.13655988961459878,0.2909786896464161,0,0,0,0
0,0.0100275131421448,0.16555704362319054,0.07431499903070728,0.37265323151672886,0,0,0,0
0,0.04609898787723121,0.16652218966862783,0.13655988961459878,0.15659063436336962,0,0,0,0
0,0.009163043677865204,0.14747317157490514,0.07431499903070728,0.2909786896464161,0,0,0,0
1,0.8280130912421768,0.4486764855608169,0.7849054919390522,0.701098738389222,1,0,1,1
1,0.8852772085250977,0.7449074493048838,0.7119238007333535,0.701098738389222,1,1,1,1
0,0.09005177787833017,0.2896626496005515,0.4472301288753701,0.3978439138821537,0,0,0,0
0,0.21255147294967738,0.4786758890979264,0.13655988961459878,0.3978439138821537,0,0,0,0
0,0.27414883925136846,0.48599256146687353,0.07431499903070728,0.3978439138821537,0,0,0,0
0,0.05958825844064532,0.4090766854069617,0.07431499903070728,0.3978439138821537,0,0,0,0
0,0.2221993283443472,0.5076239888347845,0.07431499903070728,0.3978439138821537,0,1,0,0
0,0.01729407135193238,0.12071539746794836,0.13655988961459878,0.15659063436336962,0,0,0,0
0,0.36622544045119626,0.4460432318444427,0.7119238007333535,0.37265323151672886,0,0,1,0
1,0.731448924850917,0.5731841443630828,0.7119238007333535,0.701098738389222,1,1,1,1
0,0.45806374862522725,0.633146929841091,0.13655988961459878,0.3978439138821537,0,1,0,0
0,0.12521943508092992,0.4248658353684136,0.13655988961459878,0.3978439138821537,0,0,0,0
0,0.03677305220155326,0.1609514000977756,0.13655988961459878,0.15659063436336962,0,0,0,0
0,0.5060410931153559,0.7717197901342364,0.7512025309012217,0.3978439138821537,1,1,1,0
0,0.07537257366828738,0.3039734365679399,0.07431499903070728,0.15659063436336962,0,0,0,0
0,0.7495059562090932,0.7543290807111225,0.13655988961459878,0.3978439138821537,1,1,0,0
0,0.03218317161236185,0.2199039846283483,0.07431499903070728,0.2909786896464161,0,0,0,0
1,0.9254850811308861,0.9536213727658668,0.7563345524221652,0.9479097084107246,1,1,1,1
0,0.17097688089852672,0.39994801986751505,0.5234187052694159,0.4568734218781583,0,0,1,0
0,0.16735507063709132,0.47398071918869716,0.07431499903070728,0.3978439138821537,0,0,0,0
0,0.9169276567254806,0.7456972535803896,0.7119238007333535,0.701098738389222,1,1,1,1
0,0.17106715340352097,0.3771026492040941,0.4472301288753701,0.3978439138821537,0,0,0,0
0,0.6223109147353623,0.2726243161290579,0.7616858140337348,0.23888391686748214,1,0,1,0
0,0.0530184427358325,0.3071475798987562,0.5234187052694159,0.4568734218781583,0,0,1,0
0,0.1694872481618959,0.31550178068540996,0.7119238007333535,0.4568734218781583,0,0,1,0
0,0.7284157549196963,0.38947669772493043,0.8761146978001559,0.4568734218781583,1,0,1,0
0,0.36110949959515176,0.37554232420905015,0.4472301288753701,0.3978439138821537,0,0,0,0
0,0.17758080908079762,0.3254541926272005,0.07103470408429507,0.23888391686748214,0,0,0,0
0,0.937742479265876,0.8399884921314105,0.7119238007333535,0.701098738389222,1,1,1,1
0,0.10927565199447375,0.38561694744959807,0.07431499903070728,0.3978439138821537,0,0,0,0
0,0.1012180036303153,0.38013424697049075,0.07431499903070728,0.3978439138821537,0,0,0,0
0,0.7653847154325043,0.7685552639400832,0.7119238007333535,0.701098738389222,1,1,1,1
1,0.8949197717092734,0.9108230391947134,0.9602234262685618,0.9479097084107246,1,1,1,1
1,0.5707064798343313,0.37971726558934954,0.8761146978001559,0.4568734218781583,1,0,1,0
0,0.09618089495038346,0.4046928967985407,0.07431499903070728,0.37265323151672886,0,0,0,0
0,0.14129650098053403,0.38321452249799137,0.5234187052694159,0.37265323151672886,0,0,1,0
0,0.07861752003565561,0.20910605248096398,0.13655988961459878,0.2909786896464161,0,0,0,0
1,0.8046705453412828,0.5552954398315398,0.4472301288753701,0.3978439138821537,1,1,0,0
0,0.07073679714672158,0.15852864503081326,0.07103470408429507,0.15659063436336962,0,0,0,0
0,0.21222478989672017,0.4415825078228993,0.5234187052694159,0.37265323151672886,0,0,1,0
0,0.11499449438737727,0.2592990082054335,0.07103470408429507,0.2909786896464161,0,0,0,0
1,0.7463149273763042,0.8163813085782305,0.5234187052694159,0.701098738389222,1,1,1,1
0,0.18382396079277266,0.5439306830586051,0.07431499903070728,0.37265323151672886,0,1,0,0
0,0.9839474789942215,0.503240861852966,0.8797509975750424,0.23888391686748214,1,1,1,0
0,0.2719237901149954,0.5263940928751786,0.07431499903070728,0.701098738389222,0,1,0,1
0,0.4643255981064908,0.5858807236726515,0.5234187052694159,0.701098738389222,0,1,1,1
0,0.76825471014849,0.6348551695368461,0.7119238007333535,0.701098738389222,1,1,1,1
0,0.02050814061446973,0.1785588000928567,0.07431499903070728,0.15659063436336962,0,0,0,0
0,0.5518873914506288,0.7224087102381639,0.5234187052694159,0.701098738389222,1,1,1,1
0,0.5121574383691068,0.6089028302654331,0.5234187052694159,0.701098738389222,1,1,1,1
0,0.00999621893275188,0.1857167209805424,0.07431499903070728,0.23888391686748214,0,0,0,0
0,0.021515937428747016,0.2077528475500216,0.07431499903070728,0.15659063436336962,0,0,0,0
0,0.4839522726455194,0.6164704871990607,0.5234187052694159,0.37265323151672886,0,1,1,0
0,0.30190990096255266,0.49747997922424225,0.13655988961459878,0.3978439138821537,0,0,0,0
0,0.6068768532573653,0.7614938298833678,0.07431499903070728,0.701098738389222,1,1,0,1
1,0.7694236215975048,0.7029308963168511,0.4472301288753701,0.808688118677574,1,1,0,1
0,0.6558724717347953,0.37186785313678783,0.7849054919390522,0.3978439138821537,1,0,1,0
0,0.40232570899725967,0.4877434525155047,0.13655988961459878,0.3978439138821537,0,0,0,0
0,0.15567220498194045,0.3463711087601628,0.13655988961459878,0.3978439138821537,0,0,0,0
0,0.8378830655686798,0.8562100802620087,0.4986819481082508,0.701098738389222,1,1,0,1
0,0.47733536955667616,0.7599767339893096,0.07431499903070728,0.701098738389222,0,1,0,1
0,0.18002995351576215,0.5957854000747819,0.07431499903070728,0.4568734218781583,0,1,0,0
1,0.8326309594410607,0.8290745286249271,0.5234187052694159,0.701098738389222,1,1,1,1
0,0.7588916655696627,0.8915924730506836,0.7563345524221652,0.9479097084107246,1,1,1,1
0,0.12182208841324946,0.33330628942824553,0.07431499903070728,0.3978439138821537,0,0,0,0
0,0.4978568154213828,0.7912782809115446,0.7563345524221652,0.9269601406234662,0,1,1,1
0,0.07022472201582028,0.30006243041666364,0.13655988961459878,0.3978439138821537,0,0,0,0
0,0.020767212366155086,0.25302183666589656,0.07431499903070728,0.37265323151672886,0,0,0,0
0,0.10426668157499679,0.3735603097606176,0.07431499903070728,0.37265323151672886,0,0,0,0
1,0.6764722282004175,0.6804339874290029,0.5234187052694159,0.701098738389222,1,1,1,1
0,0.7573422893728928,0.8810865253511421,0.0,0.8342236211422674,1,1,0,1
1,0.5469556901628182,0.2763550357141513,0.624061140007934,0.23888391686748214,1,0,1,0
0,0.1463870168560798,0.3850398704795878,0.043146073851833694,0.23888391686748214,0,0,0,0
0,0.067728929563203,0.4189466372489583,0.07431499903070728,0.3978439138821537,0,0,0,0
1,0.96211806950594,0.4087877454080018,0.9249893275964554,0.3978439138821537,1,0,1,0
0,0.17810516015955083,0.4792380526658968,0.07431499903070728,0.37265323151672886,0,0,0,0
0,0.1825655579691963,0.4279326992207991,0.043146073851833694,0.23888391686748214,0,0,0,0
0,0.9413435259995391,0.8668584520590391,0.9602234262685618,0.8342236211422674,1,1,1,1
0,0.0548218447574414,0.24330722798441853,0.13655988961459878,0.15659063436336962,0,0,0,0
0,0.004376550184868775,0.11216166514893036,0.07431499903070728,0.2909786896464161,0,0,0,0
0,0.6079586726641112,0.7699010482792432,0.4986819481082508,0.701098738389222,1,1,0,1
0,0.2808327458464932,0.6287256667884068,0.07431499903070728,0.701098738389222,0,1,0,1
0,0.21041277386140633,0.47242336283244424,0.07431499903070728,0.37265323151672886,0,0,0,0
0,0.09635951587975275,0.20254437382241236,0.07103470408429507,0.23888391686748214,0,0,0,0
0,0.6607679048231292,0.6655013300516242,0.7119238007333535,0.701098738389222,1,1,1,1
0,0.6980004735940114,0.544280540586773,0.7119238007333535,0.701098738389222,1,1,1,1
0,0.9405915667788228,0.8721046749692765,0.9602234262685618,0.9479097084107246,1,1,1,1
1,0.9390211196545306,0.938952001989662,0.7563345524221652,0.9479097084107246,1,1,1,1
0,0.5691701069870628,0.5896772631551288,0.7119238007333535,0.701098738389222,1,1,1,1
0,0.09609425307631905,0.37085040513925926,0.5234187052694159,0.4568734218781583,0,0,1,0
0,0.718871744020153,0.5066303016915836,0.7849054919390522,0.3978439138821537,1,1,1,0
0,0.026236213069241256,0.17014538071850038,0.07431499903070728,0.15659063436336962,0,0,0,0
0,0.12374109318255681,0.4889818217642569,0.07431499903070728,0.23888391686748214,0,0,0,0
1,0.42831468573748366,0.48685222279268503,0.7119238007333535,0.37265323151672886,0,0,1,0
0,0.053821075227586564,0.2752991361882778,0.5234187052694159,0.4568734218781583,0,0,1,0
1,0.6925362458257435,0.7369479481022139,0.5234187052694159,0.701098738389222,1,1,1,1
0,0.9505169560285726,0.7672167686494719,0.7849054919390522,0.701098738389222,1,1,1,1
1,0.9669170006364989,0.5492015581192917,0.9249893275964554,0.4568734218781583,1,1,1,0
0,0.13704151938703274,0.3666292828802429,0.043146073851833694,0.23888391686748214,0,0,0,0
0,0.016679440531546717,0.17435559908908,0.07431499903070728,0.15659063436336962,0,0,0,0
0,0.04588720194066252,0.10668867963560362,0.641289481962736,0.23888391686748214,0,0,1,0
0,0.14163843325963896,0.47617695668272003,0.07431499903070728,0.37265323151672886,0,0,0,0
0,0.24699478815407372,0.5496119321679155,0.07431499903070728,0.701098738389222,0,1,0,1
0,0.09181194481564799,0.17772401124718962,0.07103470408429507,0.15659063436336962,0,0,0,0
0,0.37270138659713065,0.20733249770845485,0.7616858140337348,0.2909786896464161,0,0,1,0
0,0.11519392114518917,0.3191155116823971,0.13655988961459878,0.3978439138821537,0,0,0,0
0,0.2913536611130694,0.40999493951895477,0.4472301288753701,0.3978439138821537,0,0,0,0
0,0.37840159973958915,0.5743162309342257,0.07431499903070728,0.701098738389222,0,1,0,1
0,0.1903826717654801,0.4072544082693869,0.07431499903070728,0.3978439138821537,0,0,0,0
